clip_path,gesture_label,person_id,take_number,source,keypoint_path,frame_count,split
data/raw_clips\ball_out\ball_out_p02_101.mp4,ball_out,p02,101,volunteer,data/keypoints\ball_out\ball_out_p02_101.npy,79,train
data/raw_clips\ball_out\ball_out_p02_102.mp4,ball_out,p02,102,volunteer,data/keypoints\ball_out\ball_out_p02_102.npy,71,train
data/raw_clips\ball_out\ball_out_p02_103.mp4,ball_out,p02,103,volunteer,data/keypoints\ball_out\ball_out_p02_103.npy,74,train
data/raw_clips\ball_out\ball_out_p02_104.mp4,ball_out,p02,104,volunteer,data/keypoints\ball_out\ball_out_p02_104.npy,72,train
data/raw_clips\ball_out\ball_out_p02_105.mp4,ball_out,p02,105,volunteer,data/keypoints\ball_out\ball_out_p02_105.npy,77,train
data/raw_clips\ball_out\ball_out_p02_106.mp4,ball_out,p02,106,volunteer,data/keypoints\ball_out\ball_out_p02_106.npy,74,train
data/raw_clips\ball_out\ball_out_p02_107.mp4,ball_out,p02,107,volunteer,data/keypoints\ball_out\ball_out_p02_107.npy,80,train
data/raw_clips\ball_out\ball_out_p02_108.mp4,ball_out,p02,108,volunteer,data/keypoints\ball_out\ball_out_p02_108.npy,77,train
data/raw_clips\ball_out\ball_out_p02_109.mp4,ball_out,p02,109,volunteer,data/keypoints\ball_out\ball_out_p02_109.npy,75,train
data/raw_clips\ball_out\ball_out_p02_110.mp4,ball_out,p02,110,volunteer,data/keypoints\ball_out\ball_out_p02_110.npy,75,train
data/raw_clips\ball_out\ball_out_p02_111.mp4,ball_out,p02,111,volunteer,data/keypoints\ball_out\ball_out_p02_111.npy,75,train
data/raw_clips\ball_out\ball_out_p02_112.mp4,ball_out,p02,112,volunteer,data/keypoints\ball_out\ball_out_p02_112.npy,70,train
data/raw_clips\ball_out\ball_out_p02_113.mp4,ball_out,p02,113,volunteer,data/keypoints\ball_out\ball_out_p02_113.npy,88,train
data/raw_clips\ball_out\ball_out_p02_114.mp4,ball_out,p02,114,volunteer,data/keypoints\ball_out\ball_out_p02_114.npy,81,train
data/raw_clips\ball_out\ball_out_p02_115.mp4,ball_out,p02,115,volunteer,data/keypoints\ball_out\ball_out_p02_115.npy,73,train
data/raw_clips\ball_out\ball_out_p02_116.mp4,ball_out,p02,116,volunteer,data/keypoints\ball_out\ball_out_p02_116.npy,78,train
data/raw_clips\ball_out\ball_out_p02_117.mp4,ball_out,p02,117,volunteer,data/keypoints\ball_out\ball_out_p02_117.npy,71,train
data/raw_clips\ball_out\ball_out_p02_118.mp4,ball_out,p02,118,volunteer,data/keypoints\ball_out\ball_out_p02_118.npy,75,train
data/raw_clips\ball_out\ball_out_p02_119.mp4,ball_out,p02,119,volunteer,data/keypoints\ball_out\ball_out_p02_119.npy,73,train
data/raw_clips\ball_out\ball_out_p02_120.mp4,ball_out,p02,120,volunteer,data/keypoints\ball_out\ball_out_p02_120.npy,76,train
data/raw_clips\ball_out\ball_out_p03_1.mp4,ball_out,p03,1,volunteer,data/keypoints\ball_out\ball_out_p03_1.npy,71,train
data/raw_clips\ball_out\ball_out_p03_10.mp4,ball_out,p03,10,volunteer,data/keypoints\ball_out\ball_out_p03_10.npy,60,train
data/raw_clips\ball_out\ball_out_p03_11.mp4,ball_out,p03,11,volunteer,data/keypoints\ball_out\ball_out_p03_11.npy,64,train
data/raw_clips\ball_out\ball_out_p03_12.mp4,ball_out,p03,12,volunteer,data/keypoints\ball_out\ball_out_p03_12.npy,66,train
data/raw_clips\ball_out\ball_out_p03_13.mp4,ball_out,p03,13,volunteer,data/keypoints\ball_out\ball_out_p03_13.npy,74,train
data/raw_clips\ball_out\ball_out_p03_14.mp4,ball_out,p03,14,volunteer,data/keypoints\ball_out\ball_out_p03_14.npy,72,train
data/raw_clips\ball_out\ball_out_p03_15.mp4,ball_out,p03,15,volunteer,data/keypoints\ball_out\ball_out_p03_15.npy,73,train
data/raw_clips\ball_out\ball_out_p03_16.mp4,ball_out,p03,16,volunteer,data/keypoints\ball_out\ball_out_p03_16.npy,66,train
data/raw_clips\ball_out\ball_out_p03_17.mp4,ball_out,p03,17,volunteer,data/keypoints\ball_out\ball_out_p03_17.npy,69,train
data/raw_clips\ball_out\ball_out_p03_18.mp4,ball_out,p03,18,volunteer,data/keypoints\ball_out\ball_out_p03_18.npy,71,train
data/raw_clips\ball_out\ball_out_p03_19.mp4,ball_out,p03,19,volunteer,data/keypoints\ball_out\ball_out_p03_19.npy,63,train
data/raw_clips\ball_out\ball_out_p03_2.mp4,ball_out,p03,2,volunteer,data/keypoints\ball_out\ball_out_p03_2.npy,68,train
data/raw_clips\ball_out\ball_out_p03_20.mp4,ball_out,p03,20,volunteer,data/keypoints\ball_out\ball_out_p03_20.npy,69,train
data/raw_clips\ball_out\ball_out_p03_21.mp4,ball_out,p03,21,volunteer,data/keypoints\ball_out\ball_out_p03_21.npy,72,train
data/raw_clips\ball_out\ball_out_p03_22.mp4,ball_out,p03,22,volunteer,data/keypoints\ball_out\ball_out_p03_22.npy,60,train
data/raw_clips\ball_out\ball_out_p03_23.mp4,ball_out,p03,23,volunteer,data/keypoints\ball_out\ball_out_p03_23.npy,72,train
data/raw_clips\ball_out\ball_out_p03_24.mp4,ball_out,p03,24,volunteer,data/keypoints\ball_out\ball_out_p03_24.npy,71,train
data/raw_clips\ball_out\ball_out_p03_25.mp4,ball_out,p03,25,volunteer,data/keypoints\ball_out\ball_out_p03_25.npy,69,train
data/raw_clips\ball_out\ball_out_p03_26.mp4,ball_out,p03,26,volunteer,data/keypoints\ball_out\ball_out_p03_26.npy,75,train
data/raw_clips\ball_out\ball_out_p03_27.mp4,ball_out,p03,27,volunteer,data/keypoints\ball_out\ball_out_p03_27.npy,72,train
data/raw_clips\ball_out\ball_out_p03_28.mp4,ball_out,p03,28,volunteer,data/keypoints\ball_out\ball_out_p03_28.npy,72,train
data/raw_clips\ball_out\ball_out_p03_29.mp4,ball_out,p03,29,volunteer,data/keypoints\ball_out\ball_out_p03_29.npy,75,train
data/raw_clips\ball_out\ball_out_p03_3.mp4,ball_out,p03,3,volunteer,data/keypoints\ball_out\ball_out_p03_3.npy,66,train
data/raw_clips\ball_out\ball_out_p03_30.mp4,ball_out,p03,30,volunteer,data/keypoints\ball_out\ball_out_p03_30.npy,63,train
data/raw_clips\ball_out\ball_out_p03_31.mp4,ball_out,p03,31,volunteer,data/keypoints\ball_out\ball_out_p03_31.npy,70,train
data/raw_clips\ball_out\ball_out_p03_32.mp4,ball_out,p03,32,volunteer,data/keypoints\ball_out\ball_out_p03_32.npy,78,train
data/raw_clips\ball_out\ball_out_p03_33.mp4,ball_out,p03,33,volunteer,data/keypoints\ball_out\ball_out_p03_33.npy,72,train
data/raw_clips\ball_out\ball_out_p03_34.mp4,ball_out,p03,34,volunteer,data/keypoints\ball_out\ball_out_p03_34.npy,64,train
data/raw_clips\ball_out\ball_out_p03_35.mp4,ball_out,p03,35,volunteer,data/keypoints\ball_out\ball_out_p03_35.npy,66,train
data/raw_clips\ball_out\ball_out_p03_36.mp4,ball_out,p03,36,volunteer,data/keypoints\ball_out\ball_out_p03_36.npy,68,train
data/raw_clips\ball_out\ball_out_p03_37.mp4,ball_out,p03,37,volunteer,data/keypoints\ball_out\ball_out_p03_37.npy,69,train
data/raw_clips\ball_out\ball_out_p03_38.mp4,ball_out,p03,38,volunteer,data/keypoints\ball_out\ball_out_p03_38.npy,65,train
data/raw_clips\ball_out\ball_out_p03_39.mp4,ball_out,p03,39,volunteer,data/keypoints\ball_out\ball_out_p03_39.npy,60,train
data/raw_clips\ball_out\ball_out_p03_4.mp4,ball_out,p03,4,volunteer,data/keypoints\ball_out\ball_out_p03_4.npy,72,train
data/raw_clips\ball_out\ball_out_p03_40.mp4,ball_out,p03,40,volunteer,data/keypoints\ball_out\ball_out_p03_40.npy,69,train
data/raw_clips\ball_out\ball_out_p03_41.mp4,ball_out,p03,41,volunteer,data/keypoints\ball_out\ball_out_p03_41.npy,67,train
data/raw_clips\ball_out\ball_out_p03_42.mp4,ball_out,p03,42,volunteer,data/keypoints\ball_out\ball_out_p03_42.npy,66,train
data/raw_clips\ball_out\ball_out_p03_43.mp4,ball_out,p03,43,volunteer,data/keypoints\ball_out\ball_out_p03_43.npy,69,train
data/raw_clips\ball_out\ball_out_p03_44.mp4,ball_out,p03,44,volunteer,data/keypoints\ball_out\ball_out_p03_44.npy,63,train
data/raw_clips\ball_out\ball_out_p03_45.mp4,ball_out,p03,45,volunteer,data/keypoints\ball_out\ball_out_p03_45.npy,73,train
data/raw_clips\ball_out\ball_out_p03_46.mp4,ball_out,p03,46,volunteer,data/keypoints\ball_out\ball_out_p03_46.npy,71,train
data/raw_clips\ball_out\ball_out_p03_47.mp4,ball_out,p03,47,volunteer,data/keypoints\ball_out\ball_out_p03_47.npy,65,train
data/raw_clips\ball_out\ball_out_p03_48.mp4,ball_out,p03,48,volunteer,data/keypoints\ball_out\ball_out_p03_48.npy,69,train
data/raw_clips\ball_out\ball_out_p03_49.mp4,ball_out,p03,49,volunteer,data/keypoints\ball_out\ball_out_p03_49.npy,72,train
data/raw_clips\ball_out\ball_out_p03_5.mp4,ball_out,p03,5,volunteer,data/keypoints\ball_out\ball_out_p03_5.npy,72,train
data/raw_clips\ball_out\ball_out_p03_50.mp4,ball_out,p03,50,volunteer,data/keypoints\ball_out\ball_out_p03_50.npy,88,train
data/raw_clips\ball_out\ball_out_p03_6.mp4,ball_out,p03,6,volunteer,data/keypoints\ball_out\ball_out_p03_6.npy,63,train
data/raw_clips\ball_out\ball_out_p03_7.mp4,ball_out,p03,7,volunteer,data/keypoints\ball_out\ball_out_p03_7.npy,71,train
data/raw_clips\ball_out\ball_out_p03_8.mp4,ball_out,p03,8,volunteer,data/keypoints\ball_out\ball_out_p03_8.npy,69,train
data/raw_clips\ball_out\ball_out_p03_9.mp4,ball_out,p03,9,volunteer,data/keypoints\ball_out\ball_out_p03_9.npy,79,train
data/raw_clips\ball_out\ball_out_p06_1.mp4,ball_out,p06,1,volunteer,data/keypoints\ball_out\ball_out_p06_1.npy,66,train
data/raw_clips\ball_out\ball_out_p06_10.mp4,ball_out,p06,10,volunteer,data/keypoints\ball_out\ball_out_p06_10.npy,65,train
data/raw_clips\ball_out\ball_out_p06_11.mp4,ball_out,p06,11,volunteer,data/keypoints\ball_out\ball_out_p06_11.npy,84,train
data/raw_clips\ball_out\ball_out_p06_12.mp4,ball_out,p06,12,volunteer,data/keypoints\ball_out\ball_out_p06_12.npy,78,train
data/raw_clips\ball_out\ball_out_p06_13.mp4,ball_out,p06,13,volunteer,data/keypoints\ball_out\ball_out_p06_13.npy,80,train
data/raw_clips\ball_out\ball_out_p06_14.mp4,ball_out,p06,14,volunteer,data/keypoints\ball_out\ball_out_p06_14.npy,84,train
data/raw_clips\ball_out\ball_out_p06_15.mp4,ball_out,p06,15,volunteer,data/keypoints\ball_out\ball_out_p06_15.npy,81,train
data/raw_clips\ball_out\ball_out_p06_16.mp4,ball_out,p06,16,volunteer,data/keypoints\ball_out\ball_out_p06_16.npy,77,train
data/raw_clips\ball_out\ball_out_p06_17.mp4,ball_out,p06,17,volunteer,data/keypoints\ball_out\ball_out_p06_17.npy,72,train
data/raw_clips\ball_out\ball_out_p06_18.mp4,ball_out,p06,18,volunteer,data/keypoints\ball_out\ball_out_p06_18.npy,81,train
data/raw_clips\ball_out\ball_out_p06_19.mp4,ball_out,p06,19,volunteer,data/keypoints\ball_out\ball_out_p06_19.npy,75,train
data/raw_clips\ball_out\ball_out_p06_2.mp4,ball_out,p06,2,volunteer,data/keypoints\ball_out\ball_out_p06_2.npy,76,train
data/raw_clips\ball_out\ball_out_p06_20.mp4,ball_out,p06,20,volunteer,data/keypoints\ball_out\ball_out_p06_20.npy,67,train
data/raw_clips\ball_out\ball_out_p06_3.mp4,ball_out,p06,3,volunteer,data/keypoints\ball_out\ball_out_p06_3.npy,75,train
data/raw_clips\ball_out\ball_out_p06_4.mp4,ball_out,p06,4,volunteer,data/keypoints\ball_out\ball_out_p06_4.npy,70,train
data/raw_clips\ball_out\ball_out_p06_5.mp4,ball_out,p06,5,volunteer,data/keypoints\ball_out\ball_out_p06_5.npy,68,train
data/raw_clips\ball_out\ball_out_p06_6.mp4,ball_out,p06,6,volunteer,data/keypoints\ball_out\ball_out_p06_6.npy,74,train
data/raw_clips\ball_out\ball_out_p06_7.mp4,ball_out,p06,7,volunteer,data/keypoints\ball_out\ball_out_p06_7.npy,75,train
data/raw_clips\ball_out\ball_out_p06_8.mp4,ball_out,p06,8,volunteer,data/keypoints\ball_out\ball_out_p06_8.npy,68,train
data/raw_clips\ball_out\ball_out_p06_9.mp4,ball_out,p06,9,volunteer,data/keypoints\ball_out\ball_out_p06_9.npy,69,train
data/raw_clips\ball_out\ball_out_p07_10.mp4,ball_out,p07,10,volunteer,data/keypoints\ball_out\ball_out_p07_10.npy,54,train
data/raw_clips\ball_out\ball_out_p07_11.mp4,ball_out,p07,11,volunteer,data/keypoints\ball_out\ball_out_p07_11.npy,58,train
data/raw_clips\ball_out\ball_out_p07_12.mp4,ball_out,p07,12,volunteer,data/keypoints\ball_out\ball_out_p07_12.npy,65,train
data/raw_clips\ball_out\ball_out_p07_13.mp4,ball_out,p07,13,volunteer,data/keypoints\ball_out\ball_out_p07_13.npy,57,train
data/raw_clips\ball_out\ball_out_p07_14.mp4,ball_out,p07,14,volunteer,data/keypoints\ball_out\ball_out_p07_14.npy,61,train
data/raw_clips\ball_out\ball_out_p07_15.mp4,ball_out,p07,15,volunteer,data/keypoints\ball_out\ball_out_p07_15.npy,57,train
data/raw_clips\ball_out\ball_out_p07_16.mp4,ball_out,p07,16,volunteer,data/keypoints\ball_out\ball_out_p07_16.npy,63,train
data/raw_clips\ball_out\ball_out_p07_17.mp4,ball_out,p07,17,volunteer,data/keypoints\ball_out\ball_out_p07_17.npy,58,train
data/raw_clips\ball_out\ball_out_p07_18.mp4,ball_out,p07,18,volunteer,data/keypoints\ball_out\ball_out_p07_18.npy,63,train
data/raw_clips\ball_out\ball_out_p07_19.mp4,ball_out,p07,19,volunteer,data/keypoints\ball_out\ball_out_p07_19.npy,65,train
data/raw_clips\ball_out\ball_out_p07_2.mp4,ball_out,p07,2,volunteer,data/keypoints\ball_out\ball_out_p07_2.npy,61,train
data/raw_clips\ball_out\ball_out_p07_20.mp4,ball_out,p07,20,volunteer,data/keypoints\ball_out\ball_out_p07_20.npy,67,train
data/raw_clips\ball_out\ball_out_p07_21.mp4,ball_out,p07,21,volunteer,data/keypoints\ball_out\ball_out_p07_21.npy,62,train
data/raw_clips\ball_out\ball_out_p07_22.mp4,ball_out,p07,22,volunteer,data/keypoints\ball_out\ball_out_p07_22.npy,56,train
data/raw_clips\ball_out\ball_out_p07_23.mp4,ball_out,p07,23,volunteer,data/keypoints\ball_out\ball_out_p07_23.npy,57,train
data/raw_clips\ball_out\ball_out_p07_3.mp4,ball_out,p07,3,volunteer,data/keypoints\ball_out\ball_out_p07_3.npy,51,train
data/raw_clips\ball_out\ball_out_p07_5.mp4,ball_out,p07,5,volunteer,data/keypoints\ball_out\ball_out_p07_5.npy,56,train
data/raw_clips\ball_out\ball_out_p07_6.mp4,ball_out,p07,6,volunteer,data/keypoints\ball_out\ball_out_p07_6.npy,55,train
data/raw_clips\ball_out\ball_out_p07_7.mp4,ball_out,p07,7,volunteer,data/keypoints\ball_out\ball_out_p07_7.npy,58,train
data/raw_clips\ball_out\ball_out_p07_8.mp4,ball_out,p07,8,volunteer,data/keypoints\ball_out\ball_out_p07_8.npy,56,train
data/raw_clips\ball_out\ball_out_p07_9.mp4,ball_out,p07,9,volunteer,data/keypoints\ball_out\ball_out_p07_9.npy,53,train
data/raw_clips\ball_out\ball_out_p08_1.mp4,ball_out,p08,1,volunteer,data/keypoints\ball_out\ball_out_p08_1.npy,90,test
data/raw_clips\ball_out\ball_out_p08_10.mp4,ball_out,p08,10,volunteer,data/keypoints\ball_out\ball_out_p08_10.npy,95,test
data/raw_clips\ball_out\ball_out_p08_100.mp4,ball_out,p08,100,volunteer,data/keypoints\ball_out\ball_out_p08_100.npy,99,test
data/raw_clips\ball_out\ball_out_p08_11.mp4,ball_out,p08,11,volunteer,data/keypoints\ball_out\ball_out_p08_11.npy,92,test
data/raw_clips\ball_out\ball_out_p08_12.mp4,ball_out,p08,12,volunteer,data/keypoints\ball_out\ball_out_p08_12.npy,90,test
data/raw_clips\ball_out\ball_out_p08_13.mp4,ball_out,p08,13,volunteer,data/keypoints\ball_out\ball_out_p08_13.npy,101,test
data/raw_clips\ball_out\ball_out_p08_14.mp4,ball_out,p08,14,volunteer,data/keypoints\ball_out\ball_out_p08_14.npy,93,test
data/raw_clips\ball_out\ball_out_p08_15.mp4,ball_out,p08,15,volunteer,data/keypoints\ball_out\ball_out_p08_15.npy,95,test
data/raw_clips\ball_out\ball_out_p08_16.mp4,ball_out,p08,16,volunteer,data/keypoints\ball_out\ball_out_p08_16.npy,96,test
data/raw_clips\ball_out\ball_out_p08_17.mp4,ball_out,p08,17,volunteer,data/keypoints\ball_out\ball_out_p08_17.npy,110,test
data/raw_clips\ball_out\ball_out_p08_18.mp4,ball_out,p08,18,volunteer,data/keypoints\ball_out\ball_out_p08_18.npy,96,test
data/raw_clips\ball_out\ball_out_p08_19.mp4,ball_out,p08,19,volunteer,data/keypoints\ball_out\ball_out_p08_19.npy,98,test
data/raw_clips\ball_out\ball_out_p08_2.mp4,ball_out,p08,2,volunteer,data/keypoints\ball_out\ball_out_p08_2.npy,90,test
data/raw_clips\ball_out\ball_out_p08_20.mp4,ball_out,p08,20,volunteer,data/keypoints\ball_out\ball_out_p08_20.npy,101,test
data/raw_clips\ball_out\ball_out_p08_21.mp4,ball_out,p08,21,volunteer,data/keypoints\ball_out\ball_out_p08_21.npy,96,test
data/raw_clips\ball_out\ball_out_p08_22.mp4,ball_out,p08,22,volunteer,data/keypoints\ball_out\ball_out_p08_22.npy,102,test
data/raw_clips\ball_out\ball_out_p08_23.mp4,ball_out,p08,23,volunteer,data/keypoints\ball_out\ball_out_p08_23.npy,103,test
data/raw_clips\ball_out\ball_out_p08_24.mp4,ball_out,p08,24,volunteer,data/keypoints\ball_out\ball_out_p08_24.npy,98,test
data/raw_clips\ball_out\ball_out_p08_25.mp4,ball_out,p08,25,volunteer,data/keypoints\ball_out\ball_out_p08_25.npy,108,test
data/raw_clips\ball_out\ball_out_p08_26.mp4,ball_out,p08,26,volunteer,data/keypoints\ball_out\ball_out_p08_26.npy,108,test
data/raw_clips\ball_out\ball_out_p08_27.mp4,ball_out,p08,27,volunteer,data/keypoints\ball_out\ball_out_p08_27.npy,123,test
data/raw_clips\ball_out\ball_out_p08_28.mp4,ball_out,p08,28,volunteer,data/keypoints\ball_out\ball_out_p08_28.npy,107,test
data/raw_clips\ball_out\ball_out_p08_29.mp4,ball_out,p08,29,volunteer,data/keypoints\ball_out\ball_out_p08_29.npy,95,test
data/raw_clips\ball_out\ball_out_p08_3.mp4,ball_out,p08,3,volunteer,data/keypoints\ball_out\ball_out_p08_3.npy,85,test
data/raw_clips\ball_out\ball_out_p08_30.mp4,ball_out,p08,30,volunteer,data/keypoints\ball_out\ball_out_p08_30.npy,108,test
data/raw_clips\ball_out\ball_out_p08_31.mp4,ball_out,p08,31,volunteer,data/keypoints\ball_out\ball_out_p08_31.npy,105,test
data/raw_clips\ball_out\ball_out_p08_32.mp4,ball_out,p08,32,volunteer,data/keypoints\ball_out\ball_out_p08_32.npy,105,test
data/raw_clips\ball_out\ball_out_p08_33.mp4,ball_out,p08,33,volunteer,data/keypoints\ball_out\ball_out_p08_33.npy,105,test
data/raw_clips\ball_out\ball_out_p08_34.mp4,ball_out,p08,34,volunteer,data/keypoints\ball_out\ball_out_p08_34.npy,105,test
data/raw_clips\ball_out\ball_out_p08_35.mp4,ball_out,p08,35,volunteer,data/keypoints\ball_out\ball_out_p08_35.npy,89,test
data/raw_clips\ball_out\ball_out_p08_36.mp4,ball_out,p08,36,volunteer,data/keypoints\ball_out\ball_out_p08_36.npy,117,test
data/raw_clips\ball_out\ball_out_p08_37.mp4,ball_out,p08,37,volunteer,data/keypoints\ball_out\ball_out_p08_37.npy,116,test
data/raw_clips\ball_out\ball_out_p08_38.mp4,ball_out,p08,38,volunteer,data/keypoints\ball_out\ball_out_p08_38.npy,114,test
data/raw_clips\ball_out\ball_out_p08_39.mp4,ball_out,p08,39,volunteer,data/keypoints\ball_out\ball_out_p08_39.npy,108,test
data/raw_clips\ball_out\ball_out_p08_4.mp4,ball_out,p08,4,volunteer,data/keypoints\ball_out\ball_out_p08_4.npy,87,test
data/raw_clips\ball_out\ball_out_p08_40.mp4,ball_out,p08,40,volunteer,data/keypoints\ball_out\ball_out_p08_40.npy,109,test
data/raw_clips\ball_out\ball_out_p08_41.mp4,ball_out,p08,41,volunteer,data/keypoints\ball_out\ball_out_p08_41.npy,98,test
data/raw_clips\ball_out\ball_out_p08_42.mp4,ball_out,p08,42,volunteer,data/keypoints\ball_out\ball_out_p08_42.npy,96,test
data/raw_clips\ball_out\ball_out_p08_43.mp4,ball_out,p08,43,volunteer,data/keypoints\ball_out\ball_out_p08_43.npy,1,test
data/raw_clips\ball_out\ball_out_p08_44.mp4,ball_out,p08,44,volunteer,data/keypoints\ball_out\ball_out_p08_44.npy,91,test
data/raw_clips\ball_out\ball_out_p08_45.mp4,ball_out,p08,45,volunteer,data/keypoints\ball_out\ball_out_p08_45.npy,96,test
data/raw_clips\ball_out\ball_out_p08_46.mp4,ball_out,p08,46,volunteer,data/keypoints\ball_out\ball_out_p08_46.npy,81,test
data/raw_clips\ball_out\ball_out_p08_47.mp4,ball_out,p08,47,volunteer,data/keypoints\ball_out\ball_out_p08_47.npy,93,test
data/raw_clips\ball_out\ball_out_p08_48.mp4,ball_out,p08,48,volunteer,data/keypoints\ball_out\ball_out_p08_48.npy,88,test
data/raw_clips\ball_out\ball_out_p08_49.mp4,ball_out,p08,49,volunteer,data/keypoints\ball_out\ball_out_p08_49.npy,87,test
data/raw_clips\ball_out\ball_out_p08_5.mp4,ball_out,p08,5,volunteer,data/keypoints\ball_out\ball_out_p08_5.npy,110,test
data/raw_clips\ball_out\ball_out_p08_50.mp4,ball_out,p08,50,volunteer,data/keypoints\ball_out\ball_out_p08_50.npy,93,test
data/raw_clips\ball_out\ball_out_p08_51.mp4,ball_out,p08,51,volunteer,data/keypoints\ball_out\ball_out_p08_51.npy,96,test
data/raw_clips\ball_out\ball_out_p08_52.mp4,ball_out,p08,52,volunteer,data/keypoints\ball_out\ball_out_p08_52.npy,97,test
data/raw_clips\ball_out\ball_out_p08_53.mp4,ball_out,p08,53,volunteer,data/keypoints\ball_out\ball_out_p08_53.npy,78,test
data/raw_clips\ball_out\ball_out_p08_54.mp4,ball_out,p08,54,volunteer,data/keypoints\ball_out\ball_out_p08_54.npy,84,test
data/raw_clips\ball_out\ball_out_p08_55.mp4,ball_out,p08,55,volunteer,data/keypoints\ball_out\ball_out_p08_55.npy,93,test
data/raw_clips\ball_out\ball_out_p08_56.mp4,ball_out,p08,56,volunteer,data/keypoints\ball_out\ball_out_p08_56.npy,87,test
data/raw_clips\ball_out\ball_out_p08_57.mp4,ball_out,p08,57,volunteer,data/keypoints\ball_out\ball_out_p08_57.npy,89,test
data/raw_clips\ball_out\ball_out_p08_58.mp4,ball_out,p08,58,volunteer,data/keypoints\ball_out\ball_out_p08_58.npy,84,test
data/raw_clips\ball_out\ball_out_p08_59.mp4,ball_out,p08,59,volunteer,data/keypoints\ball_out\ball_out_p08_59.npy,102,test
data/raw_clips\ball_out\ball_out_p08_6.mp4,ball_out,p08,6,volunteer,data/keypoints\ball_out\ball_out_p08_6.npy,87,test
data/raw_clips\ball_out\ball_out_p08_60.mp4,ball_out,p08,60,volunteer,data/keypoints\ball_out\ball_out_p08_60.npy,84,test
data/raw_clips\ball_out\ball_out_p08_61.mp4,ball_out,p08,61,volunteer,data/keypoints\ball_out\ball_out_p08_61.npy,105,test
data/raw_clips\ball_out\ball_out_p08_62.mp4,ball_out,p08,62,volunteer,data/keypoints\ball_out\ball_out_p08_62.npy,99,test
data/raw_clips\ball_out\ball_out_p08_63.mp4,ball_out,p08,63,volunteer,data/keypoints\ball_out\ball_out_p08_63.npy,100,test
data/raw_clips\ball_out\ball_out_p08_64.mp4,ball_out,p08,64,volunteer,data/keypoints\ball_out\ball_out_p08_64.npy,102,test
data/raw_clips\ball_out\ball_out_p08_65.mp4,ball_out,p08,65,volunteer,data/keypoints\ball_out\ball_out_p08_65.npy,94,test
data/raw_clips\ball_out\ball_out_p08_66.mp4,ball_out,p08,66,volunteer,data/keypoints\ball_out\ball_out_p08_66.npy,96,test
data/raw_clips\ball_out\ball_out_p08_67.mp4,ball_out,p08,67,volunteer,data/keypoints\ball_out\ball_out_p08_67.npy,96,test
data/raw_clips\ball_out\ball_out_p08_68.mp4,ball_out,p08,68,volunteer,data/keypoints\ball_out\ball_out_p08_68.npy,89,test
data/raw_clips\ball_out\ball_out_p08_69.mp4,ball_out,p08,69,volunteer,data/keypoints\ball_out\ball_out_p08_69.npy,91,test
data/raw_clips\ball_out\ball_out_p08_7.mp4,ball_out,p08,7,volunteer,data/keypoints\ball_out\ball_out_p08_7.npy,97,test
data/raw_clips\ball_out\ball_out_p08_70.mp4,ball_out,p08,70,volunteer,data/keypoints\ball_out\ball_out_p08_70.npy,94,test
data/raw_clips\ball_out\ball_out_p08_71.mp4,ball_out,p08,71,volunteer,data/keypoints\ball_out\ball_out_p08_71.npy,90,test
data/raw_clips\ball_out\ball_out_p08_72.mp4,ball_out,p08,72,volunteer,data/keypoints\ball_out\ball_out_p08_72.npy,88,test
data/raw_clips\ball_out\ball_out_p08_73.mp4,ball_out,p08,73,volunteer,data/keypoints\ball_out\ball_out_p08_73.npy,93,test
data/raw_clips\ball_out\ball_out_p08_74.mp4,ball_out,p08,74,volunteer,data/keypoints\ball_out\ball_out_p08_74.npy,99,test
data/raw_clips\ball_out\ball_out_p08_75.mp4,ball_out,p08,75,volunteer,data/keypoints\ball_out\ball_out_p08_75.npy,99,test
data/raw_clips\ball_out\ball_out_p08_76.mp4,ball_out,p08,76,volunteer,data/keypoints\ball_out\ball_out_p08_76.npy,94,test
data/raw_clips\ball_out\ball_out_p08_77.mp4,ball_out,p08,77,volunteer,data/keypoints\ball_out\ball_out_p08_77.npy,97,test
data/raw_clips\ball_out\ball_out_p08_78.mp4,ball_out,p08,78,volunteer,data/keypoints\ball_out\ball_out_p08_78.npy,99,test
data/raw_clips\ball_out\ball_out_p08_79.mp4,ball_out,p08,79,volunteer,data/keypoints\ball_out\ball_out_p08_79.npy,108,test
data/raw_clips\ball_out\ball_out_p08_8.mp4,ball_out,p08,8,volunteer,data/keypoints\ball_out\ball_out_p08_8.npy,96,test
data/raw_clips\ball_out\ball_out_p08_80.mp4,ball_out,p08,80,volunteer,data/keypoints\ball_out\ball_out_p08_80.npy,90,test
data/raw_clips\ball_out\ball_out_p08_81.mp4,ball_out,p08,81,volunteer,data/keypoints\ball_out\ball_out_p08_81.npy,83,test
data/raw_clips\ball_out\ball_out_p08_82.mp4,ball_out,p08,82,volunteer,data/keypoints\ball_out\ball_out_p08_82.npy,81,test
data/raw_clips\ball_out\ball_out_p08_83.mp4,ball_out,p08,83,volunteer,data/keypoints\ball_out\ball_out_p08_83.npy,91,test
data/raw_clips\ball_out\ball_out_p08_84.mp4,ball_out,p08,84,volunteer,data/keypoints\ball_out\ball_out_p08_84.npy,88,test
data/raw_clips\ball_out\ball_out_p08_85.mp4,ball_out,p08,85,volunteer,data/keypoints\ball_out\ball_out_p08_85.npy,81,test
data/raw_clips\ball_out\ball_out_p08_86.mp4,ball_out,p08,86,volunteer,data/keypoints\ball_out\ball_out_p08_86.npy,88,test
data/raw_clips\ball_out\ball_out_p08_87.mp4,ball_out,p08,87,volunteer,data/keypoints\ball_out\ball_out_p08_87.npy,92,test
data/raw_clips\ball_out\ball_out_p08_88.mp4,ball_out,p08,88,volunteer,data/keypoints\ball_out\ball_out_p08_88.npy,90,test
data/raw_clips\ball_out\ball_out_p08_89.mp4,ball_out,p08,89,volunteer,data/keypoints\ball_out\ball_out_p08_89.npy,86,test
data/raw_clips\ball_out\ball_out_p08_9.mp4,ball_out,p08,9,volunteer,data/keypoints\ball_out\ball_out_p08_9.npy,98,test
data/raw_clips\ball_out\ball_out_p08_90.mp4,ball_out,p08,90,volunteer,data/keypoints\ball_out\ball_out_p08_90.npy,95,test
data/raw_clips\ball_out\ball_out_p08_91.mp4,ball_out,p08,91,volunteer,data/keypoints\ball_out\ball_out_p08_91.npy,98,test
data/raw_clips\ball_out\ball_out_p08_92.mp4,ball_out,p08,92,volunteer,data/keypoints\ball_out\ball_out_p08_92.npy,93,test
data/raw_clips\ball_out\ball_out_p08_93.mp4,ball_out,p08,93,volunteer,data/keypoints\ball_out\ball_out_p08_93.npy,95,test
data/raw_clips\ball_out\ball_out_p08_94.mp4,ball_out,p08,94,volunteer,data/keypoints\ball_out\ball_out_p08_94.npy,86,test
data/raw_clips\ball_out\ball_out_p08_95.mp4,ball_out,p08,95,volunteer,data/keypoints\ball_out\ball_out_p08_95.npy,84,test
data/raw_clips\ball_out\ball_out_p08_96.mp4,ball_out,p08,96,volunteer,data/keypoints\ball_out\ball_out_p08_96.npy,92,test
data/raw_clips\ball_out\ball_out_p08_97.mp4,ball_out,p08,97,volunteer,data/keypoints\ball_out\ball_out_p08_97.npy,96,test
data/raw_clips\ball_out\ball_out_p08_98.mp4,ball_out,p08,98,volunteer,data/keypoints\ball_out\ball_out_p08_98.npy,89,test
data/raw_clips\ball_out\ball_out_p08_99.mp4,ball_out,p08,99,volunteer,data/keypoints\ball_out\ball_out_p08_99.npy,87,test
data/raw_clips\ball_out\ball_out_p09_1.mp4,ball_out,p09,1,volunteer,data/keypoints\ball_out\ball_out_p09_1.npy,86,val
data/raw_clips\ball_out\ball_out_p09_10.mp4,ball_out,p09,10,volunteer,data/keypoints\ball_out\ball_out_p09_10.npy,63,val
data/raw_clips\ball_out\ball_out_p09_100.mp4,ball_out,p09,100,volunteer,data/keypoints\ball_out\ball_out_p09_100.npy,54,val
data/raw_clips\ball_out\ball_out_p09_101.mp4,ball_out,p09,101,volunteer,data/keypoints\ball_out\ball_out_p09_101.npy,56,val
data/raw_clips\ball_out\ball_out_p09_102.mp4,ball_out,p09,102,volunteer,data/keypoints\ball_out\ball_out_p09_102.npy,57,val
data/raw_clips\ball_out\ball_out_p09_103.mp4,ball_out,p09,103,volunteer,data/keypoints\ball_out\ball_out_p09_103.npy,57,val
data/raw_clips\ball_out\ball_out_p09_104.mp4,ball_out,p09,104,volunteer,data/keypoints\ball_out\ball_out_p09_104.npy,60,val
data/raw_clips\ball_out\ball_out_p09_105.mp4,ball_out,p09,105,volunteer,data/keypoints\ball_out\ball_out_p09_105.npy,70,val
data/raw_clips\ball_out\ball_out_p09_106.mp4,ball_out,p09,106,volunteer,data/keypoints\ball_out\ball_out_p09_106.npy,66,val
data/raw_clips\ball_out\ball_out_p09_107.mp4,ball_out,p09,107,volunteer,data/keypoints\ball_out\ball_out_p09_107.npy,69,val
data/raw_clips\ball_out\ball_out_p09_11.mp4,ball_out,p09,11,volunteer,data/keypoints\ball_out\ball_out_p09_11.npy,66,val
data/raw_clips\ball_out\ball_out_p09_12.mp4,ball_out,p09,12,volunteer,data/keypoints\ball_out\ball_out_p09_12.npy,71,val
data/raw_clips\ball_out\ball_out_p09_13.mp4,ball_out,p09,13,volunteer,data/keypoints\ball_out\ball_out_p09_13.npy,63,val
data/raw_clips\ball_out\ball_out_p09_14.mp4,ball_out,p09,14,volunteer,data/keypoints\ball_out\ball_out_p09_14.npy,63,val
data/raw_clips\ball_out\ball_out_p09_15.mp4,ball_out,p09,15,volunteer,data/keypoints\ball_out\ball_out_p09_15.npy,64,val
data/raw_clips\ball_out\ball_out_p09_16.mp4,ball_out,p09,16,volunteer,data/keypoints\ball_out\ball_out_p09_16.npy,61,val
data/raw_clips\ball_out\ball_out_p09_17.mp4,ball_out,p09,17,volunteer,data/keypoints\ball_out\ball_out_p09_17.npy,60,val
data/raw_clips\ball_out\ball_out_p09_18.mp4,ball_out,p09,18,volunteer,data/keypoints\ball_out\ball_out_p09_18.npy,60,val
data/raw_clips\ball_out\ball_out_p09_19.mp4,ball_out,p09,19,volunteer,data/keypoints\ball_out\ball_out_p09_19.npy,63,val
data/raw_clips\ball_out\ball_out_p09_2.mp4,ball_out,p09,2,volunteer,data/keypoints\ball_out\ball_out_p09_2.npy,65,val
data/raw_clips\ball_out\ball_out_p09_20.mp4,ball_out,p09,20,volunteer,data/keypoints\ball_out\ball_out_p09_20.npy,72,val
data/raw_clips\ball_out\ball_out_p09_21.mp4,ball_out,p09,21,volunteer,data/keypoints\ball_out\ball_out_p09_21.npy,66,val
data/raw_clips\ball_out\ball_out_p09_22.mp4,ball_out,p09,22,volunteer,data/keypoints\ball_out\ball_out_p09_22.npy,64,val
data/raw_clips\ball_out\ball_out_p09_23.mp4,ball_out,p09,23,volunteer,data/keypoints\ball_out\ball_out_p09_23.npy,60,val
data/raw_clips\ball_out\ball_out_p09_24.mp4,ball_out,p09,24,volunteer,data/keypoints\ball_out\ball_out_p09_24.npy,72,val
data/raw_clips\ball_out\ball_out_p09_25.mp4,ball_out,p09,25,volunteer,data/keypoints\ball_out\ball_out_p09_25.npy,67,val
data/raw_clips\ball_out\ball_out_p09_26.mp4,ball_out,p09,26,volunteer,data/keypoints\ball_out\ball_out_p09_26.npy,65,val
data/raw_clips\ball_out\ball_out_p09_27.mp4,ball_out,p09,27,volunteer,data/keypoints\ball_out\ball_out_p09_27.npy,65,val
data/raw_clips\ball_out\ball_out_p09_28.mp4,ball_out,p09,28,volunteer,data/keypoints\ball_out\ball_out_p09_28.npy,62,val
data/raw_clips\ball_out\ball_out_p09_29.mp4,ball_out,p09,29,volunteer,data/keypoints\ball_out\ball_out_p09_29.npy,58,val
data/raw_clips\ball_out\ball_out_p09_3.mp4,ball_out,p09,3,volunteer,data/keypoints\ball_out\ball_out_p09_3.npy,68,val
data/raw_clips\ball_out\ball_out_p09_30.mp4,ball_out,p09,30,volunteer,data/keypoints\ball_out\ball_out_p09_30.npy,61,val
data/raw_clips\ball_out\ball_out_p09_31.mp4,ball_out,p09,31,volunteer,data/keypoints\ball_out\ball_out_p09_31.npy,68,val
data/raw_clips\ball_out\ball_out_p09_32.mp4,ball_out,p09,32,volunteer,data/keypoints\ball_out\ball_out_p09_32.npy,65,val
data/raw_clips\ball_out\ball_out_p09_33.mp4,ball_out,p09,33,volunteer,data/keypoints\ball_out\ball_out_p09_33.npy,66,val
data/raw_clips\ball_out\ball_out_p09_34.mp4,ball_out,p09,34,volunteer,data/keypoints\ball_out\ball_out_p09_34.npy,63,val
data/raw_clips\ball_out\ball_out_p09_35.mp4,ball_out,p09,35,volunteer,data/keypoints\ball_out\ball_out_p09_35.npy,63,val
data/raw_clips\ball_out\ball_out_p09_36.mp4,ball_out,p09,36,volunteer,data/keypoints\ball_out\ball_out_p09_36.npy,65,val
data/raw_clips\ball_out\ball_out_p09_37.mp4,ball_out,p09,37,volunteer,data/keypoints\ball_out\ball_out_p09_37.npy,63,val
data/raw_clips\ball_out\ball_out_p09_38.mp4,ball_out,p09,38,volunteer,data/keypoints\ball_out\ball_out_p09_38.npy,66,val
data/raw_clips\ball_out\ball_out_p09_39.mp4,ball_out,p09,39,volunteer,data/keypoints\ball_out\ball_out_p09_39.npy,66,val
data/raw_clips\ball_out\ball_out_p09_4.mp4,ball_out,p09,4,volunteer,data/keypoints\ball_out\ball_out_p09_4.npy,60,val
data/raw_clips\ball_out\ball_out_p09_40.mp4,ball_out,p09,40,volunteer,data/keypoints\ball_out\ball_out_p09_40.npy,66,val
data/raw_clips\ball_out\ball_out_p09_41.mp4,ball_out,p09,41,volunteer,data/keypoints\ball_out\ball_out_p09_41.npy,60,val
data/raw_clips\ball_out\ball_out_p09_42.mp4,ball_out,p09,42,volunteer,data/keypoints\ball_out\ball_out_p09_42.npy,69,val
data/raw_clips\ball_out\ball_out_p09_43.mp4,ball_out,p09,43,volunteer,data/keypoints\ball_out\ball_out_p09_43.npy,66,val
data/raw_clips\ball_out\ball_out_p09_44.mp4,ball_out,p09,44,volunteer,data/keypoints\ball_out\ball_out_p09_44.npy,60,val
data/raw_clips\ball_out\ball_out_p09_45.mp4,ball_out,p09,45,volunteer,data/keypoints\ball_out\ball_out_p09_45.npy,75,val
data/raw_clips\ball_out\ball_out_p09_46.mp4,ball_out,p09,46,volunteer,data/keypoints\ball_out\ball_out_p09_46.npy,67,val
data/raw_clips\ball_out\ball_out_p09_47.mp4,ball_out,p09,47,volunteer,data/keypoints\ball_out\ball_out_p09_47.npy,66,val
data/raw_clips\ball_out\ball_out_p09_48.mp4,ball_out,p09,48,volunteer,data/keypoints\ball_out\ball_out_p09_48.npy,63,val
data/raw_clips\ball_out\ball_out_p09_49.mp4,ball_out,p09,49,volunteer,data/keypoints\ball_out\ball_out_p09_49.npy,66,val
data/raw_clips\ball_out\ball_out_p09_5.mp4,ball_out,p09,5,volunteer,data/keypoints\ball_out\ball_out_p09_5.npy,62,val
data/raw_clips\ball_out\ball_out_p09_50.mp4,ball_out,p09,50,volunteer,data/keypoints\ball_out\ball_out_p09_50.npy,65,val
data/raw_clips\ball_out\ball_out_p09_51.mp4,ball_out,p09,51,volunteer,data/keypoints\ball_out\ball_out_p09_51.npy,66,val
data/raw_clips\ball_out\ball_out_p09_52.mp4,ball_out,p09,52,volunteer,data/keypoints\ball_out\ball_out_p09_52.npy,60,val
data/raw_clips\ball_out\ball_out_p09_53.mp4,ball_out,p09,53,volunteer,data/keypoints\ball_out\ball_out_p09_53.npy,68,val
data/raw_clips\ball_out\ball_out_p09_54.mp4,ball_out,p09,54,volunteer,data/keypoints\ball_out\ball_out_p09_54.npy,62,val
data/raw_clips\ball_out\ball_out_p09_55.mp4,ball_out,p09,55,volunteer,data/keypoints\ball_out\ball_out_p09_55.npy,63,val
data/raw_clips\ball_out\ball_out_p09_56.mp4,ball_out,p09,56,volunteer,data/keypoints\ball_out\ball_out_p09_56.npy,63,val
data/raw_clips\ball_out\ball_out_p09_57.mp4,ball_out,p09,57,volunteer,data/keypoints\ball_out\ball_out_p09_57.npy,71,val
data/raw_clips\ball_out\ball_out_p09_58.mp4,ball_out,p09,58,volunteer,data/keypoints\ball_out\ball_out_p09_58.npy,67,val
data/raw_clips\ball_out\ball_out_p09_59.mp4,ball_out,p09,59,volunteer,data/keypoints\ball_out\ball_out_p09_59.npy,63,val
data/raw_clips\ball_out\ball_out_p09_6.mp4,ball_out,p09,6,volunteer,data/keypoints\ball_out\ball_out_p09_6.npy,62,val
data/raw_clips\ball_out\ball_out_p09_60.mp4,ball_out,p09,60,volunteer,data/keypoints\ball_out\ball_out_p09_60.npy,64,val
data/raw_clips\ball_out\ball_out_p09_61.mp4,ball_out,p09,61,volunteer,data/keypoints\ball_out\ball_out_p09_61.npy,64,val
data/raw_clips\ball_out\ball_out_p09_62.mp4,ball_out,p09,62,volunteer,data/keypoints\ball_out\ball_out_p09_62.npy,63,val
data/raw_clips\ball_out\ball_out_p09_63.mp4,ball_out,p09,63,volunteer,data/keypoints\ball_out\ball_out_p09_63.npy,63,val
data/raw_clips\ball_out\ball_out_p09_64.mp4,ball_out,p09,64,volunteer,data/keypoints\ball_out\ball_out_p09_64.npy,70,val
data/raw_clips\ball_out\ball_out_p09_65.mp4,ball_out,p09,65,volunteer,data/keypoints\ball_out\ball_out_p09_65.npy,69,val
data/raw_clips\ball_out\ball_out_p09_66.mp4,ball_out,p09,66,volunteer,data/keypoints\ball_out\ball_out_p09_66.npy,62,val
data/raw_clips\ball_out\ball_out_p09_67.mp4,ball_out,p09,67,volunteer,data/keypoints\ball_out\ball_out_p09_67.npy,63,val
data/raw_clips\ball_out\ball_out_p09_68.mp4,ball_out,p09,68,volunteer,data/keypoints\ball_out\ball_out_p09_68.npy,66,val
data/raw_clips\ball_out\ball_out_p09_69.mp4,ball_out,p09,69,volunteer,data/keypoints\ball_out\ball_out_p09_69.npy,71,val
data/raw_clips\ball_out\ball_out_p09_7.mp4,ball_out,p09,7,volunteer,data/keypoints\ball_out\ball_out_p09_7.npy,66,val
data/raw_clips\ball_out\ball_out_p09_70.mp4,ball_out,p09,70,volunteer,data/keypoints\ball_out\ball_out_p09_70.npy,72,val
data/raw_clips\ball_out\ball_out_p09_71.mp4,ball_out,p09,71,volunteer,data/keypoints\ball_out\ball_out_p09_71.npy,65,val
data/raw_clips\ball_out\ball_out_p09_72.mp4,ball_out,p09,72,volunteer,data/keypoints\ball_out\ball_out_p09_72.npy,66,val
data/raw_clips\ball_out\ball_out_p09_73.mp4,ball_out,p09,73,volunteer,data/keypoints\ball_out\ball_out_p09_73.npy,65,val
data/raw_clips\ball_out\ball_out_p09_74.mp4,ball_out,p09,74,volunteer,data/keypoints\ball_out\ball_out_p09_74.npy,67,val
data/raw_clips\ball_out\ball_out_p09_75.mp4,ball_out,p09,75,volunteer,data/keypoints\ball_out\ball_out_p09_75.npy,69,val
data/raw_clips\ball_out\ball_out_p09_76.mp4,ball_out,p09,76,volunteer,data/keypoints\ball_out\ball_out_p09_76.npy,66,val
data/raw_clips\ball_out\ball_out_p09_77.mp4,ball_out,p09,77,volunteer,data/keypoints\ball_out\ball_out_p09_77.npy,66,val
data/raw_clips\ball_out\ball_out_p09_78.mp4,ball_out,p09,78,volunteer,data/keypoints\ball_out\ball_out_p09_78.npy,69,val
data/raw_clips\ball_out\ball_out_p09_79.mp4,ball_out,p09,79,volunteer,data/keypoints\ball_out\ball_out_p09_79.npy,63,val
data/raw_clips\ball_out\ball_out_p09_8.mp4,ball_out,p09,8,volunteer,data/keypoints\ball_out\ball_out_p09_8.npy,78,val
data/raw_clips\ball_out\ball_out_p09_80.mp4,ball_out,p09,80,volunteer,data/keypoints\ball_out\ball_out_p09_80.npy,60,val
data/raw_clips\ball_out\ball_out_p09_81.mp4,ball_out,p09,81,volunteer,data/keypoints\ball_out\ball_out_p09_81.npy,73,val
data/raw_clips\ball_out\ball_out_p09_82.mp4,ball_out,p09,82,volunteer,data/keypoints\ball_out\ball_out_p09_82.npy,62,val
data/raw_clips\ball_out\ball_out_p09_83.mp4,ball_out,p09,83,volunteer,data/keypoints\ball_out\ball_out_p09_83.npy,53,val
data/raw_clips\ball_out\ball_out_p09_84.mp4,ball_out,p09,84,volunteer,data/keypoints\ball_out\ball_out_p09_84.npy,61,val
data/raw_clips\ball_out\ball_out_p09_85.mp4,ball_out,p09,85,volunteer,data/keypoints\ball_out\ball_out_p09_85.npy,64,val
data/raw_clips\ball_out\ball_out_p09_86.mp4,ball_out,p09,86,volunteer,data/keypoints\ball_out\ball_out_p09_86.npy,63,val
data/raw_clips\ball_out\ball_out_p09_87.mp4,ball_out,p09,87,volunteer,data/keypoints\ball_out\ball_out_p09_87.npy,63,val
data/raw_clips\ball_out\ball_out_p09_88.mp4,ball_out,p09,88,volunteer,data/keypoints\ball_out\ball_out_p09_88.npy,68,val
data/raw_clips\ball_out\ball_out_p09_89.mp4,ball_out,p09,89,volunteer,data/keypoints\ball_out\ball_out_p09_89.npy,61,val
data/raw_clips\ball_out\ball_out_p09_9.mp4,ball_out,p09,9,volunteer,data/keypoints\ball_out\ball_out_p09_9.npy,60,val
data/raw_clips\ball_out\ball_out_p09_90.mp4,ball_out,p09,90,volunteer,data/keypoints\ball_out\ball_out_p09_90.npy,60,val
data/raw_clips\ball_out\ball_out_p09_91.mp4,ball_out,p09,91,volunteer,data/keypoints\ball_out\ball_out_p09_91.npy,66,val
data/raw_clips\ball_out\ball_out_p09_92.mp4,ball_out,p09,92,volunteer,data/keypoints\ball_out\ball_out_p09_92.npy,60,val
data/raw_clips\ball_out\ball_out_p09_93.mp4,ball_out,p09,93,volunteer,data/keypoints\ball_out\ball_out_p09_93.npy,63,val
data/raw_clips\ball_out\ball_out_p09_94.mp4,ball_out,p09,94,volunteer,data/keypoints\ball_out\ball_out_p09_94.npy,60,val
data/raw_clips\ball_out\ball_out_p09_95.mp4,ball_out,p09,95,volunteer,data/keypoints\ball_out\ball_out_p09_95.npy,61,val
data/raw_clips\ball_out\ball_out_p09_96.mp4,ball_out,p09,96,volunteer,data/keypoints\ball_out\ball_out_p09_96.npy,60,val
data/raw_clips\ball_out\ball_out_p09_97.mp4,ball_out,p09,97,volunteer,data/keypoints\ball_out\ball_out_p09_97.npy,65,val
data/raw_clips\ball_out\ball_out_p09_98.mp4,ball_out,p09,98,volunteer,data/keypoints\ball_out\ball_out_p09_98.npy,60,val
data/raw_clips\ball_out\ball_out_p09_99.mp4,ball_out,p09,99,volunteer,data/keypoints\ball_out\ball_out_p09_99.npy,57,val
data/raw_clips\double_contact\double_contact_p03_1.mp4,double_contact,p03,1,volunteer,data/keypoints\double_contact\double_contact_p03_1.npy,81,train
data/raw_clips\double_contact\double_contact_p03_10.mp4,double_contact,p03,10,volunteer,data/keypoints\double_contact\double_contact_p03_10.npy,93,train
data/raw_clips\double_contact\double_contact_p03_100.mp4,double_contact,p03,100,volunteer,data/keypoints\double_contact\double_contact_p03_100.npy,75,train
data/raw_clips\double_contact\double_contact_p03_101.mp4,double_contact,p03,101,volunteer,data/keypoints\double_contact\double_contact_p03_101.npy,88,train
data/raw_clips\double_contact\double_contact_p03_102.mp4,double_contact,p03,102,volunteer,data/keypoints\double_contact\double_contact_p03_102.npy,84,train
data/raw_clips\double_contact\double_contact_p03_103.mp4,double_contact,p03,103,volunteer,data/keypoints\double_contact\double_contact_p03_103.npy,90,train
data/raw_clips\double_contact\double_contact_p03_11.mp4,double_contact,p03,11,volunteer,data/keypoints\double_contact\double_contact_p03_11.npy,100,train
data/raw_clips\double_contact\double_contact_p03_12.mp4,double_contact,p03,12,volunteer,data/keypoints\double_contact\double_contact_p03_12.npy,100,train
data/raw_clips\double_contact\double_contact_p03_13.mp4,double_contact,p03,13,volunteer,data/keypoints\double_contact\double_contact_p03_13.npy,105,train
data/raw_clips\double_contact\double_contact_p03_14.mp4,double_contact,p03,14,volunteer,data/keypoints\double_contact\double_contact_p03_14.npy,101,train
data/raw_clips\double_contact\double_contact_p03_15.mp4,double_contact,p03,15,volunteer,data/keypoints\double_contact\double_contact_p03_15.npy,94,train
data/raw_clips\double_contact\double_contact_p03_16.mp4,double_contact,p03,16,volunteer,data/keypoints\double_contact\double_contact_p03_16.npy,87,train
data/raw_clips\double_contact\double_contact_p03_17.mp4,double_contact,p03,17,volunteer,data/keypoints\double_contact\double_contact_p03_17.npy,82,train
data/raw_clips\double_contact\double_contact_p03_18.mp4,double_contact,p03,18,volunteer,data/keypoints\double_contact\double_contact_p03_18.npy,93,train
data/raw_clips\double_contact\double_contact_p03_19.mp4,double_contact,p03,19,volunteer,data/keypoints\double_contact\double_contact_p03_19.npy,81,train
data/raw_clips\double_contact\double_contact_p03_2.mp4,double_contact,p03,2,volunteer,data/keypoints\double_contact\double_contact_p03_2.npy,95,train
data/raw_clips\double_contact\double_contact_p03_20.mp4,double_contact,p03,20,volunteer,data/keypoints\double_contact\double_contact_p03_20.npy,82,train
data/raw_clips\double_contact\double_contact_p03_21.mp4,double_contact,p03,21,volunteer,data/keypoints\double_contact\double_contact_p03_21.npy,91,train
data/raw_clips\double_contact\double_contact_p03_22.mp4,double_contact,p03,22,volunteer,data/keypoints\double_contact\double_contact_p03_22.npy,86,train
data/raw_clips\double_contact\double_contact_p03_23.mp4,double_contact,p03,23,volunteer,data/keypoints\double_contact\double_contact_p03_23.npy,88,train
data/raw_clips\double_contact\double_contact_p03_24.mp4,double_contact,p03,24,volunteer,data/keypoints\double_contact\double_contact_p03_24.npy,84,train
data/raw_clips\double_contact\double_contact_p03_25.mp4,double_contact,p03,25,volunteer,data/keypoints\double_contact\double_contact_p03_25.npy,84,train
data/raw_clips\double_contact\double_contact_p03_26.mp4,double_contact,p03,26,volunteer,data/keypoints\double_contact\double_contact_p03_26.npy,78,train
data/raw_clips\double_contact\double_contact_p03_27.mp4,double_contact,p03,27,volunteer,data/keypoints\double_contact\double_contact_p03_27.npy,87,train
data/raw_clips\double_contact\double_contact_p03_28.mp4,double_contact,p03,28,volunteer,data/keypoints\double_contact\double_contact_p03_28.npy,87,train
data/raw_clips\double_contact\double_contact_p03_29.mp4,double_contact,p03,29,volunteer,data/keypoints\double_contact\double_contact_p03_29.npy,77,train
data/raw_clips\double_contact\double_contact_p03_3.mp4,double_contact,p03,3,volunteer,data/keypoints\double_contact\double_contact_p03_3.npy,90,train
data/raw_clips\double_contact\double_contact_p03_30.mp4,double_contact,p03,30,volunteer,data/keypoints\double_contact\double_contact_p03_30.npy,89,train
data/raw_clips\double_contact\double_contact_p03_31.mp4,double_contact,p03,31,volunteer,data/keypoints\double_contact\double_contact_p03_31.npy,90,train
data/raw_clips\double_contact\double_contact_p03_32.mp4,double_contact,p03,32,volunteer,data/keypoints\double_contact\double_contact_p03_32.npy,91,train
data/raw_clips\double_contact\double_contact_p03_33.mp4,double_contact,p03,33,volunteer,data/keypoints\double_contact\double_contact_p03_33.npy,78,train
data/raw_clips\double_contact\double_contact_p03_34.mp4,double_contact,p03,34,volunteer,data/keypoints\double_contact\double_contact_p03_34.npy,92,train
data/raw_clips\double_contact\double_contact_p03_35.mp4,double_contact,p03,35,volunteer,data/keypoints\double_contact\double_contact_p03_35.npy,84,train
data/raw_clips\double_contact\double_contact_p03_36.mp4,double_contact,p03,36,volunteer,data/keypoints\double_contact\double_contact_p03_36.npy,90,train
data/raw_clips\double_contact\double_contact_p03_37.mp4,double_contact,p03,37,volunteer,data/keypoints\double_contact\double_contact_p03_37.npy,76,train
data/raw_clips\double_contact\double_contact_p03_38.mp4,double_contact,p03,38,volunteer,data/keypoints\double_contact\double_contact_p03_38.npy,87,train
data/raw_clips\double_contact\double_contact_p03_39.mp4,double_contact,p03,39,volunteer,data/keypoints\double_contact\double_contact_p03_39.npy,96,train
data/raw_clips\double_contact\double_contact_p03_4.mp4,double_contact,p03,4,volunteer,data/keypoints\double_contact\double_contact_p03_4.npy,87,train
data/raw_clips\double_contact\double_contact_p03_40.mp4,double_contact,p03,40,volunteer,data/keypoints\double_contact\double_contact_p03_40.npy,91,train
data/raw_clips\double_contact\double_contact_p03_41.mp4,double_contact,p03,41,volunteer,data/keypoints\double_contact\double_contact_p03_41.npy,96,train
data/raw_clips\double_contact\double_contact_p03_42.mp4,double_contact,p03,42,volunteer,data/keypoints\double_contact\double_contact_p03_42.npy,102,train
data/raw_clips\double_contact\double_contact_p03_43.mp4,double_contact,p03,43,volunteer,data/keypoints\double_contact\double_contact_p03_43.npy,81,train
data/raw_clips\double_contact\double_contact_p03_44.mp4,double_contact,p03,44,volunteer,data/keypoints\double_contact\double_contact_p03_44.npy,102,train
data/raw_clips\double_contact\double_contact_p03_45.mp4,double_contact,p03,45,volunteer,data/keypoints\double_contact\double_contact_p03_45.npy,84,train
data/raw_clips\double_contact\double_contact_p03_46.mp4,double_contact,p03,46,volunteer,data/keypoints\double_contact\double_contact_p03_46.npy,81,train
data/raw_clips\double_contact\double_contact_p03_47.mp4,double_contact,p03,47,volunteer,data/keypoints\double_contact\double_contact_p03_47.npy,98,train
data/raw_clips\double_contact\double_contact_p03_48.mp4,double_contact,p03,48,volunteer,data/keypoints\double_contact\double_contact_p03_48.npy,96,train
data/raw_clips\double_contact\double_contact_p03_49.mp4,double_contact,p03,49,volunteer,data/keypoints\double_contact\double_contact_p03_49.npy,94,train
data/raw_clips\double_contact\double_contact_p03_5.mp4,double_contact,p03,5,volunteer,data/keypoints\double_contact\double_contact_p03_5.npy,84,train
data/raw_clips\double_contact\double_contact_p03_50.mp4,double_contact,p03,50,volunteer,data/keypoints\double_contact\double_contact_p03_50.npy,65,train
data/raw_clips\double_contact\double_contact_p03_51.mp4,double_contact,p03,51,volunteer,data/keypoints\double_contact\double_contact_p03_51.npy,87,train
data/raw_clips\double_contact\double_contact_p03_52.mp4,double_contact,p03,52,volunteer,data/keypoints\double_contact\double_contact_p03_52.npy,87,train
data/raw_clips\double_contact\double_contact_p03_53.mp4,double_contact,p03,53,volunteer,data/keypoints\double_contact\double_contact_p03_53.npy,77,train
data/raw_clips\double_contact\double_contact_p03_54.mp4,double_contact,p03,54,volunteer,data/keypoints\double_contact\double_contact_p03_54.npy,81,train
data/raw_clips\double_contact\double_contact_p03_55.mp4,double_contact,p03,55,volunteer,data/keypoints\double_contact\double_contact_p03_55.npy,75,train
data/raw_clips\double_contact\double_contact_p03_56.mp4,double_contact,p03,56,volunteer,data/keypoints\double_contact\double_contact_p03_56.npy,84,train
data/raw_clips\double_contact\double_contact_p03_57.mp4,double_contact,p03,57,volunteer,data/keypoints\double_contact\double_contact_p03_57.npy,72,train
data/raw_clips\double_contact\double_contact_p03_58.mp4,double_contact,p03,58,volunteer,data/keypoints\double_contact\double_contact_p03_58.npy,72,train
data/raw_clips\double_contact\double_contact_p03_59.mp4,double_contact,p03,59,volunteer,data/keypoints\double_contact\double_contact_p03_59.npy,70,train
data/raw_clips\double_contact\double_contact_p03_6.mp4,double_contact,p03,6,volunteer,data/keypoints\double_contact\double_contact_p03_6.npy,78,train
data/raw_clips\double_contact\double_contact_p03_60.mp4,double_contact,p03,60,volunteer,data/keypoints\double_contact\double_contact_p03_60.npy,87,train
data/raw_clips\double_contact\double_contact_p03_61.mp4,double_contact,p03,61,volunteer,data/keypoints\double_contact\double_contact_p03_61.npy,87,train
data/raw_clips\double_contact\double_contact_p03_62.mp4,double_contact,p03,62,volunteer,data/keypoints\double_contact\double_contact_p03_62.npy,79,train
data/raw_clips\double_contact\double_contact_p03_63.mp4,double_contact,p03,63,volunteer,data/keypoints\double_contact\double_contact_p03_63.npy,84,train
data/raw_clips\double_contact\double_contact_p03_64.mp4,double_contact,p03,64,volunteer,data/keypoints\double_contact\double_contact_p03_64.npy,87,train
data/raw_clips\double_contact\double_contact_p03_65.mp4,double_contact,p03,65,volunteer,data/keypoints\double_contact\double_contact_p03_65.npy,86,train
data/raw_clips\double_contact\double_contact_p03_66.mp4,double_contact,p03,66,volunteer,data/keypoints\double_contact\double_contact_p03_66.npy,101,train
data/raw_clips\double_contact\double_contact_p03_67.mp4,double_contact,p03,67,volunteer,data/keypoints\double_contact\double_contact_p03_67.npy,92,train
data/raw_clips\double_contact\double_contact_p03_68.mp4,double_contact,p03,68,volunteer,data/keypoints\double_contact\double_contact_p03_68.npy,89,train
data/raw_clips\double_contact\double_contact_p03_69.mp4,double_contact,p03,69,volunteer,data/keypoints\double_contact\double_contact_p03_69.npy,90,train
data/raw_clips\double_contact\double_contact_p03_7.mp4,double_contact,p03,7,volunteer,data/keypoints\double_contact\double_contact_p03_7.npy,94,train
data/raw_clips\double_contact\double_contact_p03_70.mp4,double_contact,p03,70,volunteer,data/keypoints\double_contact\double_contact_p03_70.npy,96,train
data/raw_clips\double_contact\double_contact_p03_71.mp4,double_contact,p03,71,volunteer,data/keypoints\double_contact\double_contact_p03_71.npy,87,train
data/raw_clips\double_contact\double_contact_p03_72.mp4,double_contact,p03,72,volunteer,data/keypoints\double_contact\double_contact_p03_72.npy,95,train
data/raw_clips\double_contact\double_contact_p03_73.mp4,double_contact,p03,73,volunteer,data/keypoints\double_contact\double_contact_p03_73.npy,93,train
data/raw_clips\double_contact\double_contact_p03_74.mp4,double_contact,p03,74,volunteer,data/keypoints\double_contact\double_contact_p03_74.npy,93,train
data/raw_clips\double_contact\double_contact_p03_75.mp4,double_contact,p03,75,volunteer,data/keypoints\double_contact\double_contact_p03_75.npy,86,train
data/raw_clips\double_contact\double_contact_p03_76.mp4,double_contact,p03,76,volunteer,data/keypoints\double_contact\double_contact_p03_76.npy,93,train
data/raw_clips\double_contact\double_contact_p03_77.mp4,double_contact,p03,77,volunteer,data/keypoints\double_contact\double_contact_p03_77.npy,92,train
data/raw_clips\double_contact\double_contact_p03_78.mp4,double_contact,p03,78,volunteer,data/keypoints\double_contact\double_contact_p03_78.npy,81,train
data/raw_clips\double_contact\double_contact_p03_79.mp4,double_contact,p03,79,volunteer,data/keypoints\double_contact\double_contact_p03_79.npy,81,train
data/raw_clips\double_contact\double_contact_p03_8.mp4,double_contact,p03,8,volunteer,data/keypoints\double_contact\double_contact_p03_8.npy,84,train
data/raw_clips\double_contact\double_contact_p03_80.mp4,double_contact,p03,80,volunteer,data/keypoints\double_contact\double_contact_p03_80.npy,75,train
data/raw_clips\double_contact\double_contact_p03_81.mp4,double_contact,p03,81,volunteer,data/keypoints\double_contact\double_contact_p03_81.npy,78,train
data/raw_clips\double_contact\double_contact_p03_82.mp4,double_contact,p03,82,volunteer,data/keypoints\double_contact\double_contact_p03_82.npy,88,train
data/raw_clips\double_contact\double_contact_p03_83.mp4,double_contact,p03,83,volunteer,data/keypoints\double_contact\double_contact_p03_83.npy,84,train
data/raw_clips\double_contact\double_contact_p03_84.mp4,double_contact,p03,84,volunteer,data/keypoints\double_contact\double_contact_p03_84.npy,123,train
data/raw_clips\double_contact\double_contact_p03_85.mp4,double_contact,p03,85,volunteer,data/keypoints\double_contact\double_contact_p03_85.npy,99,train
data/raw_clips\double_contact\double_contact_p03_86.mp4,double_contact,p03,86,volunteer,data/keypoints\double_contact\double_contact_p03_86.npy,107,train
data/raw_clips\double_contact\double_contact_p03_87.mp4,double_contact,p03,87,volunteer,data/keypoints\double_contact\double_contact_p03_87.npy,87,train
data/raw_clips\double_contact\double_contact_p03_88.mp4,double_contact,p03,88,volunteer,data/keypoints\double_contact\double_contact_p03_88.npy,96,train
data/raw_clips\double_contact\double_contact_p03_89.mp4,double_contact,p03,89,volunteer,data/keypoints\double_contact\double_contact_p03_89.npy,90,train
data/raw_clips\double_contact\double_contact_p03_9.mp4,double_contact,p03,9,volunteer,data/keypoints\double_contact\double_contact_p03_9.npy,91,train
data/raw_clips\double_contact\double_contact_p03_90.mp4,double_contact,p03,90,volunteer,data/keypoints\double_contact\double_contact_p03_90.npy,93,train
data/raw_clips\double_contact\double_contact_p03_91.mp4,double_contact,p03,91,volunteer,data/keypoints\double_contact\double_contact_p03_91.npy,74,train
data/raw_clips\double_contact\double_contact_p03_92.mp4,double_contact,p03,92,volunteer,data/keypoints\double_contact\double_contact_p03_92.npy,104,train
data/raw_clips\double_contact\double_contact_p03_93.mp4,double_contact,p03,93,volunteer,data/keypoints\double_contact\double_contact_p03_93.npy,96,train
data/raw_clips\double_contact\double_contact_p03_94.mp4,double_contact,p03,94,volunteer,data/keypoints\double_contact\double_contact_p03_94.npy,81,train
data/raw_clips\double_contact\double_contact_p03_95.mp4,double_contact,p03,95,volunteer,data/keypoints\double_contact\double_contact_p03_95.npy,79,train
data/raw_clips\double_contact\double_contact_p03_96.mp4,double_contact,p03,96,volunteer,data/keypoints\double_contact\double_contact_p03_96.npy,87,train
data/raw_clips\double_contact\double_contact_p03_97.mp4,double_contact,p03,97,volunteer,data/keypoints\double_contact\double_contact_p03_97.npy,87,train
data/raw_clips\double_contact\double_contact_p03_98.mp4,double_contact,p03,98,volunteer,data/keypoints\double_contact\double_contact_p03_98.npy,85,train
data/raw_clips\double_contact\double_contact_p03_99.mp4,double_contact,p03,99,volunteer,data/keypoints\double_contact\double_contact_p03_99.npy,80,train
data/raw_clips\double_contact\double_contact_p04_1.mp4,double_contact,p04,1,volunteer,data/keypoints\double_contact\double_contact_p04_1.npy,51,train
data/raw_clips\double_contact\double_contact_p04_10.mp4,double_contact,p04,10,volunteer,data/keypoints\double_contact\double_contact_p04_10.npy,51,train
data/raw_clips\double_contact\double_contact_p04_11.mp4,double_contact,p04,11,volunteer,data/keypoints\double_contact\double_contact_p04_11.npy,50,train
data/raw_clips\double_contact\double_contact_p04_12.mp4,double_contact,p04,12,volunteer,data/keypoints\double_contact\double_contact_p04_12.npy,54,train
data/raw_clips\double_contact\double_contact_p04_13.mp4,double_contact,p04,13,volunteer,data/keypoints\double_contact\double_contact_p04_13.npy,50,train
data/raw_clips\double_contact\double_contact_p04_14.mp4,double_contact,p04,14,volunteer,data/keypoints\double_contact\double_contact_p04_14.npy,54,train
data/raw_clips\double_contact\double_contact_p04_15.mp4,double_contact,p04,15,volunteer,data/keypoints\double_contact\double_contact_p04_15.npy,49,train
data/raw_clips\double_contact\double_contact_p04_16.mp4,double_contact,p04,16,volunteer,data/keypoints\double_contact\double_contact_p04_16.npy,55,train
data/raw_clips\double_contact\double_contact_p04_17.mp4,double_contact,p04,17,volunteer,data/keypoints\double_contact\double_contact_p04_17.npy,47,train
data/raw_clips\double_contact\double_contact_p04_18.mp4,double_contact,p04,18,volunteer,data/keypoints\double_contact\double_contact_p04_18.npy,51,train
data/raw_clips\double_contact\double_contact_p04_19.mp4,double_contact,p04,19,volunteer,data/keypoints\double_contact\double_contact_p04_19.npy,53,train
data/raw_clips\double_contact\double_contact_p04_2.mp4,double_contact,p04,2,volunteer,data/keypoints\double_contact\double_contact_p04_2.npy,53,train
data/raw_clips\double_contact\double_contact_p04_20.mp4,double_contact,p04,20,volunteer,data/keypoints\double_contact\double_contact_p04_20.npy,53,train
data/raw_clips\double_contact\double_contact_p04_3.mp4,double_contact,p04,3,volunteer,data/keypoints\double_contact\double_contact_p04_3.npy,53,train
data/raw_clips\double_contact\double_contact_p04_4.mp4,double_contact,p04,4,volunteer,data/keypoints\double_contact\double_contact_p04_4.npy,54,train
data/raw_clips\double_contact\double_contact_p04_5.mp4,double_contact,p04,5,volunteer,data/keypoints\double_contact\double_contact_p04_5.npy,51,train
data/raw_clips\double_contact\double_contact_p04_6.mp4,double_contact,p04,6,volunteer,data/keypoints\double_contact\double_contact_p04_6.npy,54,train
data/raw_clips\double_contact\double_contact_p04_7.mp4,double_contact,p04,7,volunteer,data/keypoints\double_contact\double_contact_p04_7.npy,57,train
data/raw_clips\double_contact\double_contact_p04_8.mp4,double_contact,p04,8,volunteer,data/keypoints\double_contact\double_contact_p04_8.npy,57,train
data/raw_clips\double_contact\double_contact_p04_9.mp4,double_contact,p04,9,volunteer,data/keypoints\double_contact\double_contact_p04_9.npy,50,train
data/raw_clips\double_contact\double_contact_p05_1.mp4,double_contact,p05,1,volunteer,data/keypoints\double_contact\double_contact_p05_1.npy,75,test
data/raw_clips\double_contact\double_contact_p05_10.mp4,double_contact,p05,10,volunteer,data/keypoints\double_contact\double_contact_p05_10.npy,61,test
data/raw_clips\double_contact\double_contact_p05_11.mp4,double_contact,p05,11,volunteer,data/keypoints\double_contact\double_contact_p05_11.npy,63,test
data/raw_clips\double_contact\double_contact_p05_12.mp4,double_contact,p05,12,volunteer,data/keypoints\double_contact\double_contact_p05_12.npy,70,test
data/raw_clips\double_contact\double_contact_p05_13.mp4,double_contact,p05,13,volunteer,data/keypoints\double_contact\double_contact_p05_13.npy,71,test
data/raw_clips\double_contact\double_contact_p05_14.mp4,double_contact,p05,14,volunteer,data/keypoints\double_contact\double_contact_p05_14.npy,68,test
data/raw_clips\double_contact\double_contact_p05_15.mp4,double_contact,p05,15,volunteer,data/keypoints\double_contact\double_contact_p05_15.npy,69,test
data/raw_clips\double_contact\double_contact_p05_16.mp4,double_contact,p05,16,volunteer,data/keypoints\double_contact\double_contact_p05_16.npy,68,test
data/raw_clips\double_contact\double_contact_p05_17.mp4,double_contact,p05,17,volunteer,data/keypoints\double_contact\double_contact_p05_17.npy,69,test
data/raw_clips\double_contact\double_contact_p05_18.mp4,double_contact,p05,18,volunteer,data/keypoints\double_contact\double_contact_p05_18.npy,66,test
data/raw_clips\double_contact\double_contact_p05_2.mp4,double_contact,p05,2,volunteer,data/keypoints\double_contact\double_contact_p05_2.npy,69,test
data/raw_clips\double_contact\double_contact_p05_3.mp4,double_contact,p05,3,volunteer,data/keypoints\double_contact\double_contact_p05_3.npy,59,test
data/raw_clips\double_contact\double_contact_p05_4.mp4,double_contact,p05,4,volunteer,data/keypoints\double_contact\double_contact_p05_4.npy,75,test
data/raw_clips\double_contact\double_contact_p05_5.mp4,double_contact,p05,5,volunteer,data/keypoints\double_contact\double_contact_p05_5.npy,66,test
data/raw_clips\double_contact\double_contact_p05_6.mp4,double_contact,p05,6,volunteer,data/keypoints\double_contact\double_contact_p05_6.npy,81,test
data/raw_clips\double_contact\double_contact_p05_7.mp4,double_contact,p05,7,volunteer,data/keypoints\double_contact\double_contact_p05_7.npy,62,test
data/raw_clips\double_contact\double_contact_p05_8.mp4,double_contact,p05,8,volunteer,data/keypoints\double_contact\double_contact_p05_8.npy,66,test
data/raw_clips\double_contact\double_contact_p07_1.mp4,double_contact,p07,1,volunteer,data/keypoints\double_contact\double_contact_p07_1.npy,103,train
data/raw_clips\double_contact\double_contact_p07_2.mp4,double_contact,p07,2,volunteer,data/keypoints\double_contact\double_contact_p07_2.npy,78,train
data/raw_clips\double_contact\double_contact_p07_3.mp4,double_contact,p07,3,volunteer,data/keypoints\double_contact\double_contact_p07_3.npy,90,train
data/raw_clips\double_contact\double_contact_p07_4.mp4,double_contact,p07,4,volunteer,data/keypoints\double_contact\double_contact_p07_4.npy,82,train
data/raw_clips\double_contact\double_contact_p07_5.mp4,double_contact,p07,5,volunteer,data/keypoints\double_contact\double_contact_p07_5.npy,82,train
data/raw_clips\double_contact\double_contact_p07_6.mp4,double_contact,p07,6,volunteer,data/keypoints\double_contact\double_contact_p07_6.npy,73,train
data/raw_clips\double_contact\double_contact_p07_7.mp4,double_contact,p07,7,volunteer,data/keypoints\double_contact\double_contact_p07_7.npy,67,train
data/raw_clips\double_contact\double_contact_p07_8.mp4,double_contact,p07,8,volunteer,data/keypoints\double_contact\double_contact_p07_8.npy,74,train
data/raw_clips\double_contact\double_contact_p08_1.mp4,double_contact,p08,1,volunteer,data/keypoints\double_contact\double_contact_p08_1.npy,78,train
data/raw_clips\double_contact\double_contact_p08_10.mp4,double_contact,p08,10,volunteer,data/keypoints\double_contact\double_contact_p08_10.npy,72,train
data/raw_clips\double_contact\double_contact_p08_100.mp4,double_contact,p08,100,volunteer,data/keypoints\double_contact\double_contact_p08_100.npy,69,train
data/raw_clips\double_contact\double_contact_p08_11.mp4,double_contact,p08,11,volunteer,data/keypoints\double_contact\double_contact_p08_11.npy,66,train
data/raw_clips\double_contact\double_contact_p08_12.mp4,double_contact,p08,12,volunteer,data/keypoints\double_contact\double_contact_p08_12.npy,70,train
data/raw_clips\double_contact\double_contact_p08_13.mp4,double_contact,p08,13,volunteer,data/keypoints\double_contact\double_contact_p08_13.npy,75,train
data/raw_clips\double_contact\double_contact_p08_14.mp4,double_contact,p08,14,volunteer,data/keypoints\double_contact\double_contact_p08_14.npy,78,train
data/raw_clips\double_contact\double_contact_p08_15.mp4,double_contact,p08,15,volunteer,data/keypoints\double_contact\double_contact_p08_15.npy,84,train
data/raw_clips\double_contact\double_contact_p08_16.mp4,double_contact,p08,16,volunteer,data/keypoints\double_contact\double_contact_p08_16.npy,84,train
data/raw_clips\double_contact\double_contact_p08_17.mp4,double_contact,p08,17,volunteer,data/keypoints\double_contact\double_contact_p08_17.npy,81,train
data/raw_clips\double_contact\double_contact_p08_18.mp4,double_contact,p08,18,volunteer,data/keypoints\double_contact\double_contact_p08_18.npy,73,train
data/raw_clips\double_contact\double_contact_p08_19.mp4,double_contact,p08,19,volunteer,data/keypoints\double_contact\double_contact_p08_19.npy,69,train
data/raw_clips\double_contact\double_contact_p08_2.mp4,double_contact,p08,2,volunteer,data/keypoints\double_contact\double_contact_p08_2.npy,71,train
data/raw_clips\double_contact\double_contact_p08_20.mp4,double_contact,p08,20,volunteer,data/keypoints\double_contact\double_contact_p08_20.npy,75,train
data/raw_clips\double_contact\double_contact_p08_21.mp4,double_contact,p08,21,volunteer,data/keypoints\double_contact\double_contact_p08_21.npy,76,train
data/raw_clips\double_contact\double_contact_p08_22.mp4,double_contact,p08,22,volunteer,data/keypoints\double_contact\double_contact_p08_22.npy,72,train
data/raw_clips\double_contact\double_contact_p08_23.mp4,double_contact,p08,23,volunteer,data/keypoints\double_contact\double_contact_p08_23.npy,63,train
data/raw_clips\double_contact\double_contact_p08_24.mp4,double_contact,p08,24,volunteer,data/keypoints\double_contact\double_contact_p08_24.npy,70,train
data/raw_clips\double_contact\double_contact_p08_25.mp4,double_contact,p08,25,volunteer,data/keypoints\double_contact\double_contact_p08_25.npy,77,train
data/raw_clips\double_contact\double_contact_p08_26.mp4,double_contact,p08,26,volunteer,data/keypoints\double_contact\double_contact_p08_26.npy,70,train
data/raw_clips\double_contact\double_contact_p08_27.mp4,double_contact,p08,27,volunteer,data/keypoints\double_contact\double_contact_p08_27.npy,76,train
data/raw_clips\double_contact\double_contact_p08_28.mp4,double_contact,p08,28,volunteer,data/keypoints\double_contact\double_contact_p08_28.npy,80,train
data/raw_clips\double_contact\double_contact_p08_29.mp4,double_contact,p08,29,volunteer,data/keypoints\double_contact\double_contact_p08_29.npy,77,train
data/raw_clips\double_contact\double_contact_p08_3.mp4,double_contact,p08,3,volunteer,data/keypoints\double_contact\double_contact_p08_3.npy,67,train
data/raw_clips\double_contact\double_contact_p08_30.mp4,double_contact,p08,30,volunteer,data/keypoints\double_contact\double_contact_p08_30.npy,78,train
data/raw_clips\double_contact\double_contact_p08_31.mp4,double_contact,p08,31,volunteer,data/keypoints\double_contact\double_contact_p08_31.npy,72,train
data/raw_clips\double_contact\double_contact_p08_32.mp4,double_contact,p08,32,volunteer,data/keypoints\double_contact\double_contact_p08_32.npy,79,train
data/raw_clips\double_contact\double_contact_p08_33.mp4,double_contact,p08,33,volunteer,data/keypoints\double_contact\double_contact_p08_33.npy,75,train
data/raw_clips\double_contact\double_contact_p08_34.mp4,double_contact,p08,34,volunteer,data/keypoints\double_contact\double_contact_p08_34.npy,69,train
data/raw_clips\double_contact\double_contact_p08_35.mp4,double_contact,p08,35,volunteer,data/keypoints\double_contact\double_contact_p08_35.npy,78,train
data/raw_clips\double_contact\double_contact_p08_36.mp4,double_contact,p08,36,volunteer,data/keypoints\double_contact\double_contact_p08_36.npy,75,train
data/raw_clips\double_contact\double_contact_p08_37.mp4,double_contact,p08,37,volunteer,data/keypoints\double_contact\double_contact_p08_37.npy,70,train
data/raw_clips\double_contact\double_contact_p08_38.mp4,double_contact,p08,38,volunteer,data/keypoints\double_contact\double_contact_p08_38.npy,75,train
data/raw_clips\double_contact\double_contact_p08_39.mp4,double_contact,p08,39,volunteer,data/keypoints\double_contact\double_contact_p08_39.npy,75,train
data/raw_clips\double_contact\double_contact_p08_4.mp4,double_contact,p08,4,volunteer,data/keypoints\double_contact\double_contact_p08_4.npy,70,train
data/raw_clips\double_contact\double_contact_p08_40.mp4,double_contact,p08,40,volunteer,data/keypoints\double_contact\double_contact_p08_40.npy,78,train
data/raw_clips\double_contact\double_contact_p08_41.mp4,double_contact,p08,41,volunteer,data/keypoints\double_contact\double_contact_p08_41.npy,73,train
data/raw_clips\double_contact\double_contact_p08_42.mp4,double_contact,p08,42,volunteer,data/keypoints\double_contact\double_contact_p08_42.npy,75,train
data/raw_clips\double_contact\double_contact_p08_43.mp4,double_contact,p08,43,volunteer,data/keypoints\double_contact\double_contact_p08_43.npy,75,train
data/raw_clips\double_contact\double_contact_p08_44.mp4,double_contact,p08,44,volunteer,data/keypoints\double_contact\double_contact_p08_44.npy,91,train
data/raw_clips\double_contact\double_contact_p08_45.mp4,double_contact,p08,45,volunteer,data/keypoints\double_contact\double_contact_p08_45.npy,64,train
data/raw_clips\double_contact\double_contact_p08_46.mp4,double_contact,p08,46,volunteer,data/keypoints\double_contact\double_contact_p08_46.npy,67,train
data/raw_clips\double_contact\double_contact_p08_47.mp4,double_contact,p08,47,volunteer,data/keypoints\double_contact\double_contact_p08_47.npy,69,train
data/raw_clips\double_contact\double_contact_p08_48.mp4,double_contact,p08,48,volunteer,data/keypoints\double_contact\double_contact_p08_48.npy,69,train
data/raw_clips\double_contact\double_contact_p08_49.mp4,double_contact,p08,49,volunteer,data/keypoints\double_contact\double_contact_p08_49.npy,71,train
data/raw_clips\double_contact\double_contact_p08_5.mp4,double_contact,p08,5,volunteer,data/keypoints\double_contact\double_contact_p08_5.npy,72,train
data/raw_clips\double_contact\double_contact_p08_50.mp4,double_contact,p08,50,volunteer,data/keypoints\double_contact\double_contact_p08_50.npy,68,train
data/raw_clips\double_contact\double_contact_p08_51.mp4,double_contact,p08,51,volunteer,data/keypoints\double_contact\double_contact_p08_51.npy,69,train
data/raw_clips\double_contact\double_contact_p08_52.mp4,double_contact,p08,52,volunteer,data/keypoints\double_contact\double_contact_p08_52.npy,64,train
data/raw_clips\double_contact\double_contact_p08_53.mp4,double_contact,p08,53,volunteer,data/keypoints\double_contact\double_contact_p08_53.npy,69,train
data/raw_clips\double_contact\double_contact_p08_54.mp4,double_contact,p08,54,volunteer,data/keypoints\double_contact\double_contact_p08_54.npy,69,train
data/raw_clips\double_contact\double_contact_p08_55.mp4,double_contact,p08,55,volunteer,data/keypoints\double_contact\double_contact_p08_55.npy,75,train
data/raw_clips\double_contact\double_contact_p08_56.mp4,double_contact,p08,56,volunteer,data/keypoints\double_contact\double_contact_p08_56.npy,77,train
data/raw_clips\double_contact\double_contact_p08_57.mp4,double_contact,p08,57,volunteer,data/keypoints\double_contact\double_contact_p08_57.npy,74,train
data/raw_clips\double_contact\double_contact_p08_58.mp4,double_contact,p08,58,volunteer,data/keypoints\double_contact\double_contact_p08_58.npy,72,train
data/raw_clips\double_contact\double_contact_p08_59.mp4,double_contact,p08,59,volunteer,data/keypoints\double_contact\double_contact_p08_59.npy,76,train
data/raw_clips\double_contact\double_contact_p08_6.mp4,double_contact,p08,6,volunteer,data/keypoints\double_contact\double_contact_p08_6.npy,69,train
data/raw_clips\double_contact\double_contact_p08_60.mp4,double_contact,p08,60,volunteer,data/keypoints\double_contact\double_contact_p08_60.npy,76,train
data/raw_clips\double_contact\double_contact_p08_61.mp4,double_contact,p08,61,volunteer,data/keypoints\double_contact\double_contact_p08_61.npy,60,train
data/raw_clips\double_contact\double_contact_p08_62.mp4,double_contact,p08,62,volunteer,data/keypoints\double_contact\double_contact_p08_62.npy,83,train
data/raw_clips\double_contact\double_contact_p08_63.mp4,double_contact,p08,63,volunteer,data/keypoints\double_contact\double_contact_p08_63.npy,79,train
data/raw_clips\double_contact\double_contact_p08_64.mp4,double_contact,p08,64,volunteer,data/keypoints\double_contact\double_contact_p08_64.npy,82,train
data/raw_clips\double_contact\double_contact_p08_65.mp4,double_contact,p08,65,volunteer,data/keypoints\double_contact\double_contact_p08_65.npy,83,train
data/raw_clips\double_contact\double_contact_p08_66.mp4,double_contact,p08,66,volunteer,data/keypoints\double_contact\double_contact_p08_66.npy,77,train
data/raw_clips\double_contact\double_contact_p08_67.mp4,double_contact,p08,67,volunteer,data/keypoints\double_contact\double_contact_p08_67.npy,77,train
data/raw_clips\double_contact\double_contact_p08_68.mp4,double_contact,p08,68,volunteer,data/keypoints\double_contact\double_contact_p08_68.npy,83,train
data/raw_clips\double_contact\double_contact_p08_69.mp4,double_contact,p08,69,volunteer,data/keypoints\double_contact\double_contact_p08_69.npy,96,train
data/raw_clips\double_contact\double_contact_p08_7.mp4,double_contact,p08,7,volunteer,data/keypoints\double_contact\double_contact_p08_7.npy,72,train
data/raw_clips\double_contact\double_contact_p08_70.mp4,double_contact,p08,70,volunteer,data/keypoints\double_contact\double_contact_p08_70.npy,89,train
data/raw_clips\double_contact\double_contact_p08_71.mp4,double_contact,p08,71,volunteer,data/keypoints\double_contact\double_contact_p08_71.npy,83,train
data/raw_clips\double_contact\double_contact_p08_72.mp4,double_contact,p08,72,volunteer,data/keypoints\double_contact\double_contact_p08_72.npy,67,train
data/raw_clips\double_contact\double_contact_p08_73.mp4,double_contact,p08,73,volunteer,data/keypoints\double_contact\double_contact_p08_73.npy,92,train
data/raw_clips\double_contact\double_contact_p08_74.mp4,double_contact,p08,74,volunteer,data/keypoints\double_contact\double_contact_p08_74.npy,84,train
data/raw_clips\double_contact\double_contact_p08_75.mp4,double_contact,p08,75,volunteer,data/keypoints\double_contact\double_contact_p08_75.npy,93,train
data/raw_clips\double_contact\double_contact_p08_76.mp4,double_contact,p08,76,volunteer,data/keypoints\double_contact\double_contact_p08_76.npy,94,train
data/raw_clips\double_contact\double_contact_p08_77.mp4,double_contact,p08,77,volunteer,data/keypoints\double_contact\double_contact_p08_77.npy,93,train
data/raw_clips\double_contact\double_contact_p08_78.mp4,double_contact,p08,78,volunteer,data/keypoints\double_contact\double_contact_p08_78.npy,92,train
data/raw_clips\double_contact\double_contact_p08_79.mp4,double_contact,p08,79,volunteer,data/keypoints\double_contact\double_contact_p08_79.npy,98,train
data/raw_clips\double_contact\double_contact_p08_8.mp4,double_contact,p08,8,volunteer,data/keypoints\double_contact\double_contact_p08_8.npy,69,train
data/raw_clips\double_contact\double_contact_p08_80.mp4,double_contact,p08,80,volunteer,data/keypoints\double_contact\double_contact_p08_80.npy,97,train
data/raw_clips\double_contact\double_contact_p08_81.mp4,double_contact,p08,81,volunteer,data/keypoints\double_contact\double_contact_p08_81.npy,91,train
data/raw_clips\double_contact\double_contact_p08_82.mp4,double_contact,p08,82,volunteer,data/keypoints\double_contact\double_contact_p08_82.npy,93,train
data/raw_clips\double_contact\double_contact_p08_83.mp4,double_contact,p08,83,volunteer,data/keypoints\double_contact\double_contact_p08_83.npy,69,train
data/raw_clips\double_contact\double_contact_p08_84.mp4,double_contact,p08,84,volunteer,data/keypoints\double_contact\double_contact_p08_84.npy,88,train
data/raw_clips\double_contact\double_contact_p08_85.mp4,double_contact,p08,85,volunteer,data/keypoints\double_contact\double_contact_p08_85.npy,93,train
data/raw_clips\double_contact\double_contact_p08_86.mp4,double_contact,p08,86,volunteer,data/keypoints\double_contact\double_contact_p08_86.npy,93,train
data/raw_clips\double_contact\double_contact_p08_87.mp4,double_contact,p08,87,volunteer,data/keypoints\double_contact\double_contact_p08_87.npy,90,train
data/raw_clips\double_contact\double_contact_p08_88.mp4,double_contact,p08,88,volunteer,data/keypoints\double_contact\double_contact_p08_88.npy,88,train
data/raw_clips\double_contact\double_contact_p08_89.mp4,double_contact,p08,89,volunteer,data/keypoints\double_contact\double_contact_p08_89.npy,93,train
data/raw_clips\double_contact\double_contact_p08_9.mp4,double_contact,p08,9,volunteer,data/keypoints\double_contact\double_contact_p08_9.npy,73,train
data/raw_clips\double_contact\double_contact_p08_90.mp4,double_contact,p08,90,volunteer,data/keypoints\double_contact\double_contact_p08_90.npy,90,train
data/raw_clips\double_contact\double_contact_p08_91.mp4,double_contact,p08,91,volunteer,data/keypoints\double_contact\double_contact_p08_91.npy,83,train
data/raw_clips\double_contact\double_contact_p08_92.mp4,double_contact,p08,92,volunteer,data/keypoints\double_contact\double_contact_p08_92.npy,87,train
data/raw_clips\double_contact\double_contact_p08_93.mp4,double_contact,p08,93,volunteer,data/keypoints\double_contact\double_contact_p08_93.npy,95,train
data/raw_clips\double_contact\double_contact_p08_94.mp4,double_contact,p08,94,volunteer,data/keypoints\double_contact\double_contact_p08_94.npy,71,train
data/raw_clips\double_contact\double_contact_p08_95.mp4,double_contact,p08,95,volunteer,data/keypoints\double_contact\double_contact_p08_95.npy,96,train
data/raw_clips\double_contact\double_contact_p08_96.mp4,double_contact,p08,96,volunteer,data/keypoints\double_contact\double_contact_p08_96.npy,89,train
data/raw_clips\double_contact\double_contact_p08_97.mp4,double_contact,p08,97,volunteer,data/keypoints\double_contact\double_contact_p08_97.npy,68,train
data/raw_clips\double_contact\double_contact_p08_98.mp4,double_contact,p08,98,volunteer,data/keypoints\double_contact\double_contact_p08_98.npy,81,train
data/raw_clips\double_contact\double_contact_p08_99.mp4,double_contact,p08,99,volunteer,data/keypoints\double_contact\double_contact_p08_99.npy,69,train
data/raw_clips\double_contact\double_contact_p09_1.mp4,double_contact,p09,1,volunteer,data/keypoints\double_contact\double_contact_p09_1.npy,60,val
data/raw_clips\double_contact\double_contact_p09_10.mp4,double_contact,p09,10,volunteer,data/keypoints\double_contact\double_contact_p09_10.npy,65,val
data/raw_clips\double_contact\double_contact_p09_11.mp4,double_contact,p09,11,volunteer,data/keypoints\double_contact\double_contact_p09_11.npy,60,val
data/raw_clips\double_contact\double_contact_p09_12.mp4,double_contact,p09,12,volunteer,data/keypoints\double_contact\double_contact_p09_12.npy,54,val
data/raw_clips\double_contact\double_contact_p09_13.mp4,double_contact,p09,13,volunteer,data/keypoints\double_contact\double_contact_p09_13.npy,66,val
data/raw_clips\double_contact\double_contact_p09_14.mp4,double_contact,p09,14,volunteer,data/keypoints\double_contact\double_contact_p09_14.npy,61,val
data/raw_clips\double_contact\double_contact_p09_15.mp4,double_contact,p09,15,volunteer,data/keypoints\double_contact\double_contact_p09_15.npy,63,val
data/raw_clips\double_contact\double_contact_p09_16.mp4,double_contact,p09,16,volunteer,data/keypoints\double_contact\double_contact_p09_16.npy,60,val
data/raw_clips\double_contact\double_contact_p09_17.mp4,double_contact,p09,17,volunteer,data/keypoints\double_contact\double_contact_p09_17.npy,68,val
data/raw_clips\double_contact\double_contact_p09_18.mp4,double_contact,p09,18,volunteer,data/keypoints\double_contact\double_contact_p09_18.npy,68,val
data/raw_clips\double_contact\double_contact_p09_19.mp4,double_contact,p09,19,volunteer,data/keypoints\double_contact\double_contact_p09_19.npy,72,val
data/raw_clips\double_contact\double_contact_p09_2.mp4,double_contact,p09,2,volunteer,data/keypoints\double_contact\double_contact_p09_2.npy,56,val
data/raw_clips\double_contact\double_contact_p09_20.mp4,double_contact,p09,20,volunteer,data/keypoints\double_contact\double_contact_p09_20.npy,64,val
data/raw_clips\double_contact\double_contact_p09_21.mp4,double_contact,p09,21,volunteer,data/keypoints\double_contact\double_contact_p09_21.npy,78,val
data/raw_clips\double_contact\double_contact_p09_22.mp4,double_contact,p09,22,volunteer,data/keypoints\double_contact\double_contact_p09_22.npy,69,val
data/raw_clips\double_contact\double_contact_p09_23.mp4,double_contact,p09,23,volunteer,data/keypoints\double_contact\double_contact_p09_23.npy,67,val
data/raw_clips\double_contact\double_contact_p09_24.mp4,double_contact,p09,24,volunteer,data/keypoints\double_contact\double_contact_p09_24.npy,73,val
data/raw_clips\double_contact\double_contact_p09_25.mp4,double_contact,p09,25,volunteer,data/keypoints\double_contact\double_contact_p09_25.npy,66,val
data/raw_clips\double_contact\double_contact_p09_26.mp4,double_contact,p09,26,volunteer,data/keypoints\double_contact\double_contact_p09_26.npy,75,val
data/raw_clips\double_contact\double_contact_p09_27.mp4,double_contact,p09,27,volunteer,data/keypoints\double_contact\double_contact_p09_27.npy,73,val
data/raw_clips\double_contact\double_contact_p09_28.mp4,double_contact,p09,28,volunteer,data/keypoints\double_contact\double_contact_p09_28.npy,66,val
data/raw_clips\double_contact\double_contact_p09_29.mp4,double_contact,p09,29,volunteer,data/keypoints\double_contact\double_contact_p09_29.npy,69,val
data/raw_clips\double_contact\double_contact_p09_3.mp4,double_contact,p09,3,volunteer,data/keypoints\double_contact\double_contact_p09_3.npy,73,val
data/raw_clips\double_contact\double_contact_p09_30.mp4,double_contact,p09,30,volunteer,data/keypoints\double_contact\double_contact_p09_30.npy,69,val
data/raw_clips\double_contact\double_contact_p09_31.mp4,double_contact,p09,31,volunteer,data/keypoints\double_contact\double_contact_p09_31.npy,73,val
data/raw_clips\double_contact\double_contact_p09_32.mp4,double_contact,p09,32,volunteer,data/keypoints\double_contact\double_contact_p09_32.npy,75,val
data/raw_clips\double_contact\double_contact_p09_33.mp4,double_contact,p09,33,volunteer,data/keypoints\double_contact\double_contact_p09_33.npy,71,val
data/raw_clips\double_contact\double_contact_p09_34.mp4,double_contact,p09,34,volunteer,data/keypoints\double_contact\double_contact_p09_34.npy,60,val
data/raw_clips\double_contact\double_contact_p09_35.mp4,double_contact,p09,35,volunteer,data/keypoints\double_contact\double_contact_p09_35.npy,72,val
data/raw_clips\double_contact\double_contact_p09_36.mp4,double_contact,p09,36,volunteer,data/keypoints\double_contact\double_contact_p09_36.npy,75,val
data/raw_clips\double_contact\double_contact_p09_37.mp4,double_contact,p09,37,volunteer,data/keypoints\double_contact\double_contact_p09_37.npy,74,val
data/raw_clips\double_contact\double_contact_p09_38.mp4,double_contact,p09,38,volunteer,data/keypoints\double_contact\double_contact_p09_38.npy,74,val
data/raw_clips\double_contact\double_contact_p09_39.mp4,double_contact,p09,39,volunteer,data/keypoints\double_contact\double_contact_p09_39.npy,75,val
data/raw_clips\double_contact\double_contact_p09_4.mp4,double_contact,p09,4,volunteer,data/keypoints\double_contact\double_contact_p09_4.npy,66,val
data/raw_clips\double_contact\double_contact_p09_40.mp4,double_contact,p09,40,volunteer,data/keypoints\double_contact\double_contact_p09_40.npy,72,val
data/raw_clips\double_contact\double_contact_p09_41.mp4,double_contact,p09,41,volunteer,data/keypoints\double_contact\double_contact_p09_41.npy,74,val
data/raw_clips\double_contact\double_contact_p09_42.mp4,double_contact,p09,42,volunteer,data/keypoints\double_contact\double_contact_p09_42.npy,71,val
data/raw_clips\double_contact\double_contact_p09_43.mp4,double_contact,p09,43,volunteer,data/keypoints\double_contact\double_contact_p09_43.npy,72,val
data/raw_clips\double_contact\double_contact_p09_44.mp4,double_contact,p09,44,volunteer,data/keypoints\double_contact\double_contact_p09_44.npy,72,val
data/raw_clips\double_contact\double_contact_p09_45.mp4,double_contact,p09,45,volunteer,data/keypoints\double_contact\double_contact_p09_45.npy,65,val
data/raw_clips\double_contact\double_contact_p09_46.mp4,double_contact,p09,46,volunteer,data/keypoints\double_contact\double_contact_p09_46.npy,72,val
data/raw_clips\double_contact\double_contact_p09_47.mp4,double_contact,p09,47,volunteer,data/keypoints\double_contact\double_contact_p09_47.npy,57,val
data/raw_clips\double_contact\double_contact_p09_48.mp4,double_contact,p09,48,volunteer,data/keypoints\double_contact\double_contact_p09_48.npy,64,val
data/raw_clips\double_contact\double_contact_p09_49.mp4,double_contact,p09,49,volunteer,data/keypoints\double_contact\double_contact_p09_49.npy,60,val
data/raw_clips\double_contact\double_contact_p09_5.mp4,double_contact,p09,5,volunteer,data/keypoints\double_contact\double_contact_p09_5.npy,64,val
data/raw_clips\double_contact\double_contact_p09_50.mp4,double_contact,p09,50,volunteer,data/keypoints\double_contact\double_contact_p09_50.npy,60,val
data/raw_clips\double_contact\double_contact_p09_6.mp4,double_contact,p09,6,volunteer,data/keypoints\double_contact\double_contact_p09_6.npy,63,val
data/raw_clips\double_contact\double_contact_p09_7.mp4,double_contact,p09,7,volunteer,data/keypoints\double_contact\double_contact_p09_7.npy,63,val
data/raw_clips\double_contact\double_contact_p09_8.mp4,double_contact,p09,8,volunteer,data/keypoints\double_contact\double_contact_p09_8.npy,68,val
data/raw_clips\double_contact\double_contact_p09_9.mp4,double_contact,p09,9,volunteer,data/keypoints\double_contact\double_contact_p09_9.npy,65,val
data/raw_clips\double_contact\double_touch_p02_1.mov,double_contact,p02,1,volunteer,data/keypoints\double_contact\double_touch_p02_1.npy,57,train
data/raw_clips\double_contact\double_touch_p02_14.mov,double_contact,p02,14,volunteer,data/keypoints\double_contact\double_touch_p02_14.npy,77,train
data/raw_clips\double_contact\double_touch_p02_19.mov,double_contact,p02,19,volunteer,data/keypoints\double_contact\double_touch_p02_19.npy,76,train
data/raw_clips\double_contact\double_touch_p02_2.mov,double_contact,p02,2,volunteer,data/keypoints\double_contact\double_touch_p02_2.npy,69,train
data/raw_clips\double_contact\double_touch_p02_22.mov,double_contact,p02,22,volunteer,data/keypoints\double_contact\double_touch_p02_22.npy,69,train
data/raw_clips\double_contact\double_touch_p02_3.mov,double_contact,p02,3,volunteer,data/keypoints\double_contact\double_touch_p02_3.npy,68,train
data/raw_clips\double_contact\double_touch_p02_33.mov,double_contact,p02,33,volunteer,data/keypoints\double_contact\double_touch_p02_33.npy,61,train
data/raw_clips\double_contact\double_touch_p02_34.mov,double_contact,p02,34,volunteer,data/keypoints\double_contact\double_touch_p02_34.npy,62,train
data/raw_clips\double_contact\double_touch_p02_37.mov,double_contact,p02,37,volunteer,data/keypoints\double_contact\double_touch_p02_37.npy,61,train
data/raw_clips\double_contact\double_touch_p02_38.mov,double_contact,p02,38,volunteer,data/keypoints\double_contact\double_touch_p02_38.npy,3924,train
data/raw_clips\double_contact\double_touch_p02_39.mov,double_contact,p02,39,volunteer,data/keypoints\double_contact\double_touch_p02_39.npy,60,train
data/raw_clips\double_contact\double_touch_p02_6.mov,double_contact,p02,6,volunteer,data/keypoints\double_contact\double_touch_p02_6.npy,69,train
data/raw_clips\double_contact\double_touch_p02_66.mov,double_contact,p02,66,volunteer,data/keypoints\double_contact\double_touch_p02_66.npy,59,train
data/raw_clips\double_contact\double_touch_p02_8.mov,double_contact,p02,8,volunteer,data/keypoints\double_contact\double_touch_p02_8.npy,74,train
data/raw_clips\end_of_set\end_of_set_p02_1.mov,end_of_set,p02,1,volunteer,data/keypoints\end_of_set\end_of_set_p02_1.npy,50,train
data/raw_clips\end_of_set\end_of_set_p02_10.mov,end_of_set,p02,10,volunteer,data/keypoints\end_of_set\end_of_set_p02_10.npy,49,train
data/raw_clips\end_of_set\end_of_set_p02_103.mov,end_of_set,p02,103,volunteer,data/keypoints\end_of_set\end_of_set_p02_103.npy,152,train
data/raw_clips\end_of_set\end_of_set_p02_104.mov,end_of_set,p02,104,volunteer,data/keypoints\end_of_set\end_of_set_p02_104.npy,145,train
data/raw_clips\end_of_set\end_of_set_p02_105.mov,end_of_set,p02,105,volunteer,data/keypoints\end_of_set\end_of_set_p02_105.npy,146,train
data/raw_clips\end_of_set\end_of_set_p02_106.mov,end_of_set,p02,106,volunteer,data/keypoints\end_of_set\end_of_set_p02_106.npy,145,train
data/raw_clips\end_of_set\end_of_set_p02_107.mov,end_of_set,p02,107,volunteer,data/keypoints\end_of_set\end_of_set_p02_107.npy,147,train
data/raw_clips\end_of_set\end_of_set_p02_108.mov,end_of_set,p02,108,volunteer,data/keypoints\end_of_set\end_of_set_p02_108.npy,142,train
data/raw_clips\end_of_set\end_of_set_p02_109.mov,end_of_set,p02,109,volunteer,data/keypoints\end_of_set\end_of_set_p02_109.npy,146,train
data/raw_clips\end_of_set\end_of_set_p02_11.mov,end_of_set,p02,11,volunteer,data/keypoints\end_of_set\end_of_set_p02_11.npy,49,train
data/raw_clips\end_of_set\end_of_set_p02_110.mov,end_of_set,p02,110,volunteer,data/keypoints\end_of_set\end_of_set_p02_110.npy,158,train
data/raw_clips\end_of_set\end_of_set_p02_111.mov,end_of_set,p02,111,volunteer,data/keypoints\end_of_set\end_of_set_p02_111.npy,142,train
data/raw_clips\end_of_set\end_of_set_p02_112.mov,end_of_set,p02,112,volunteer,data/keypoints\end_of_set\end_of_set_p02_112.npy,161,train
data/raw_clips\end_of_set\end_of_set_p02_113.mov,end_of_set,p02,113,volunteer,data/keypoints\end_of_set\end_of_set_p02_113.npy,161,train
data/raw_clips\end_of_set\end_of_set_p02_114.mov,end_of_set,p02,114,volunteer,data/keypoints\end_of_set\end_of_set_p02_114.npy,146,train
data/raw_clips\end_of_set\end_of_set_p02_115.mov,end_of_set,p02,115,volunteer,data/keypoints\end_of_set\end_of_set_p02_115.npy,107,train
data/raw_clips\end_of_set\end_of_set_p02_116.mov,end_of_set,p02,116,volunteer,data/keypoints\end_of_set\end_of_set_p02_116.npy,134,train
data/raw_clips\end_of_set\end_of_set_p02_117.mov,end_of_set,p02,117,volunteer,data/keypoints\end_of_set\end_of_set_p02_117.npy,130,train
data/raw_clips\end_of_set\end_of_set_p02_118.mov,end_of_set,p02,118,volunteer,data/keypoints\end_of_set\end_of_set_p02_118.npy,149,train
data/raw_clips\end_of_set\end_of_set_p02_119.mov,end_of_set,p02,119,volunteer,data/keypoints\end_of_set\end_of_set_p02_119.npy,149,train
data/raw_clips\end_of_set\end_of_set_p02_12.mov,end_of_set,p02,12,volunteer,data/keypoints\end_of_set\end_of_set_p02_12.npy,55,train
data/raw_clips\end_of_set\end_of_set_p02_120.mov,end_of_set,p02,120,volunteer,data/keypoints\end_of_set\end_of_set_p02_120.npy,156,train
data/raw_clips\end_of_set\end_of_set_p02_121.mov,end_of_set,p02,121,volunteer,data/keypoints\end_of_set\end_of_set_p02_121.npy,158,train
data/raw_clips\end_of_set\end_of_set_p02_13.mov,end_of_set,p02,13,volunteer,data/keypoints\end_of_set\end_of_set_p02_13.npy,57,train
data/raw_clips\end_of_set\end_of_set_p02_14.mov,end_of_set,p02,14,volunteer,data/keypoints\end_of_set\end_of_set_p02_14.npy,54,train
data/raw_clips\end_of_set\end_of_set_p02_15.mov,end_of_set,p02,15,volunteer,data/keypoints\end_of_set\end_of_set_p02_15.npy,54,train
data/raw_clips\end_of_set\end_of_set_p02_16.mov,end_of_set,p02,16,volunteer,data/keypoints\end_of_set\end_of_set_p02_16.npy,57,train
data/raw_clips\end_of_set\end_of_set_p02_17.mov,end_of_set,p02,17,volunteer,data/keypoints\end_of_set\end_of_set_p02_17.npy,53,train
data/raw_clips\end_of_set\end_of_set_p02_18.mov,end_of_set,p02,18,volunteer,data/keypoints\end_of_set\end_of_set_p02_18.npy,58,train
data/raw_clips\end_of_set\end_of_set_p02_19.mov,end_of_set,p02,19,volunteer,data/keypoints\end_of_set\end_of_set_p02_19.npy,50,train
data/raw_clips\end_of_set\end_of_set_p02_2.mov,end_of_set,p02,2,volunteer,data/keypoints\end_of_set\end_of_set_p02_2.npy,52,train
data/raw_clips\end_of_set\end_of_set_p02_20.mov,end_of_set,p02,20,volunteer,data/keypoints\end_of_set\end_of_set_p02_20.npy,54,train
data/raw_clips\end_of_set\end_of_set_p02_21.mov,end_of_set,p02,21,volunteer,data/keypoints\end_of_set\end_of_set_p02_21.npy,54,train
data/raw_clips\end_of_set\end_of_set_p02_22.mov,end_of_set,p02,22,volunteer,data/keypoints\end_of_set\end_of_set_p02_22.npy,52,train
data/raw_clips\end_of_set\end_of_set_p02_23.mov,end_of_set,p02,23,volunteer,data/keypoints\end_of_set\end_of_set_p02_23.npy,52,train
data/raw_clips\end_of_set\end_of_set_p02_24.mov,end_of_set,p02,24,volunteer,data/keypoints\end_of_set\end_of_set_p02_24.npy,59,train
data/raw_clips\end_of_set\end_of_set_p02_25.mov,end_of_set,p02,25,volunteer,data/keypoints\end_of_set\end_of_set_p02_25.npy,60,train
data/raw_clips\end_of_set\end_of_set_p02_26.mov,end_of_set,p02,26,volunteer,data/keypoints\end_of_set\end_of_set_p02_26.npy,57,train
data/raw_clips\end_of_set\end_of_set_p02_27.mov,end_of_set,p02,27,volunteer,data/keypoints\end_of_set\end_of_set_p02_27.npy,54,train
data/raw_clips\end_of_set\end_of_set_p02_28.mov,end_of_set,p02,28,volunteer,data/keypoints\end_of_set\end_of_set_p02_28.npy,55,train
data/raw_clips\end_of_set\end_of_set_p02_29.mov,end_of_set,p02,29,volunteer,data/keypoints\end_of_set\end_of_set_p02_29.npy,55,train
data/raw_clips\end_of_set\end_of_set_p02_3.mov,end_of_set,p02,3,volunteer,data/keypoints\end_of_set\end_of_set_p02_3.npy,51,train
data/raw_clips\end_of_set\end_of_set_p02_30.mov,end_of_set,p02,30,volunteer,data/keypoints\end_of_set\end_of_set_p02_30.npy,52,train
data/raw_clips\end_of_set\end_of_set_p02_31.mov,end_of_set,p02,31,volunteer,data/keypoints\end_of_set\end_of_set_p02_31.npy,55,train
data/raw_clips\end_of_set\end_of_set_p02_32.mov,end_of_set,p02,32,volunteer,data/keypoints\end_of_set\end_of_set_p02_32.npy,53,train
data/raw_clips\end_of_set\end_of_set_p02_33.mov,end_of_set,p02,33,volunteer,data/keypoints\end_of_set\end_of_set_p02_33.npy,59,train
data/raw_clips\end_of_set\end_of_set_p02_34.mov,end_of_set,p02,34,volunteer,data/keypoints\end_of_set\end_of_set_p02_34.npy,61,train
data/raw_clips\end_of_set\end_of_set_p02_35.mov,end_of_set,p02,35,volunteer,data/keypoints\end_of_set\end_of_set_p02_35.npy,58,train
data/raw_clips\end_of_set\end_of_set_p02_36.mov,end_of_set,p02,36,volunteer,data/keypoints\end_of_set\end_of_set_p02_36.npy,55,train
data/raw_clips\end_of_set\end_of_set_p02_37.mov,end_of_set,p02,37,volunteer,data/keypoints\end_of_set\end_of_set_p02_37.npy,57,train
data/raw_clips\end_of_set\end_of_set_p02_38.mov,end_of_set,p02,38,volunteer,data/keypoints\end_of_set\end_of_set_p02_38.npy,56,train
data/raw_clips\end_of_set\end_of_set_p02_39.mov,end_of_set,p02,39,volunteer,data/keypoints\end_of_set\end_of_set_p02_39.npy,58,train
data/raw_clips\end_of_set\end_of_set_p02_4.mov,end_of_set,p02,4,volunteer,data/keypoints\end_of_set\end_of_set_p02_4.npy,49,train
data/raw_clips\end_of_set\end_of_set_p02_40.mov,end_of_set,p02,40,volunteer,data/keypoints\end_of_set\end_of_set_p02_40.npy,66,train
data/raw_clips\end_of_set\end_of_set_p02_42.mov,end_of_set,p02,42,volunteer,data/keypoints\end_of_set\end_of_set_p02_42.npy,59,train
data/raw_clips\end_of_set\end_of_set_p02_43.mov,end_of_set,p02,43,volunteer,data/keypoints\end_of_set\end_of_set_p02_43.npy,61,train
data/raw_clips\end_of_set\end_of_set_p02_45.mov,end_of_set,p02,45,volunteer,data/keypoints\end_of_set\end_of_set_p02_45.npy,68,train
data/raw_clips\end_of_set\end_of_set_p02_46.mov,end_of_set,p02,46,volunteer,data/keypoints\end_of_set\end_of_set_p02_46.npy,65,train
data/raw_clips\end_of_set\end_of_set_p02_47.mov,end_of_set,p02,47,volunteer,data/keypoints\end_of_set\end_of_set_p02_47.npy,63,train
data/raw_clips\end_of_set\end_of_set_p02_48.mov,end_of_set,p02,48,volunteer,data/keypoints\end_of_set\end_of_set_p02_48.npy,61,train
data/raw_clips\end_of_set\end_of_set_p02_49.mov,end_of_set,p02,49,volunteer,data/keypoints\end_of_set\end_of_set_p02_49.npy,64,train
data/raw_clips\end_of_set\end_of_set_p02_5.mov,end_of_set,p02,5,volunteer,data/keypoints\end_of_set\end_of_set_p02_5.npy,52,train
data/raw_clips\end_of_set\end_of_set_p02_50.mov,end_of_set,p02,50,volunteer,data/keypoints\end_of_set\end_of_set_p02_50.npy,61,train
data/raw_clips\end_of_set\end_of_set_p02_51.mov,end_of_set,p02,51,volunteer,data/keypoints\end_of_set\end_of_set_p02_51.npy,61,train
data/raw_clips\end_of_set\end_of_set_p02_52.mov,end_of_set,p02,52,volunteer,data/keypoints\end_of_set\end_of_set_p02_52.npy,69,train
data/raw_clips\end_of_set\end_of_set_p02_53.mov,end_of_set,p02,53,volunteer,data/keypoints\end_of_set\end_of_set_p02_53.npy,55,train
data/raw_clips\end_of_set\end_of_set_p02_54.mov,end_of_set,p02,54,volunteer,data/keypoints\end_of_set\end_of_set_p02_54.npy,62,train
data/raw_clips\end_of_set\end_of_set_p02_55.mov,end_of_set,p02,55,volunteer,data/keypoints\end_of_set\end_of_set_p02_55.npy,56,train
data/raw_clips\end_of_set\end_of_set_p02_56.mov,end_of_set,p02,56,volunteer,data/keypoints\end_of_set\end_of_set_p02_56.npy,60,train
data/raw_clips\end_of_set\end_of_set_p02_57.mov,end_of_set,p02,57,volunteer,data/keypoints\end_of_set\end_of_set_p02_57.npy,62,train
data/raw_clips\end_of_set\end_of_set_p02_58.mov,end_of_set,p02,58,volunteer,data/keypoints\end_of_set\end_of_set_p02_58.npy,58,train
data/raw_clips\end_of_set\end_of_set_p02_59.mov,end_of_set,p02,59,volunteer,data/keypoints\end_of_set\end_of_set_p02_59.npy,63,train
data/raw_clips\end_of_set\end_of_set_p02_6.mov,end_of_set,p02,6,volunteer,data/keypoints\end_of_set\end_of_set_p02_6.npy,53,train
data/raw_clips\end_of_set\end_of_set_p02_60.mov,end_of_set,p02,60,volunteer,data/keypoints\end_of_set\end_of_set_p02_60.npy,67,train
data/raw_clips\end_of_set\end_of_set_p02_61.mov,end_of_set,p02,61,volunteer,data/keypoints\end_of_set\end_of_set_p02_61.npy,60,train
data/raw_clips\end_of_set\end_of_set_p02_62.mov,end_of_set,p02,62,volunteer,data/keypoints\end_of_set\end_of_set_p02_62.npy,62,train
data/raw_clips\end_of_set\end_of_set_p02_63.mov,end_of_set,p02,63,volunteer,data/keypoints\end_of_set\end_of_set_p02_63.npy,2493,train
data/raw_clips\end_of_set\end_of_set_p02_64.mov,end_of_set,p02,64,volunteer,data/keypoints\end_of_set\end_of_set_p02_64.npy,60,train
data/raw_clips\end_of_set\end_of_set_p02_65.mov,end_of_set,p02,65,volunteer,data/keypoints\end_of_set\end_of_set_p02_65.npy,64,train
data/raw_clips\end_of_set\end_of_set_p02_66.mov,end_of_set,p02,66,volunteer,data/keypoints\end_of_set\end_of_set_p02_66.npy,65,train
data/raw_clips\end_of_set\end_of_set_p02_67.mov,end_of_set,p02,67,volunteer,data/keypoints\end_of_set\end_of_set_p02_67.npy,63,train
data/raw_clips\end_of_set\end_of_set_p02_68.mov,end_of_set,p02,68,volunteer,data/keypoints\end_of_set\end_of_set_p02_68.npy,61,train
data/raw_clips\end_of_set\end_of_set_p02_69.mov,end_of_set,p02,69,volunteer,data/keypoints\end_of_set\end_of_set_p02_69.npy,58,train
data/raw_clips\end_of_set\end_of_set_p02_7.mov,end_of_set,p02,7,volunteer,data/keypoints\end_of_set\end_of_set_p02_7.npy,53,train
data/raw_clips\end_of_set\end_of_set_p02_70.mov,end_of_set,p02,70,volunteer,data/keypoints\end_of_set\end_of_set_p02_70.npy,56,train
data/raw_clips\end_of_set\end_of_set_p02_71.mov,end_of_set,p02,71,volunteer,data/keypoints\end_of_set\end_of_set_p02_71.npy,61,train
data/raw_clips\end_of_set\end_of_set_p02_72.mov,end_of_set,p02,72,volunteer,data/keypoints\end_of_set\end_of_set_p02_72.npy,60,train
data/raw_clips\end_of_set\end_of_set_p02_73.mov,end_of_set,p02,73,volunteer,data/keypoints\end_of_set\end_of_set_p02_73.npy,60,train
data/raw_clips\end_of_set\end_of_set_p02_74.mov,end_of_set,p02,74,volunteer,data/keypoints\end_of_set\end_of_set_p02_74.npy,63,train
data/raw_clips\end_of_set\end_of_set_p02_75.mov,end_of_set,p02,75,volunteer,data/keypoints\end_of_set\end_of_set_p02_75.npy,65,train
data/raw_clips\end_of_set\end_of_set_p02_76.mov,end_of_set,p02,76,volunteer,data/keypoints\end_of_set\end_of_set_p02_76.npy,58,train
data/raw_clips\end_of_set\end_of_set_p02_77.mov,end_of_set,p02,77,volunteer,data/keypoints\end_of_set\end_of_set_p02_77.npy,62,train
data/raw_clips\end_of_set\end_of_set_p02_78.mov,end_of_set,p02,78,volunteer,data/keypoints\end_of_set\end_of_set_p02_78.npy,60,train
data/raw_clips\end_of_set\end_of_set_p02_79.mov,end_of_set,p02,79,volunteer,data/keypoints\end_of_set\end_of_set_p02_79.npy,61,train
data/raw_clips\end_of_set\end_of_set_p02_8.mov,end_of_set,p02,8,volunteer,data/keypoints\end_of_set\end_of_set_p02_8.npy,52,train
data/raw_clips\end_of_set\end_of_set_p02_80.mov,end_of_set,p02,80,volunteer,data/keypoints\end_of_set\end_of_set_p02_80.npy,64,train
data/raw_clips\end_of_set\end_of_set_p02_81.mov,end_of_set,p02,81,volunteer,data/keypoints\end_of_set\end_of_set_p02_81.npy,62,train
data/raw_clips\end_of_set\end_of_set_p02_82.mov,end_of_set,p02,82,volunteer,data/keypoints\end_of_set\end_of_set_p02_82.npy,59,train
data/raw_clips\end_of_set\end_of_set_p02_83.mov,end_of_set,p02,83,volunteer,data/keypoints\end_of_set\end_of_set_p02_83.npy,60,train
data/raw_clips\end_of_set\end_of_set_p02_84.mov,end_of_set,p02,84,volunteer,data/keypoints\end_of_set\end_of_set_p02_84.npy,62,train
data/raw_clips\end_of_set\end_of_set_p02_85.mov,end_of_set,p02,85,volunteer,data/keypoints\end_of_set\end_of_set_p02_85.npy,64,train
data/raw_clips\end_of_set\end_of_set_p02_86.mov,end_of_set,p02,86,volunteer,data/keypoints\end_of_set\end_of_set_p02_86.npy,62,train
data/raw_clips\end_of_set\end_of_set_p02_87.mov,end_of_set,p02,87,volunteer,data/keypoints\end_of_set\end_of_set_p02_87.npy,61,train
data/raw_clips\end_of_set\end_of_set_p02_88.mov,end_of_set,p02,88,volunteer,data/keypoints\end_of_set\end_of_set_p02_88.npy,62,train
data/raw_clips\end_of_set\end_of_set_p02_89.mov,end_of_set,p02,89,volunteer,data/keypoints\end_of_set\end_of_set_p02_89.npy,60,train
data/raw_clips\end_of_set\end_of_set_p02_9.mov,end_of_set,p02,9,volunteer,data/keypoints\end_of_set\end_of_set_p02_9.npy,51,train
data/raw_clips\end_of_set\end_of_set_p02_90.mov,end_of_set,p02,90,volunteer,data/keypoints\end_of_set\end_of_set_p02_90.npy,65,train
data/raw_clips\end_of_set\end_of_set_p02_91.mov,end_of_set,p02,91,volunteer,data/keypoints\end_of_set\end_of_set_p02_91.npy,65,train
data/raw_clips\end_of_set\end_of_set_p02_92.mov,end_of_set,p02,92,volunteer,data/keypoints\end_of_set\end_of_set_p02_92.npy,67,train
data/raw_clips\end_of_set\end_of_set_p02_93.mov,end_of_set,p02,93,volunteer,data/keypoints\end_of_set\end_of_set_p02_93.npy,62,train
data/raw_clips\end_of_set\end_of_set_p02_94.mov,end_of_set,p02,94,volunteer,data/keypoints\end_of_set\end_of_set_p02_94.npy,62,train
data/raw_clips\end_of_set\end_of_set_p02_95.mov,end_of_set,p02,95,volunteer,data/keypoints\end_of_set\end_of_set_p02_95.npy,65,train
data/raw_clips\end_of_set\end_of_set_p02_96.mov,end_of_set,p02,96,volunteer,data/keypoints\end_of_set\end_of_set_p02_96.npy,62,train
data/raw_clips\end_of_set\end_of_set_p02_97.mov,end_of_set,p02,97,volunteer,data/keypoints\end_of_set\end_of_set_p02_97.npy,60,train
data/raw_clips\end_of_set\end_of_set_p02_98.mov,end_of_set,p02,98,volunteer,data/keypoints\end_of_set\end_of_set_p02_98.npy,63,train
data/raw_clips\end_of_set\end_of_set_p02_99.mov,end_of_set,p02,99,volunteer,data/keypoints\end_of_set\end_of_set_p02_99.npy,66,train
data/raw_clips\end_of_set\end_of_set_p03_1.mp4,end_of_set,p03,1,volunteer,data/keypoints\end_of_set\end_of_set_p03_1.npy,126,val
data/raw_clips\end_of_set\end_of_set_p03_10.mp4,end_of_set,p03,10,volunteer,data/keypoints\end_of_set\end_of_set_p03_10.npy,108,val
data/raw_clips\end_of_set\end_of_set_p03_12.mp4,end_of_set,p03,12,volunteer,data/keypoints\end_of_set\end_of_set_p03_12.npy,101,val
data/raw_clips\end_of_set\end_of_set_p03_13.mp4,end_of_set,p03,13,volunteer,data/keypoints\end_of_set\end_of_set_p03_13.npy,115,val
data/raw_clips\end_of_set\end_of_set_p03_14.mp4,end_of_set,p03,14,volunteer,data/keypoints\end_of_set\end_of_set_p03_14.npy,114,val
data/raw_clips\end_of_set\end_of_set_p03_15.mp4,end_of_set,p03,15,volunteer,data/keypoints\end_of_set\end_of_set_p03_15.npy,110,val
data/raw_clips\end_of_set\end_of_set_p03_16.mp4,end_of_set,p03,16,volunteer,data/keypoints\end_of_set\end_of_set_p03_16.npy,98,val
data/raw_clips\end_of_set\end_of_set_p03_17.mp4,end_of_set,p03,17,volunteer,data/keypoints\end_of_set\end_of_set_p03_17.npy,135,val
data/raw_clips\end_of_set\end_of_set_p03_18.mp4,end_of_set,p03,18,volunteer,data/keypoints\end_of_set\end_of_set_p03_18.npy,106,val
data/raw_clips\end_of_set\end_of_set_p03_19.mp4,end_of_set,p03,19,volunteer,data/keypoints\end_of_set\end_of_set_p03_19.npy,111,val
data/raw_clips\end_of_set\end_of_set_p03_2.mp4,end_of_set,p03,2,volunteer,data/keypoints\end_of_set\end_of_set_p03_2.npy,121,val
data/raw_clips\end_of_set\end_of_set_p03_20.mp4,end_of_set,p03,20,volunteer,data/keypoints\end_of_set\end_of_set_p03_20.npy,115,val
data/raw_clips\end_of_set\end_of_set_p03_21.mp4,end_of_set,p03,21,volunteer,data/keypoints\end_of_set\end_of_set_p03_21.npy,108,val
data/raw_clips\end_of_set\end_of_set_p03_22.mp4,end_of_set,p03,22,volunteer,data/keypoints\end_of_set\end_of_set_p03_22.npy,102,val
data/raw_clips\end_of_set\end_of_set_p03_23.mp4,end_of_set,p03,23,volunteer,data/keypoints\end_of_set\end_of_set_p03_23.npy,120,val
data/raw_clips\end_of_set\end_of_set_p03_24.mp4,end_of_set,p03,24,volunteer,data/keypoints\end_of_set\end_of_set_p03_24.npy,108,val
data/raw_clips\end_of_set\end_of_set_p03_25.mp4,end_of_set,p03,25,volunteer,data/keypoints\end_of_set\end_of_set_p03_25.npy,120,val
data/raw_clips\end_of_set\end_of_set_p03_26.mp4,end_of_set,p03,26,volunteer,data/keypoints\end_of_set\end_of_set_p03_26.npy,96,val
data/raw_clips\end_of_set\end_of_set_p03_27.mp4,end_of_set,p03,27,volunteer,data/keypoints\end_of_set\end_of_set_p03_27.npy,115,val
data/raw_clips\end_of_set\end_of_set_p03_28.mp4,end_of_set,p03,28,volunteer,data/keypoints\end_of_set\end_of_set_p03_28.npy,99,val
data/raw_clips\end_of_set\end_of_set_p03_29.mp4,end_of_set,p03,29,volunteer,data/keypoints\end_of_set\end_of_set_p03_29.npy,142,val
data/raw_clips\end_of_set\end_of_set_p03_3.mp4,end_of_set,p03,3,volunteer,data/keypoints\end_of_set\end_of_set_p03_3.npy,117,val
data/raw_clips\end_of_set\end_of_set_p03_30.mp4,end_of_set,p03,30,volunteer,data/keypoints\end_of_set\end_of_set_p03_30.npy,114,val
data/raw_clips\end_of_set\end_of_set_p03_31.mp4,end_of_set,p03,31,volunteer,data/keypoints\end_of_set\end_of_set_p03_31.npy,114,val
data/raw_clips\end_of_set\end_of_set_p03_32.mp4,end_of_set,p03,32,volunteer,data/keypoints\end_of_set\end_of_set_p03_32.npy,100,val
data/raw_clips\end_of_set\end_of_set_p03_33.mp4,end_of_set,p03,33,volunteer,data/keypoints\end_of_set\end_of_set_p03_33.npy,126,val
data/raw_clips\end_of_set\end_of_set_p03_34.mp4,end_of_set,p03,34,volunteer,data/keypoints\end_of_set\end_of_set_p03_34.npy,105,val
data/raw_clips\end_of_set\end_of_set_p03_39.mp4,end_of_set,p03,39,volunteer,data/keypoints\end_of_set\end_of_set_p03_39.npy,108,val
data/raw_clips\end_of_set\end_of_set_p03_4.mp4,end_of_set,p03,4,volunteer,data/keypoints\end_of_set\end_of_set_p03_4.npy,126,val
data/raw_clips\end_of_set\end_of_set_p03_40.mp4,end_of_set,p03,40,volunteer,data/keypoints\end_of_set\end_of_set_p03_40.npy,100,val
data/raw_clips\end_of_set\end_of_set_p03_41.mp4,end_of_set,p03,41,volunteer,data/keypoints\end_of_set\end_of_set_p03_41.npy,111,val
data/raw_clips\end_of_set\end_of_set_p03_42.mp4,end_of_set,p03,42,volunteer,data/keypoints\end_of_set\end_of_set_p03_42.npy,119,val
data/raw_clips\end_of_set\end_of_set_p03_43.mp4,end_of_set,p03,43,volunteer,data/keypoints\end_of_set\end_of_set_p03_43.npy,103,val
data/raw_clips\end_of_set\end_of_set_p03_45.mp4,end_of_set,p03,45,volunteer,data/keypoints\end_of_set\end_of_set_p03_45.npy,102,val
data/raw_clips\end_of_set\end_of_set_p03_47.mp4,end_of_set,p03,47,volunteer,data/keypoints\end_of_set\end_of_set_p03_47.npy,101,val
data/raw_clips\end_of_set\end_of_set_p03_48.mp4,end_of_set,p03,48,volunteer,data/keypoints\end_of_set\end_of_set_p03_48.npy,86,val
data/raw_clips\end_of_set\end_of_set_p03_49.mp4,end_of_set,p03,49,volunteer,data/keypoints\end_of_set\end_of_set_p03_49.npy,95,val
data/raw_clips\end_of_set\end_of_set_p03_5.mp4,end_of_set,p03,5,volunteer,data/keypoints\end_of_set\end_of_set_p03_5.npy,115,val
data/raw_clips\end_of_set\end_of_set_p03_50.mp4,end_of_set,p03,50,volunteer,data/keypoints\end_of_set\end_of_set_p03_50.npy,95,val
data/raw_clips\end_of_set\end_of_set_p03_6.mp4,end_of_set,p03,6,volunteer,data/keypoints\end_of_set\end_of_set_p03_6.npy,91,val
data/raw_clips\end_of_set\end_of_set_p03_7.mp4,end_of_set,p03,7,volunteer,data/keypoints\end_of_set\end_of_set_p03_7.npy,117,val
data/raw_clips\end_of_set\end_of_set_p03_8.mp4,end_of_set,p03,8,volunteer,data/keypoints\end_of_set\end_of_set_p03_8.npy,105,val
data/raw_clips\end_of_set\end_of_set_p03_9.mp4,end_of_set,p03,9,volunteer,data/keypoints\end_of_set\end_of_set_p03_9.npy,110,val
data/raw_clips\end_of_set\end_of_set_p07_14.mp4,end_of_set,p07,14,volunteer,data/keypoints\end_of_set\end_of_set_p07_14.npy,97,train
data/raw_clips\end_of_set\end_of_set_p07_15.mp4,end_of_set,p07,15,volunteer,data/keypoints\end_of_set\end_of_set_p07_15.npy,94,train
data/raw_clips\end_of_set\end_of_set_p07_16.mp4,end_of_set,p07,16,volunteer,data/keypoints\end_of_set\end_of_set_p07_16.npy,89,train
data/raw_clips\end_of_set\end_of_set_p07_17.mp4,end_of_set,p07,17,volunteer,data/keypoints\end_of_set\end_of_set_p07_17.npy,98,train
data/raw_clips\end_of_set\end_of_set_p07_18.mp4,end_of_set,p07,18,volunteer,data/keypoints\end_of_set\end_of_set_p07_18.npy,95,train
data/raw_clips\end_of_set\end_of_set_p07_2.mp4,end_of_set,p07,2,volunteer,data/keypoints\end_of_set\end_of_set_p07_2.npy,90,train
data/raw_clips\end_of_set\end_of_set_p07_3.mp4,end_of_set,p07,3,volunteer,data/keypoints\end_of_set\end_of_set_p07_3.npy,88,train
data/raw_clips\end_of_set\end_of_set_p07_4.mp4,end_of_set,p07,4,volunteer,data/keypoints\end_of_set\end_of_set_p07_4.npy,101,train
data/raw_clips\end_of_set\end_of_set_p07_5.mp4,end_of_set,p07,5,volunteer,data/keypoints\end_of_set\end_of_set_p07_5.npy,111,train
data/raw_clips\end_of_set\end_of_set_p07_6.mp4,end_of_set,p07,6,volunteer,data/keypoints\end_of_set\end_of_set_p07_6.npy,99,train
data/raw_clips\end_of_set\end_of_set_p07_7.mp4,end_of_set,p07,7,volunteer,data/keypoints\end_of_set\end_of_set_p07_7.npy,84,train
data/raw_clips\end_of_set\end_of_set_p07_8.mp4,end_of_set,p07,8,volunteer,data/keypoints\end_of_set\end_of_set_p07_8.npy,84,train
data/raw_clips\end_of_set\end_of_set_p07_9.mp4,end_of_set,p07,9,volunteer,data/keypoints\end_of_set\end_of_set_p07_9.npy,87,train
data/raw_clips\end_of_set\end_of_set_p08_1.mp4,end_of_set,p08,1,volunteer,data/keypoints\end_of_set\end_of_set_p08_1.npy,84,train
data/raw_clips\end_of_set\end_of_set_p08_10.mp4,end_of_set,p08,10,volunteer,data/keypoints\end_of_set\end_of_set_p08_10.npy,78,train
data/raw_clips\end_of_set\end_of_set_p08_11.mp4,end_of_set,p08,11,volunteer,data/keypoints\end_of_set\end_of_set_p08_11.npy,78,train
data/raw_clips\end_of_set\end_of_set_p08_12.mp4,end_of_set,p08,12,volunteer,data/keypoints\end_of_set\end_of_set_p08_12.npy,85,train
data/raw_clips\end_of_set\end_of_set_p08_13.mp4,end_of_set,p08,13,volunteer,data/keypoints\end_of_set\end_of_set_p08_13.npy,90,train
data/raw_clips\end_of_set\end_of_set_p08_14.mp4,end_of_set,p08,14,volunteer,data/keypoints\end_of_set\end_of_set_p08_14.npy,81,train
data/raw_clips\end_of_set\end_of_set_p08_15.mp4,end_of_set,p08,15,volunteer,data/keypoints\end_of_set\end_of_set_p08_15.npy,85,train
data/raw_clips\end_of_set\end_of_set_p08_16.mp4,end_of_set,p08,16,volunteer,data/keypoints\end_of_set\end_of_set_p08_16.npy,87,train
data/raw_clips\end_of_set\end_of_set_p08_17.mp4,end_of_set,p08,17,volunteer,data/keypoints\end_of_set\end_of_set_p08_17.npy,114,train
data/raw_clips\end_of_set\end_of_set_p08_18.mp4,end_of_set,p08,18,volunteer,data/keypoints\end_of_set\end_of_set_p08_18.npy,101,train
data/raw_clips\end_of_set\end_of_set_p08_19.mp4,end_of_set,p08,19,volunteer,data/keypoints\end_of_set\end_of_set_p08_19.npy,87,train
data/raw_clips\end_of_set\end_of_set_p08_2.mp4,end_of_set,p08,2,volunteer,data/keypoints\end_of_set\end_of_set_p08_2.npy,87,train
data/raw_clips\end_of_set\end_of_set_p08_20.mp4,end_of_set,p08,20,volunteer,data/keypoints\end_of_set\end_of_set_p08_20.npy,88,train
data/raw_clips\end_of_set\end_of_set_p08_21.mp4,end_of_set,p08,21,volunteer,data/keypoints\end_of_set\end_of_set_p08_21.npy,91,train
data/raw_clips\end_of_set\end_of_set_p08_23.mp4,end_of_set,p08,23,volunteer,data/keypoints\end_of_set\end_of_set_p08_23.npy,93,train
data/raw_clips\end_of_set\end_of_set_p08_24.mp4,end_of_set,p08,24,volunteer,data/keypoints\end_of_set\end_of_set_p08_24.npy,88,train
data/raw_clips\end_of_set\end_of_set_p08_25.mp4,end_of_set,p08,25,volunteer,data/keypoints\end_of_set\end_of_set_p08_25.npy,93,train
data/raw_clips\end_of_set\end_of_set_p08_26.mp4,end_of_set,p08,26,volunteer,data/keypoints\end_of_set\end_of_set_p08_26.npy,88,train
data/raw_clips\end_of_set\end_of_set_p08_27.mp4,end_of_set,p08,27,volunteer,data/keypoints\end_of_set\end_of_set_p08_27.npy,89,train
data/raw_clips\end_of_set\end_of_set_p08_28.mp4,end_of_set,p08,28,volunteer,data/keypoints\end_of_set\end_of_set_p08_28.npy,99,train
data/raw_clips\end_of_set\end_of_set_p08_29.mp4,end_of_set,p08,29,volunteer,data/keypoints\end_of_set\end_of_set_p08_29.npy,88,train
data/raw_clips\end_of_set\end_of_set_p08_3.mp4,end_of_set,p08,3,volunteer,data/keypoints\end_of_set\end_of_set_p08_3.npy,79,train
data/raw_clips\end_of_set\end_of_set_p08_30.mp4,end_of_set,p08,30,volunteer,data/keypoints\end_of_set\end_of_set_p08_30.npy,85,train
data/raw_clips\end_of_set\end_of_set_p08_31.mp4,end_of_set,p08,31,volunteer,data/keypoints\end_of_set\end_of_set_p08_31.npy,89,train
data/raw_clips\end_of_set\end_of_set_p08_32.mp4,end_of_set,p08,32,volunteer,data/keypoints\end_of_set\end_of_set_p08_32.npy,92,train
data/raw_clips\end_of_set\end_of_set_p08_33.mp4,end_of_set,p08,33,volunteer,data/keypoints\end_of_set\end_of_set_p08_33.npy,102,train
data/raw_clips\end_of_set\end_of_set_p08_34.mp4,end_of_set,p08,34,volunteer,data/keypoints\end_of_set\end_of_set_p08_34.npy,90,train
data/raw_clips\end_of_set\end_of_set_p08_35.mp4,end_of_set,p08,35,volunteer,data/keypoints\end_of_set\end_of_set_p08_35.npy,91,train
data/raw_clips\end_of_set\end_of_set_p08_36.mp4,end_of_set,p08,36,volunteer,data/keypoints\end_of_set\end_of_set_p08_36.npy,84,train
data/raw_clips\end_of_set\end_of_set_p08_37.mp4,end_of_set,p08,37,volunteer,data/keypoints\end_of_set\end_of_set_p08_37.npy,87,train
data/raw_clips\end_of_set\end_of_set_p08_38.mp4,end_of_set,p08,38,volunteer,data/keypoints\end_of_set\end_of_set_p08_38.npy,84,train
data/raw_clips\end_of_set\end_of_set_p08_39.mp4,end_of_set,p08,39,volunteer,data/keypoints\end_of_set\end_of_set_p08_39.npy,85,train
data/raw_clips\end_of_set\end_of_set_p08_4.mp4,end_of_set,p08,4,volunteer,data/keypoints\end_of_set\end_of_set_p08_4.npy,84,train
data/raw_clips\end_of_set\end_of_set_p08_5.mp4,end_of_set,p08,5,volunteer,data/keypoints\end_of_set\end_of_set_p08_5.npy,87,train
data/raw_clips\end_of_set\end_of_set_p08_6.mp4,end_of_set,p08,6,volunteer,data/keypoints\end_of_set\end_of_set_p08_6.npy,87,train
data/raw_clips\end_of_set\end_of_set_p08_7.mp4,end_of_set,p08,7,volunteer,data/keypoints\end_of_set\end_of_set_p08_7.npy,87,train
data/raw_clips\end_of_set\end_of_set_p08_8.mp4,end_of_set,p08,8,volunteer,data/keypoints\end_of_set\end_of_set_p08_8.npy,84,train
data/raw_clips\end_of_set\end_of_set_p08_9.mp4,end_of_set,p08,9,volunteer,data/keypoints\end_of_set\end_of_set_p08_9.npy,85,train
data/raw_clips\end_of_set\end_of_set_p09_1.mp4,end_of_set,p09,1,volunteer,data/keypoints\end_of_set\end_of_set_p09_1.npy,81,test
data/raw_clips\end_of_set\end_of_set_p09_10.mp4,end_of_set,p09,10,volunteer,data/keypoints\end_of_set\end_of_set_p09_10.npy,93,test
data/raw_clips\end_of_set\end_of_set_p09_11.mp4,end_of_set,p09,11,volunteer,data/keypoints\end_of_set\end_of_set_p09_11.npy,105,test
data/raw_clips\end_of_set\end_of_set_p09_12.mp4,end_of_set,p09,12,volunteer,data/keypoints\end_of_set\end_of_set_p09_12.npy,95,test
data/raw_clips\end_of_set\end_of_set_p09_13.mp4,end_of_set,p09,13,volunteer,data/keypoints\end_of_set\end_of_set_p09_13.npy,90,test
data/raw_clips\end_of_set\end_of_set_p09_14.mp4,end_of_set,p09,14,volunteer,data/keypoints\end_of_set\end_of_set_p09_14.npy,89,test
data/raw_clips\end_of_set\end_of_set_p09_15.mp4,end_of_set,p09,15,volunteer,data/keypoints\end_of_set\end_of_set_p09_15.npy,111,test
data/raw_clips\end_of_set\end_of_set_p09_16.mp4,end_of_set,p09,16,volunteer,data/keypoints\end_of_set\end_of_set_p09_16.npy,111,test
data/raw_clips\end_of_set\end_of_set_p09_2.mp4,end_of_set,p09,2,volunteer,data/keypoints\end_of_set\end_of_set_p09_2.npy,94,test
data/raw_clips\end_of_set\end_of_set_p09_3.mp4,end_of_set,p09,3,volunteer,data/keypoints\end_of_set\end_of_set_p09_3.npy,108,test
data/raw_clips\end_of_set\end_of_set_p09_4.mp4,end_of_set,p09,4,volunteer,data/keypoints\end_of_set\end_of_set_p09_4.npy,104,test
data/raw_clips\end_of_set\end_of_set_p09_5.mp4,end_of_set,p09,5,volunteer,data/keypoints\end_of_set\end_of_set_p09_5.npy,102,test
data/raw_clips\end_of_set\end_of_set_p09_6.mp4,end_of_set,p09,6,volunteer,data/keypoints\end_of_set\end_of_set_p09_6.npy,99,test
data/raw_clips\end_of_set\end_of_set_p09_7.mp4,end_of_set,p09,7,volunteer,data/keypoints\end_of_set\end_of_set_p09_7.npy,99,test
data/raw_clips\end_of_set\end_of_set_p09_8.mp4,end_of_set,p09,8,volunteer,data/keypoints\end_of_set\end_of_set_p09_8.npy,102,test
data/raw_clips\end_of_set\end_of_set_p09_9.mp4,end_of_set,p09,9,volunteer,data/keypoints\end_of_set\end_of_set_p09_9.npy,92,test
data/raw_clips\service_authorization_left\authorization_to_serve_left_p02_102.mp4,service_authorization_left,p02,102,volunteer,data/keypoints\service_authorization_left\authorization_to_serve_left_p02_102.npy,99,train
data/raw_clips\service_authorization_left\authorization_to_serve_left_p02_103.mp4,service_authorization_left,p02,103,volunteer,data/keypoints\service_authorization_left\authorization_to_serve_left_p02_103.npy,96,train
data/raw_clips\service_authorization_left\authorization_to_serve_left_p02_104.mp4,service_authorization_left,p02,104,volunteer,data/keypoints\service_authorization_left\authorization_to_serve_left_p02_104.npy,93,train
data/raw_clips\service_authorization_left\authorization_to_serve_left_p02_105.mp4,service_authorization_left,p02,105,volunteer,data/keypoints\service_authorization_left\authorization_to_serve_left_p02_105.npy,90,train
data/raw_clips\service_authorization_left\authorization_to_serve_left_p02_106.mp4,service_authorization_left,p02,106,volunteer,data/keypoints\service_authorization_left\authorization_to_serve_left_p02_106.npy,96,train
data/raw_clips\service_authorization_left\authorization_to_serve_left_p02_107.mp4,service_authorization_left,p02,107,volunteer,data/keypoints\service_authorization_left\authorization_to_serve_left_p02_107.npy,93,train
data/raw_clips\service_authorization_left\authorization_to_serve_left_p02_108.mp4,service_authorization_left,p02,108,volunteer,data/keypoints\service_authorization_left\authorization_to_serve_left_p02_108.npy,90,train
data/raw_clips\service_authorization_left\authorization_to_serve_left_p02_109.mp4,service_authorization_left,p02,109,volunteer,data/keypoints\service_authorization_left\authorization_to_serve_left_p02_109.npy,94,train
data/raw_clips\service_authorization_left\authorization_to_serve_left_p02_110.mp4,service_authorization_left,p02,110,volunteer,data/keypoints\service_authorization_left\authorization_to_serve_left_p02_110.npy,96,train
data/raw_clips\service_authorization_left\authorization_to_serve_left_p02_111.mp4,service_authorization_left,p02,111,volunteer,data/keypoints\service_authorization_left\authorization_to_serve_left_p02_111.npy,96,train
data/raw_clips\service_authorization_left\authorization_to_serve_left_p02_112.mp4,service_authorization_left,p02,112,volunteer,data/keypoints\service_authorization_left\authorization_to_serve_left_p02_112.npy,96,train
data/raw_clips\service_authorization_left\authorization_to_serve_left_p02_113.mp4,service_authorization_left,p02,113,volunteer,data/keypoints\service_authorization_left\authorization_to_serve_left_p02_113.npy,98,train
data/raw_clips\service_authorization_left\authorization_to_serve_left_p02_114.mp4,service_authorization_left,p02,114,volunteer,data/keypoints\service_authorization_left\authorization_to_serve_left_p02_114.npy,97,train
data/raw_clips\service_authorization_left\authorization_to_serve_left_p02_115.mp4,service_authorization_left,p02,115,volunteer,data/keypoints\service_authorization_left\authorization_to_serve_left_p02_115.npy,99,train
data/raw_clips\service_authorization_left\authorization_to_serve_left_p02_116.mp4,service_authorization_left,p02,116,volunteer,data/keypoints\service_authorization_left\authorization_to_serve_left_p02_116.npy,96,train
data/raw_clips\service_authorization_left\authorization_to_serve_left_p02_117.mp4,service_authorization_left,p02,117,volunteer,data/keypoints\service_authorization_left\authorization_to_serve_left_p02_117.npy,95,train
data/raw_clips\service_authorization_left\authorization_to_serve_left_p02_118.mp4,service_authorization_left,p02,118,volunteer,data/keypoints\service_authorization_left\authorization_to_serve_left_p02_118.npy,99,train
data/raw_clips\service_authorization_left\authorization_to_serve_left_p02_119.mp4,service_authorization_left,p02,119,volunteer,data/keypoints\service_authorization_left\authorization_to_serve_left_p02_119.npy,93,train
data/raw_clips\service_authorization_left\authorization_to_serve_left_p02_120.mp4,service_authorization_left,p02,120,volunteer,data/keypoints\service_authorization_left\authorization_to_serve_left_p02_120.npy,98,train
data/raw_clips\service_authorization_left\authorization_to_serve_left_p02_121.mp4,service_authorization_left,p02,121,volunteer,data/keypoints\service_authorization_left\authorization_to_serve_left_p02_121.npy,93,train
data/raw_clips\service_authorization_left\authorization_to_serve_left_p02_122.mp4,service_authorization_left,p02,122,volunteer,data/keypoints\service_authorization_left\authorization_to_serve_left_p02_122.npy,87,train
data/raw_clips\service_authorization_left\authorization_to_serve_left_p02_123.mp4,service_authorization_left,p02,123,volunteer,data/keypoints\service_authorization_left\authorization_to_serve_left_p02_123.npy,87,train
data/raw_clips\service_authorization_left\authorization_to_serve_left_p02_124.mp4,service_authorization_left,p02,124,volunteer,data/keypoints\service_authorization_left\authorization_to_serve_left_p02_124.npy,105,train
data/raw_clips\service_authorization_left\authorization_to_serve_left_p02_125.mp4,service_authorization_left,p02,125,volunteer,data/keypoints\service_authorization_left\authorization_to_serve_left_p02_125.npy,93,train
data/raw_clips\service_authorization_left\authorization_to_serve_left_p02_126.mp4,service_authorization_left,p02,126,volunteer,data/keypoints\service_authorization_left\authorization_to_serve_left_p02_126.npy,92,train
data/raw_clips\service_authorization_left\authorization_to_serve_left_p02_127.mp4,service_authorization_left,p02,127,volunteer,data/keypoints\service_authorization_left\authorization_to_serve_left_p02_127.npy,93,train
data/raw_clips\service_authorization_left\authorization_to_serve_left_p02_128.mp4,service_authorization_left,p02,128,volunteer,data/keypoints\service_authorization_left\authorization_to_serve_left_p02_128.npy,102,train
data/raw_clips\service_authorization_left\authorization_to_serve_left_p02_129.mp4,service_authorization_left,p02,129,volunteer,data/keypoints\service_authorization_left\authorization_to_serve_left_p02_129.npy,99,train
data/raw_clips\service_authorization_left\authorization_to_serve_left_p02_130.mp4,service_authorization_left,p02,130,volunteer,data/keypoints\service_authorization_left\authorization_to_serve_left_p02_130.npy,96,train
data/raw_clips\service_authorization_left\authorization_to_serve_left_p02_131.mp4,service_authorization_left,p02,131,volunteer,data/keypoints\service_authorization_left\authorization_to_serve_left_p02_131.npy,86,train
data/raw_clips\service_authorization_left\authorization_to_serve_left_p02_132.mp4,service_authorization_left,p02,132,volunteer,data/keypoints\service_authorization_left\authorization_to_serve_left_p02_132.npy,96,train
data/raw_clips\service_authorization_left\authorization_to_serve_left_p02_133.mp4,service_authorization_left,p02,133,volunteer,data/keypoints\service_authorization_left\authorization_to_serve_left_p02_133.npy,93,train
data/raw_clips\service_authorization_left\authorization_to_serve_left_p02_134.mp4,service_authorization_left,p02,134,volunteer,data/keypoints\service_authorization_left\authorization_to_serve_left_p02_134.npy,90,train
data/raw_clips\service_authorization_left\authorization_to_serve_left_p02_135.mp4,service_authorization_left,p02,135,volunteer,data/keypoints\service_authorization_left\authorization_to_serve_left_p02_135.npy,93,train
data/raw_clips\service_authorization_left\authorization_to_serve_left_p02_136.mp4,service_authorization_left,p02,136,volunteer,data/keypoints\service_authorization_left\authorization_to_serve_left_p02_136.npy,89,train
data/raw_clips\service_authorization_left\authorization_to_serve_left_p02_137.mp4,service_authorization_left,p02,137,volunteer,data/keypoints\service_authorization_left\authorization_to_serve_left_p02_137.npy,98,train
data/raw_clips\service_authorization_left\authorization_to_serve_left_p02_138.mp4,service_authorization_left,p02,138,volunteer,data/keypoints\service_authorization_left\authorization_to_serve_left_p02_138.npy,104,train
data/raw_clips\service_authorization_left\authorization_to_serve_left_p02_139.mp4,service_authorization_left,p02,139,volunteer,data/keypoints\service_authorization_left\authorization_to_serve_left_p02_139.npy,100,train
data/raw_clips\service_authorization_left\authorization_to_serve_left_p02_140.mp4,service_authorization_left,p02,140,volunteer,data/keypoints\service_authorization_left\authorization_to_serve_left_p02_140.npy,96,train
data/raw_clips\service_authorization_left\authorization_to_serve_left_p02_141.mp4,service_authorization_left,p02,141,volunteer,data/keypoints\service_authorization_left\authorization_to_serve_left_p02_141.npy,97,train
data/raw_clips\service_authorization_left\authorization_to_serve_left_p08_1.mp4,service_authorization_left,p08,1,volunteer,data/keypoints\service_authorization_left\authorization_to_serve_left_p08_1.npy,113,train
data/raw_clips\service_authorization_left\authorization_to_serve_left_p08_10.mp4,service_authorization_left,p08,10,volunteer,data/keypoints\service_authorization_left\authorization_to_serve_left_p08_10.npy,111,train
data/raw_clips\service_authorization_left\authorization_to_serve_left_p08_11.mp4,service_authorization_left,p08,11,volunteer,data/keypoints\service_authorization_left\authorization_to_serve_left_p08_11.npy,114,train
data/raw_clips\service_authorization_left\authorization_to_serve_left_p08_12.mp4,service_authorization_left,p08,12,volunteer,data/keypoints\service_authorization_left\authorization_to_serve_left_p08_12.npy,108,train
data/raw_clips\service_authorization_left\authorization_to_serve_left_p08_13.mp4,service_authorization_left,p08,13,volunteer,data/keypoints\service_authorization_left\authorization_to_serve_left_p08_13.npy,114,train
data/raw_clips\service_authorization_left\authorization_to_serve_left_p08_14.mp4,service_authorization_left,p08,14,volunteer,data/keypoints\service_authorization_left\authorization_to_serve_left_p08_14.npy,111,train
data/raw_clips\service_authorization_left\authorization_to_serve_left_p08_15.mp4,service_authorization_left,p08,15,volunteer,data/keypoints\service_authorization_left\authorization_to_serve_left_p08_15.npy,103,train
data/raw_clips\service_authorization_left\authorization_to_serve_left_p08_16.mp4,service_authorization_left,p08,16,volunteer,data/keypoints\service_authorization_left\authorization_to_serve_left_p08_16.npy,105,train
data/raw_clips\service_authorization_left\authorization_to_serve_left_p08_17.mp4,service_authorization_left,p08,17,volunteer,data/keypoints\service_authorization_left\authorization_to_serve_left_p08_17.npy,144,train
data/raw_clips\service_authorization_left\authorization_to_serve_left_p08_18.mp4,service_authorization_left,p08,18,volunteer,data/keypoints\service_authorization_left\authorization_to_serve_left_p08_18.npy,108,train
data/raw_clips\service_authorization_left\authorization_to_serve_left_p08_19.mp4,service_authorization_left,p08,19,volunteer,data/keypoints\service_authorization_left\authorization_to_serve_left_p08_19.npy,120,train
data/raw_clips\service_authorization_left\authorization_to_serve_left_p08_2.mp4,service_authorization_left,p08,2,volunteer,data/keypoints\service_authorization_left\authorization_to_serve_left_p08_2.npy,116,train
data/raw_clips\service_authorization_left\authorization_to_serve_left_p08_20.mp4,service_authorization_left,p08,20,volunteer,data/keypoints\service_authorization_left\authorization_to_serve_left_p08_20.npy,112,train
data/raw_clips\service_authorization_left\authorization_to_serve_left_p08_21.mp4,service_authorization_left,p08,21,volunteer,data/keypoints\service_authorization_left\authorization_to_serve_left_p08_21.npy,125,train
data/raw_clips\service_authorization_left\authorization_to_serve_left_p08_22.mp4,service_authorization_left,p08,22,volunteer,data/keypoints\service_authorization_left\authorization_to_serve_left_p08_22.npy,117,train
data/raw_clips\service_authorization_left\authorization_to_serve_left_p08_23.mp4,service_authorization_left,p08,23,volunteer,data/keypoints\service_authorization_left\authorization_to_serve_left_p08_23.npy,111,train
data/raw_clips\service_authorization_left\authorization_to_serve_left_p08_24.mp4,service_authorization_left,p08,24,volunteer,data/keypoints\service_authorization_left\authorization_to_serve_left_p08_24.npy,119,train
data/raw_clips\service_authorization_left\authorization_to_serve_left_p08_25.mp4,service_authorization_left,p08,25,volunteer,data/keypoints\service_authorization_left\authorization_to_serve_left_p08_25.npy,98,train
data/raw_clips\service_authorization_left\authorization_to_serve_left_p08_26.mp4,service_authorization_left,p08,26,volunteer,data/keypoints\service_authorization_left\authorization_to_serve_left_p08_26.npy,114,train
data/raw_clips\service_authorization_left\authorization_to_serve_left_p08_27.mp4,service_authorization_left,p08,27,volunteer,data/keypoints\service_authorization_left\authorization_to_serve_left_p08_27.npy,109,train
data/raw_clips\service_authorization_left\authorization_to_serve_left_p08_28.mp4,service_authorization_left,p08,28,volunteer,data/keypoints\service_authorization_left\authorization_to_serve_left_p08_28.npy,105,train
data/raw_clips\service_authorization_left\authorization_to_serve_left_p08_29.mp4,service_authorization_left,p08,29,volunteer,data/keypoints\service_authorization_left\authorization_to_serve_left_p08_29.npy,107,train
data/raw_clips\service_authorization_left\authorization_to_serve_left_p08_3.mp4,service_authorization_left,p08,3,volunteer,data/keypoints\service_authorization_left\authorization_to_serve_left_p08_3.npy,110,train
data/raw_clips\service_authorization_left\authorization_to_serve_left_p08_31.mp4,service_authorization_left,p08,31,volunteer,data/keypoints\service_authorization_left\authorization_to_serve_left_p08_31.npy,147,train
data/raw_clips\service_authorization_left\authorization_to_serve_left_p08_32.mp4,service_authorization_left,p08,32,volunteer,data/keypoints\service_authorization_left\authorization_to_serve_left_p08_32.npy,105,train
data/raw_clips\service_authorization_left\authorization_to_serve_left_p08_33.mp4,service_authorization_left,p08,33,volunteer,data/keypoints\service_authorization_left\authorization_to_serve_left_p08_33.npy,106,train
data/raw_clips\service_authorization_left\authorization_to_serve_left_p08_34.mp4,service_authorization_left,p08,34,volunteer,data/keypoints\service_authorization_left\authorization_to_serve_left_p08_34.npy,105,train
data/raw_clips\service_authorization_left\authorization_to_serve_left_p08_35.mp4,service_authorization_left,p08,35,volunteer,data/keypoints\service_authorization_left\authorization_to_serve_left_p08_35.npy,102,train
data/raw_clips\service_authorization_left\authorization_to_serve_left_p08_36.mp4,service_authorization_left,p08,36,volunteer,data/keypoints\service_authorization_left\authorization_to_serve_left_p08_36.npy,98,train
data/raw_clips\service_authorization_left\authorization_to_serve_left_p08_37.mp4,service_authorization_left,p08,37,volunteer,data/keypoints\service_authorization_left\authorization_to_serve_left_p08_37.npy,100,train
data/raw_clips\service_authorization_left\authorization_to_serve_left_p08_38.mp4,service_authorization_left,p08,38,volunteer,data/keypoints\service_authorization_left\authorization_to_serve_left_p08_38.npy,102,train
data/raw_clips\service_authorization_left\authorization_to_serve_left_p08_39.mp4,service_authorization_left,p08,39,volunteer,data/keypoints\service_authorization_left\authorization_to_serve_left_p08_39.npy,105,train
data/raw_clips\service_authorization_left\authorization_to_serve_left_p08_4.mp4,service_authorization_left,p08,4,volunteer,data/keypoints\service_authorization_left\authorization_to_serve_left_p08_4.npy,111,train
data/raw_clips\service_authorization_left\authorization_to_serve_left_p08_40.mp4,service_authorization_left,p08,40,volunteer,data/keypoints\service_authorization_left\authorization_to_serve_left_p08_40.npy,108,train
data/raw_clips\service_authorization_left\authorization_to_serve_left_p08_41.mp4,service_authorization_left,p08,41,volunteer,data/keypoints\service_authorization_left\authorization_to_serve_left_p08_41.npy,126,train
data/raw_clips\service_authorization_left\authorization_to_serve_left_p08_42.mp4,service_authorization_left,p08,42,volunteer,data/keypoints\service_authorization_left\authorization_to_serve_left_p08_42.npy,127,train
data/raw_clips\service_authorization_left\authorization_to_serve_left_p08_43.mp4,service_authorization_left,p08,43,volunteer,data/keypoints\service_authorization_left\authorization_to_serve_left_p08_43.npy,144,train
data/raw_clips\service_authorization_left\authorization_to_serve_left_p08_44.mp4,service_authorization_left,p08,44,volunteer,data/keypoints\service_authorization_left\authorization_to_serve_left_p08_44.npy,155,train
data/raw_clips\service_authorization_left\authorization_to_serve_left_p08_45.mp4,service_authorization_left,p08,45,volunteer,data/keypoints\service_authorization_left\authorization_to_serve_left_p08_45.npy,150,train
data/raw_clips\service_authorization_left\authorization_to_serve_left_p08_46.mp4,service_authorization_left,p08,46,volunteer,data/keypoints\service_authorization_left\authorization_to_serve_left_p08_46.npy,147,train
data/raw_clips\service_authorization_left\authorization_to_serve_left_p08_47.mp4,service_authorization_left,p08,47,volunteer,data/keypoints\service_authorization_left\authorization_to_serve_left_p08_47.npy,145,train
data/raw_clips\service_authorization_left\authorization_to_serve_left_p08_48.mp4,service_authorization_left,p08,48,volunteer,data/keypoints\service_authorization_left\authorization_to_serve_left_p08_48.npy,142,train
data/raw_clips\service_authorization_left\authorization_to_serve_left_p08_49.mp4,service_authorization_left,p08,49,volunteer,data/keypoints\service_authorization_left\authorization_to_serve_left_p08_49.npy,143,train
data/raw_clips\service_authorization_left\authorization_to_serve_left_p08_5.mp4,service_authorization_left,p08,5,volunteer,data/keypoints\service_authorization_left\authorization_to_serve_left_p08_5.npy,104,train
data/raw_clips\service_authorization_left\authorization_to_serve_left_p08_50.mp4,service_authorization_left,p08,50,volunteer,data/keypoints\service_authorization_left\authorization_to_serve_left_p08_50.npy,170,train
data/raw_clips\service_authorization_left\authorization_to_serve_left_p08_51.mp4,service_authorization_left,p08,51,volunteer,data/keypoints\service_authorization_left\authorization_to_serve_left_p08_51.npy,159,train
data/raw_clips\service_authorization_left\authorization_to_serve_left_p08_52.mp4,service_authorization_left,p08,52,volunteer,data/keypoints\service_authorization_left\authorization_to_serve_left_p08_52.npy,153,train
data/raw_clips\service_authorization_left\authorization_to_serve_left_p08_53.mp4,service_authorization_left,p08,53,volunteer,data/keypoints\service_authorization_left\authorization_to_serve_left_p08_53.npy,138,train
data/raw_clips\service_authorization_left\authorization_to_serve_left_p08_54.mp4,service_authorization_left,p08,54,volunteer,data/keypoints\service_authorization_left\authorization_to_serve_left_p08_54.npy,136,train
data/raw_clips\service_authorization_left\authorization_to_serve_left_p08_55.mp4,service_authorization_left,p08,55,volunteer,data/keypoints\service_authorization_left\authorization_to_serve_left_p08_55.npy,150,train
data/raw_clips\service_authorization_left\authorization_to_serve_left_p08_56.mp4,service_authorization_left,p08,56,volunteer,data/keypoints\service_authorization_left\authorization_to_serve_left_p08_56.npy,122,train
data/raw_clips\service_authorization_left\authorization_to_serve_left_p08_57.mp4,service_authorization_left,p08,57,volunteer,data/keypoints\service_authorization_left\authorization_to_serve_left_p08_57.npy,126,train
data/raw_clips\service_authorization_left\authorization_to_serve_left_p08_58.mp4,service_authorization_left,p08,58,volunteer,data/keypoints\service_authorization_left\authorization_to_serve_left_p08_58.npy,120,train
data/raw_clips\service_authorization_left\authorization_to_serve_left_p08_59.mp4,service_authorization_left,p08,59,volunteer,data/keypoints\service_authorization_left\authorization_to_serve_left_p08_59.npy,124,train
data/raw_clips\service_authorization_left\authorization_to_serve_left_p08_6.mp4,service_authorization_left,p08,6,volunteer,data/keypoints\service_authorization_left\authorization_to_serve_left_p08_6.npy,159,train
data/raw_clips\service_authorization_left\authorization_to_serve_left_p08_60.mp4,service_authorization_left,p08,60,volunteer,data/keypoints\service_authorization_left\authorization_to_serve_left_p08_60.npy,120,train
data/raw_clips\service_authorization_left\authorization_to_serve_left_p08_61.mp4,service_authorization_left,p08,61,volunteer,data/keypoints\service_authorization_left\authorization_to_serve_left_p08_61.npy,150,train
data/raw_clips\service_authorization_left\authorization_to_serve_left_p08_62.mp4,service_authorization_left,p08,62,volunteer,data/keypoints\service_authorization_left\authorization_to_serve_left_p08_62.npy,126,train
data/raw_clips\service_authorization_left\authorization_to_serve_left_p08_63.mp4,service_authorization_left,p08,63,volunteer,data/keypoints\service_authorization_left\authorization_to_serve_left_p08_63.npy,122,train
data/raw_clips\service_authorization_left\authorization_to_serve_left_p08_64.mp4,service_authorization_left,p08,64,volunteer,data/keypoints\service_authorization_left\authorization_to_serve_left_p08_64.npy,123,train
data/raw_clips\service_authorization_left\authorization_to_serve_left_p08_65.mp4,service_authorization_left,p08,65,volunteer,data/keypoints\service_authorization_left\authorization_to_serve_left_p08_65.npy,120,train
data/raw_clips\service_authorization_left\authorization_to_serve_left_p08_66.mp4,service_authorization_left,p08,66,volunteer,data/keypoints\service_authorization_left\authorization_to_serve_left_p08_66.npy,117,train
data/raw_clips\service_authorization_left\authorization_to_serve_left_p08_67.mp4,service_authorization_left,p08,67,volunteer,data/keypoints\service_authorization_left\authorization_to_serve_left_p08_67.npy,113,train
data/raw_clips\service_authorization_left\authorization_to_serve_left_p08_68.mp4,service_authorization_left,p08,68,volunteer,data/keypoints\service_authorization_left\authorization_to_serve_left_p08_68.npy,120,train
data/raw_clips\service_authorization_left\authorization_to_serve_left_p08_69.mp4,service_authorization_left,p08,69,volunteer,data/keypoints\service_authorization_left\authorization_to_serve_left_p08_69.npy,108,train
data/raw_clips\service_authorization_left\authorization_to_serve_left_p08_7.mp4,service_authorization_left,p08,7,volunteer,data/keypoints\service_authorization_left\authorization_to_serve_left_p08_7.npy,114,train
data/raw_clips\service_authorization_left\authorization_to_serve_left_p08_70.mp4,service_authorization_left,p08,70,volunteer,data/keypoints\service_authorization_left\authorization_to_serve_left_p08_70.npy,116,train
data/raw_clips\service_authorization_left\authorization_to_serve_left_p08_71.mp4,service_authorization_left,p08,71,volunteer,data/keypoints\service_authorization_left\authorization_to_serve_left_p08_71.npy,156,train
data/raw_clips\service_authorization_left\authorization_to_serve_left_p08_72.mp4,service_authorization_left,p08,72,volunteer,data/keypoints\service_authorization_left\authorization_to_serve_left_p08_72.npy,118,train
data/raw_clips\service_authorization_left\authorization_to_serve_left_p08_73.mp4,service_authorization_left,p08,73,volunteer,data/keypoints\service_authorization_left\authorization_to_serve_left_p08_73.npy,119,train
data/raw_clips\service_authorization_left\authorization_to_serve_left_p08_74.mp4,service_authorization_left,p08,74,volunteer,data/keypoints\service_authorization_left\authorization_to_serve_left_p08_74.npy,117,train
data/raw_clips\service_authorization_left\authorization_to_serve_left_p08_75.mp4,service_authorization_left,p08,75,volunteer,data/keypoints\service_authorization_left\authorization_to_serve_left_p08_75.npy,119,train
data/raw_clips\service_authorization_left\authorization_to_serve_left_p08_76.mp4,service_authorization_left,p08,76,volunteer,data/keypoints\service_authorization_left\authorization_to_serve_left_p08_76.npy,122,train
data/raw_clips\service_authorization_left\authorization_to_serve_left_p08_77.mp4,service_authorization_left,p08,77,volunteer,data/keypoints\service_authorization_left\authorization_to_serve_left_p08_77.npy,126,train
data/raw_clips\service_authorization_left\authorization_to_serve_left_p08_78.mp4,service_authorization_left,p08,78,volunteer,data/keypoints\service_authorization_left\authorization_to_serve_left_p08_78.npy,120,train
data/raw_clips\service_authorization_left\authorization_to_serve_left_p08_79.mp4,service_authorization_left,p08,79,volunteer,data/keypoints\service_authorization_left\authorization_to_serve_left_p08_79.npy,125,train
data/raw_clips\service_authorization_left\authorization_to_serve_left_p08_8.mp4,service_authorization_left,p08,8,volunteer,data/keypoints\service_authorization_left\authorization_to_serve_left_p08_8.npy,112,train
data/raw_clips\service_authorization_left\authorization_to_serve_left_p08_80.mp4,service_authorization_left,p08,80,volunteer,data/keypoints\service_authorization_left\authorization_to_serve_left_p08_80.npy,117,train
data/raw_clips\service_authorization_left\authorization_to_serve_left_p08_81.mp4,service_authorization_left,p08,81,volunteer,data/keypoints\service_authorization_left\authorization_to_serve_left_p08_81.npy,117,train
data/raw_clips\service_authorization_left\authorization_to_serve_left_p08_82.mp4,service_authorization_left,p08,82,volunteer,data/keypoints\service_authorization_left\authorization_to_serve_left_p08_82.npy,114,train
data/raw_clips\service_authorization_left\authorization_to_serve_left_p08_83.mp4,service_authorization_left,p08,83,volunteer,data/keypoints\service_authorization_left\authorization_to_serve_left_p08_83.npy,156,train
data/raw_clips\service_authorization_left\authorization_to_serve_left_p08_84.mp4,service_authorization_left,p08,84,volunteer,data/keypoints\service_authorization_left\authorization_to_serve_left_p08_84.npy,120,train
data/raw_clips\service_authorization_left\authorization_to_serve_left_p08_85.mp4,service_authorization_left,p08,85,volunteer,data/keypoints\service_authorization_left\authorization_to_serve_left_p08_85.npy,114,train
data/raw_clips\service_authorization_left\authorization_to_serve_left_p08_86.mp4,service_authorization_left,p08,86,volunteer,data/keypoints\service_authorization_left\authorization_to_serve_left_p08_86.npy,120,train
data/raw_clips\service_authorization_left\authorization_to_serve_left_p08_87.mp4,service_authorization_left,p08,87,volunteer,data/keypoints\service_authorization_left\authorization_to_serve_left_p08_87.npy,113,train
data/raw_clips\service_authorization_left\authorization_to_serve_left_p08_9.mp4,service_authorization_left,p08,9,volunteer,data/keypoints\service_authorization_left\authorization_to_serve_left_p08_9.npy,111,train
data/raw_clips\service_authorization_left\authorization_to_serve_left_p09_1.mp4,service_authorization_left,p09,1,volunteer,data/keypoints\service_authorization_left\authorization_to_serve_left_p09_1.npy,139,val
data/raw_clips\service_authorization_left\authorization_to_serve_left_p09_10.mp4,service_authorization_left,p09,10,volunteer,data/keypoints\service_authorization_left\authorization_to_serve_left_p09_10.npy,103,val
data/raw_clips\service_authorization_left\authorization_to_serve_left_p09_11.mp4,service_authorization_left,p09,11,volunteer,data/keypoints\service_authorization_left\authorization_to_serve_left_p09_11.npy,99,val
data/raw_clips\service_authorization_left\authorization_to_serve_left_p09_12.mp4,service_authorization_left,p09,12,volunteer,data/keypoints\service_authorization_left\authorization_to_serve_left_p09_12.npy,95,val
data/raw_clips\service_authorization_left\authorization_to_serve_left_p09_13.mp4,service_authorization_left,p09,13,volunteer,data/keypoints\service_authorization_left\authorization_to_serve_left_p09_13.npy,102,val
data/raw_clips\service_authorization_left\authorization_to_serve_left_p09_14.mp4,service_authorization_left,p09,14,volunteer,data/keypoints\service_authorization_left\authorization_to_serve_left_p09_14.npy,113,val
data/raw_clips\service_authorization_left\authorization_to_serve_left_p09_15.mp4,service_authorization_left,p09,15,volunteer,data/keypoints\service_authorization_left\authorization_to_serve_left_p09_15.npy,93,val
data/raw_clips\service_authorization_left\authorization_to_serve_left_p09_16.mp4,service_authorization_left,p09,16,volunteer,data/keypoints\service_authorization_left\authorization_to_serve_left_p09_16.npy,88,val
data/raw_clips\service_authorization_left\authorization_to_serve_left_p09_17.mp4,service_authorization_left,p09,17,volunteer,data/keypoints\service_authorization_left\authorization_to_serve_left_p09_17.npy,100,val
data/raw_clips\service_authorization_left\authorization_to_serve_left_p09_18.mp4,service_authorization_left,p09,18,volunteer,data/keypoints\service_authorization_left\authorization_to_serve_left_p09_18.npy,105,val
data/raw_clips\service_authorization_left\authorization_to_serve_left_p09_19.mp4,service_authorization_left,p09,19,volunteer,data/keypoints\service_authorization_left\authorization_to_serve_left_p09_19.npy,108,val
data/raw_clips\service_authorization_left\authorization_to_serve_left_p09_2.mp4,service_authorization_left,p09,2,volunteer,data/keypoints\service_authorization_left\authorization_to_serve_left_p09_2.npy,111,val
data/raw_clips\service_authorization_left\authorization_to_serve_left_p09_20.mp4,service_authorization_left,p09,20,volunteer,data/keypoints\service_authorization_left\authorization_to_serve_left_p09_20.npy,98,val
data/raw_clips\service_authorization_left\authorization_to_serve_left_p09_21.mp4,service_authorization_left,p09,21,volunteer,data/keypoints\service_authorization_left\authorization_to_serve_left_p09_21.npy,110,val
data/raw_clips\service_authorization_left\authorization_to_serve_left_p09_22.mp4,service_authorization_left,p09,22,volunteer,data/keypoints\service_authorization_left\authorization_to_serve_left_p09_22.npy,103,val
data/raw_clips\service_authorization_left\authorization_to_serve_left_p09_23.mp4,service_authorization_left,p09,23,volunteer,data/keypoints\service_authorization_left\authorization_to_serve_left_p09_23.npy,108,val
data/raw_clips\service_authorization_left\authorization_to_serve_left_p09_24.mp4,service_authorization_left,p09,24,volunteer,data/keypoints\service_authorization_left\authorization_to_serve_left_p09_24.npy,118,val
data/raw_clips\service_authorization_left\authorization_to_serve_left_p09_25.mp4,service_authorization_left,p09,25,volunteer,data/keypoints\service_authorization_left\authorization_to_serve_left_p09_25.npy,94,val
data/raw_clips\service_authorization_left\authorization_to_serve_left_p09_26.mp4,service_authorization_left,p09,26,volunteer,data/keypoints\service_authorization_left\authorization_to_serve_left_p09_26.npy,108,val
data/raw_clips\service_authorization_left\authorization_to_serve_left_p09_27.mp4,service_authorization_left,p09,27,volunteer,data/keypoints\service_authorization_left\authorization_to_serve_left_p09_27.npy,113,val
data/raw_clips\service_authorization_left\authorization_to_serve_left_p09_28.mp4,service_authorization_left,p09,28,volunteer,data/keypoints\service_authorization_left\authorization_to_serve_left_p09_28.npy,108,val
data/raw_clips\service_authorization_left\authorization_to_serve_left_p09_3.mp4,service_authorization_left,p09,3,volunteer,data/keypoints\service_authorization_left\authorization_to_serve_left_p09_3.npy,106,val
data/raw_clips\service_authorization_left\authorization_to_serve_left_p09_30.mp4,service_authorization_left,p09,30,volunteer,data/keypoints\service_authorization_left\authorization_to_serve_left_p09_30.npy,116,val
data/raw_clips\service_authorization_left\authorization_to_serve_left_p09_31.mp4,service_authorization_left,p09,31,volunteer,data/keypoints\service_authorization_left\authorization_to_serve_left_p09_31.npy,120,val
data/raw_clips\service_authorization_left\authorization_to_serve_left_p09_32.mp4,service_authorization_left,p09,32,volunteer,data/keypoints\service_authorization_left\authorization_to_serve_left_p09_32.npy,118,val
data/raw_clips\service_authorization_left\authorization_to_serve_left_p09_33.mp4,service_authorization_left,p09,33,volunteer,data/keypoints\service_authorization_left\authorization_to_serve_left_p09_33.npy,102,val
data/raw_clips\service_authorization_left\authorization_to_serve_left_p09_34.mp4,service_authorization_left,p09,34,volunteer,data/keypoints\service_authorization_left\authorization_to_serve_left_p09_34.npy,129,val
data/raw_clips\service_authorization_left\authorization_to_serve_left_p09_35.mp4,service_authorization_left,p09,35,volunteer,data/keypoints\service_authorization_left\authorization_to_serve_left_p09_35.npy,113,val
data/raw_clips\service_authorization_left\authorization_to_serve_left_p09_36.mp4,service_authorization_left,p09,36,volunteer,data/keypoints\service_authorization_left\authorization_to_serve_left_p09_36.npy,111,val
data/raw_clips\service_authorization_left\authorization_to_serve_left_p09_37.mp4,service_authorization_left,p09,37,volunteer,data/keypoints\service_authorization_left\authorization_to_serve_left_p09_37.npy,108,val
data/raw_clips\service_authorization_left\authorization_to_serve_left_p09_38.mp4,service_authorization_left,p09,38,volunteer,data/keypoints\service_authorization_left\authorization_to_serve_left_p09_38.npy,126,val
data/raw_clips\service_authorization_left\authorization_to_serve_left_p09_39.mp4,service_authorization_left,p09,39,volunteer,data/keypoints\service_authorization_left\authorization_to_serve_left_p09_39.npy,112,val
data/raw_clips\service_authorization_left\authorization_to_serve_left_p09_4.mp4,service_authorization_left,p09,4,volunteer,data/keypoints\service_authorization_left\authorization_to_serve_left_p09_4.npy,101,val
data/raw_clips\service_authorization_left\authorization_to_serve_left_p09_40.mp4,service_authorization_left,p09,40,volunteer,data/keypoints\service_authorization_left\authorization_to_serve_left_p09_40.npy,122,val
data/raw_clips\service_authorization_left\authorization_to_serve_left_p09_41.mp4,service_authorization_left,p09,41,volunteer,data/keypoints\service_authorization_left\authorization_to_serve_left_p09_41.npy,120,val
data/raw_clips\service_authorization_left\authorization_to_serve_left_p09_42.mp4,service_authorization_left,p09,42,volunteer,data/keypoints\service_authorization_left\authorization_to_serve_left_p09_42.npy,121,val
data/raw_clips\service_authorization_left\authorization_to_serve_left_p09_43.mp4,service_authorization_left,p09,43,volunteer,data/keypoints\service_authorization_left\authorization_to_serve_left_p09_43.npy,124,val
data/raw_clips\service_authorization_left\authorization_to_serve_left_p09_44.mp4,service_authorization_left,p09,44,volunteer,data/keypoints\service_authorization_left\authorization_to_serve_left_p09_44.npy,109,val
data/raw_clips\service_authorization_left\authorization_to_serve_left_p09_45.mp4,service_authorization_left,p09,45,volunteer,data/keypoints\service_authorization_left\authorization_to_serve_left_p09_45.npy,126,val
data/raw_clips\service_authorization_left\authorization_to_serve_left_p09_46.mp4,service_authorization_left,p09,46,volunteer,data/keypoints\service_authorization_left\authorization_to_serve_left_p09_46.npy,141,val
data/raw_clips\service_authorization_left\authorization_to_serve_left_p09_47.mp4,service_authorization_left,p09,47,volunteer,data/keypoints\service_authorization_left\authorization_to_serve_left_p09_47.npy,125,val
data/raw_clips\service_authorization_left\authorization_to_serve_left_p09_48.mp4,service_authorization_left,p09,48,volunteer,data/keypoints\service_authorization_left\authorization_to_serve_left_p09_48.npy,120,val
data/raw_clips\service_authorization_left\authorization_to_serve_left_p09_49.mp4,service_authorization_left,p09,49,volunteer,data/keypoints\service_authorization_left\authorization_to_serve_left_p09_49.npy,125,val
data/raw_clips\service_authorization_left\authorization_to_serve_left_p09_5.mp4,service_authorization_left,p09,5,volunteer,data/keypoints\service_authorization_left\authorization_to_serve_left_p09_5.npy,104,val
data/raw_clips\service_authorization_left\authorization_to_serve_left_p09_50.mp4,service_authorization_left,p09,50,volunteer,data/keypoints\service_authorization_left\authorization_to_serve_left_p09_50.npy,120,val
data/raw_clips\service_authorization_left\authorization_to_serve_left_p09_51.mp4,service_authorization_left,p09,51,volunteer,data/keypoints\service_authorization_left\authorization_to_serve_left_p09_51.npy,114,val
data/raw_clips\service_authorization_left\authorization_to_serve_left_p09_52.mp4,service_authorization_left,p09,52,volunteer,data/keypoints\service_authorization_left\authorization_to_serve_left_p09_52.npy,104,val
data/raw_clips\service_authorization_left\authorization_to_serve_left_p09_53.mp4,service_authorization_left,p09,53,volunteer,data/keypoints\service_authorization_left\authorization_to_serve_left_p09_53.npy,112,val
data/raw_clips\service_authorization_left\authorization_to_serve_left_p09_54.mp4,service_authorization_left,p09,54,volunteer,data/keypoints\service_authorization_left\authorization_to_serve_left_p09_54.npy,105,val
data/raw_clips\service_authorization_left\authorization_to_serve_left_p09_55.mp4,service_authorization_left,p09,55,volunteer,data/keypoints\service_authorization_left\authorization_to_serve_left_p09_55.npy,123,val
data/raw_clips\service_authorization_left\authorization_to_serve_left_p09_56.mp4,service_authorization_left,p09,56,volunteer,data/keypoints\service_authorization_left\authorization_to_serve_left_p09_56.npy,121,val
data/raw_clips\service_authorization_left\authorization_to_serve_left_p09_57.mp4,service_authorization_left,p09,57,volunteer,data/keypoints\service_authorization_left\authorization_to_serve_left_p09_57.npy,135,val
data/raw_clips\service_authorization_left\authorization_to_serve_left_p09_58.mp4,service_authorization_left,p09,58,volunteer,data/keypoints\service_authorization_left\authorization_to_serve_left_p09_58.npy,125,val
data/raw_clips\service_authorization_left\authorization_to_serve_left_p09_59.mp4,service_authorization_left,p09,59,volunteer,data/keypoints\service_authorization_left\authorization_to_serve_left_p09_59.npy,123,val
data/raw_clips\service_authorization_left\authorization_to_serve_left_p09_6.mp4,service_authorization_left,p09,6,volunteer,data/keypoints\service_authorization_left\authorization_to_serve_left_p09_6.npy,97,val
data/raw_clips\service_authorization_left\authorization_to_serve_left_p09_60.mp4,service_authorization_left,p09,60,volunteer,data/keypoints\service_authorization_left\authorization_to_serve_left_p09_60.npy,130,val
data/raw_clips\service_authorization_left\authorization_to_serve_left_p09_61.mp4,service_authorization_left,p09,61,volunteer,data/keypoints\service_authorization_left\authorization_to_serve_left_p09_61.npy,117,val
data/raw_clips\service_authorization_left\authorization_to_serve_left_p09_62.mp4,service_authorization_left,p09,62,volunteer,data/keypoints\service_authorization_left\authorization_to_serve_left_p09_62.npy,124,val
data/raw_clips\service_authorization_left\authorization_to_serve_left_p09_63.mp4,service_authorization_left,p09,63,volunteer,data/keypoints\service_authorization_left\authorization_to_serve_left_p09_63.npy,123,val
data/raw_clips\service_authorization_left\authorization_to_serve_left_p09_64.mp4,service_authorization_left,p09,64,volunteer,data/keypoints\service_authorization_left\authorization_to_serve_left_p09_64.npy,111,val
data/raw_clips\service_authorization_left\authorization_to_serve_left_p09_65.mp4,service_authorization_left,p09,65,volunteer,data/keypoints\service_authorization_left\authorization_to_serve_left_p09_65.npy,120,val
data/raw_clips\service_authorization_left\authorization_to_serve_left_p09_66.mp4,service_authorization_left,p09,66,volunteer,data/keypoints\service_authorization_left\authorization_to_serve_left_p09_66.npy,126,val
data/raw_clips\service_authorization_left\authorization_to_serve_left_p09_67.mp4,service_authorization_left,p09,67,volunteer,data/keypoints\service_authorization_left\authorization_to_serve_left_p09_67.npy,124,val
data/raw_clips\service_authorization_left\authorization_to_serve_left_p09_68.mp4,service_authorization_left,p09,68,volunteer,data/keypoints\service_authorization_left\authorization_to_serve_left_p09_68.npy,132,val
data/raw_clips\service_authorization_left\authorization_to_serve_left_p09_69.mp4,service_authorization_left,p09,69,volunteer,data/keypoints\service_authorization_left\authorization_to_serve_left_p09_69.npy,138,val
data/raw_clips\service_authorization_left\authorization_to_serve_left_p09_7.mp4,service_authorization_left,p09,7,volunteer,data/keypoints\service_authorization_left\authorization_to_serve_left_p09_7.npy,96,val
data/raw_clips\service_authorization_left\authorization_to_serve_left_p09_70.mp4,service_authorization_left,p09,70,volunteer,data/keypoints\service_authorization_left\authorization_to_serve_left_p09_70.npy,138,val
data/raw_clips\service_authorization_left\authorization_to_serve_left_p09_71.mp4,service_authorization_left,p09,71,volunteer,data/keypoints\service_authorization_left\authorization_to_serve_left_p09_71.npy,141,val
data/raw_clips\service_authorization_left\authorization_to_serve_left_p09_72.mp4,service_authorization_left,p09,72,volunteer,data/keypoints\service_authorization_left\authorization_to_serve_left_p09_72.npy,141,val
data/raw_clips\service_authorization_left\authorization_to_serve_left_p09_73.mp4,service_authorization_left,p09,73,volunteer,data/keypoints\service_authorization_left\authorization_to_serve_left_p09_73.npy,148,val
data/raw_clips\service_authorization_left\authorization_to_serve_left_p09_74.mp4,service_authorization_left,p09,74,volunteer,data/keypoints\service_authorization_left\authorization_to_serve_left_p09_74.npy,145,val
data/raw_clips\service_authorization_left\authorization_to_serve_left_p09_75.mp4,service_authorization_left,p09,75,volunteer,data/keypoints\service_authorization_left\authorization_to_serve_left_p09_75.npy,111,val
data/raw_clips\service_authorization_left\authorization_to_serve_left_p09_76.mp4,service_authorization_left,p09,76,volunteer,data/keypoints\service_authorization_left\authorization_to_serve_left_p09_76.npy,140,val
data/raw_clips\service_authorization_left\authorization_to_serve_left_p09_77.mp4,service_authorization_left,p09,77,volunteer,data/keypoints\service_authorization_left\authorization_to_serve_left_p09_77.npy,171,val
data/raw_clips\service_authorization_left\authorization_to_serve_left_p09_78.mp4,service_authorization_left,p09,78,volunteer,data/keypoints\service_authorization_left\authorization_to_serve_left_p09_78.npy,133,val
data/raw_clips\service_authorization_left\authorization_to_serve_left_p09_79.mp4,service_authorization_left,p09,79,volunteer,data/keypoints\service_authorization_left\authorization_to_serve_left_p09_79.npy,150,val
data/raw_clips\service_authorization_left\authorization_to_serve_left_p09_8.mp4,service_authorization_left,p09,8,volunteer,data/keypoints\service_authorization_left\authorization_to_serve_left_p09_8.npy,102,val
data/raw_clips\service_authorization_left\authorization_to_serve_left_p09_80.mp4,service_authorization_left,p09,80,volunteer,data/keypoints\service_authorization_left\authorization_to_serve_left_p09_80.npy,143,val
data/raw_clips\service_authorization_left\authorization_to_serve_left_p09_81.mp4,service_authorization_left,p09,81,volunteer,data/keypoints\service_authorization_left\authorization_to_serve_left_p09_81.npy,153,val
data/raw_clips\service_authorization_left\authorization_to_serve_left_p09_82.mp4,service_authorization_left,p09,82,volunteer,data/keypoints\service_authorization_left\authorization_to_serve_left_p09_82.npy,150,val
data/raw_clips\service_authorization_left\authorization_to_serve_left_p09_83.mp4,service_authorization_left,p09,83,volunteer,data/keypoints\service_authorization_left\authorization_to_serve_left_p09_83.npy,138,val
data/raw_clips\service_authorization_left\authorization_to_serve_left_p09_84.mp4,service_authorization_left,p09,84,volunteer,data/keypoints\service_authorization_left\authorization_to_serve_left_p09_84.npy,138,val
data/raw_clips\service_authorization_left\authorization_to_serve_left_p09_85.mp4,service_authorization_left,p09,85,volunteer,data/keypoints\service_authorization_left\authorization_to_serve_left_p09_85.npy,99,val
data/raw_clips\service_authorization_left\authorization_to_serve_left_p09_86.mp4,service_authorization_left,p09,86,volunteer,data/keypoints\service_authorization_left\authorization_to_serve_left_p09_86.npy,140,val
data/raw_clips\service_authorization_left\authorization_to_serve_left_p09_87.mp4,service_authorization_left,p09,87,volunteer,data/keypoints\service_authorization_left\authorization_to_serve_left_p09_87.npy,158,val
data/raw_clips\service_authorization_left\authorization_to_serve_left_p09_88.mp4,service_authorization_left,p09,88,volunteer,data/keypoints\service_authorization_left\authorization_to_serve_left_p09_88.npy,143,val
data/raw_clips\service_authorization_left\authorization_to_serve_left_p09_89.mp4,service_authorization_left,p09,89,volunteer,data/keypoints\service_authorization_left\authorization_to_serve_left_p09_89.npy,149,val
data/raw_clips\service_authorization_left\authorization_to_serve_left_p09_9.mp4,service_authorization_left,p09,9,volunteer,data/keypoints\service_authorization_left\authorization_to_serve_left_p09_9.npy,99,val
data/raw_clips\service_authorization_left\authorization_to_serve_left_p09_90.mp4,service_authorization_left,p09,90,volunteer,data/keypoints\service_authorization_left\authorization_to_serve_left_p09_90.npy,135,val
data/raw_clips\service_authorization_left\authorization_to_serve_left_p09_91.mp4,service_authorization_left,p09,91,volunteer,data/keypoints\service_authorization_left\authorization_to_serve_left_p09_91.npy,134,val
data/raw_clips\service_authorization_left\authorization_to_serve_left_p09_92.mp4,service_authorization_left,p09,92,volunteer,data/keypoints\service_authorization_left\authorization_to_serve_left_p09_92.npy,132,val
data/raw_clips\service_authorization_left\authorization_to_serve_left_p09_93.mp4,service_authorization_left,p09,93,volunteer,data/keypoints\service_authorization_left\authorization_to_serve_left_p09_93.npy,133,val
data/raw_clips\service_authorization_left\authorization_to_serve_left_p09_94.mp4,service_authorization_left,p09,94,volunteer,data/keypoints\service_authorization_left\authorization_to_serve_left_p09_94.npy,132,val
data/raw_clips\service_authorization_left\authorization_to_serve_left_p09_95.mp4,service_authorization_left,p09,95,volunteer,data/keypoints\service_authorization_left\authorization_to_serve_left_p09_95.npy,141,val
data/raw_clips\service_authorization_left\authorization_to_serve_left_p09_96.mp4,service_authorization_left,p09,96,volunteer,data/keypoints\service_authorization_left\authorization_to_serve_left_p09_96.npy,154,val
data/raw_clips\service_authorization_left\service_to_authorization_left_p03_1.mp4,service_authorization_left,p03,1,volunteer,data/keypoints\service_authorization_left\service_to_authorization_left_p03_1.npy,104,test
data/raw_clips\service_authorization_left\service_to_authorization_left_p03_10.mp4,service_authorization_left,p03,10,volunteer,data/keypoints\service_authorization_left\service_to_authorization_left_p03_10.npy,93,test
data/raw_clips\service_authorization_left\service_to_authorization_left_p03_11.mp4,service_authorization_left,p03,11,volunteer,data/keypoints\service_authorization_left\service_to_authorization_left_p03_11.npy,102,test
data/raw_clips\service_authorization_left\service_to_authorization_left_p03_12.mp4,service_authorization_left,p03,12,volunteer,data/keypoints\service_authorization_left\service_to_authorization_left_p03_12.npy,108,test
data/raw_clips\service_authorization_left\service_to_authorization_left_p03_13.mp4,service_authorization_left,p03,13,volunteer,data/keypoints\service_authorization_left\service_to_authorization_left_p03_13.npy,96,test
data/raw_clips\service_authorization_left\service_to_authorization_left_p03_14.mp4,service_authorization_left,p03,14,volunteer,data/keypoints\service_authorization_left\service_to_authorization_left_p03_14.npy,111,test
data/raw_clips\service_authorization_left\service_to_authorization_left_p03_15.mp4,service_authorization_left,p03,15,volunteer,data/keypoints\service_authorization_left\service_to_authorization_left_p03_15.npy,102,test
data/raw_clips\service_authorization_left\service_to_authorization_left_p03_16.mp4,service_authorization_left,p03,16,volunteer,data/keypoints\service_authorization_left\service_to_authorization_left_p03_16.npy,109,test
data/raw_clips\service_authorization_left\service_to_authorization_left_p03_17.mp4,service_authorization_left,p03,17,volunteer,data/keypoints\service_authorization_left\service_to_authorization_left_p03_17.npy,93,test
data/raw_clips\service_authorization_left\service_to_authorization_left_p03_18.mp4,service_authorization_left,p03,18,volunteer,data/keypoints\service_authorization_left\service_to_authorization_left_p03_18.npy,93,test
data/raw_clips\service_authorization_left\service_to_authorization_left_p03_19.mp4,service_authorization_left,p03,19,volunteer,data/keypoints\service_authorization_left\service_to_authorization_left_p03_19.npy,96,test
data/raw_clips\service_authorization_left\service_to_authorization_left_p03_2.mp4,service_authorization_left,p03,2,volunteer,data/keypoints\service_authorization_left\service_to_authorization_left_p03_2.npy,99,test
data/raw_clips\service_authorization_left\service_to_authorization_left_p03_20.mp4,service_authorization_left,p03,20,volunteer,data/keypoints\service_authorization_left\service_to_authorization_left_p03_20.npy,96,test
data/raw_clips\service_authorization_left\service_to_authorization_left_p03_21.mp4,service_authorization_left,p03,21,volunteer,data/keypoints\service_authorization_left\service_to_authorization_left_p03_21.npy,103,test
data/raw_clips\service_authorization_left\service_to_authorization_left_p03_22.mp4,service_authorization_left,p03,22,volunteer,data/keypoints\service_authorization_left\service_to_authorization_left_p03_22.npy,105,test
data/raw_clips\service_authorization_left\service_to_authorization_left_p03_23.mp4,service_authorization_left,p03,23,volunteer,data/keypoints\service_authorization_left\service_to_authorization_left_p03_23.npy,102,test
data/raw_clips\service_authorization_left\service_to_authorization_left_p03_24.mp4,service_authorization_left,p03,24,volunteer,data/keypoints\service_authorization_left\service_to_authorization_left_p03_24.npy,103,test
data/raw_clips\service_authorization_left\service_to_authorization_left_p03_25.mp4,service_authorization_left,p03,25,volunteer,data/keypoints\service_authorization_left\service_to_authorization_left_p03_25.npy,102,test
data/raw_clips\service_authorization_left\service_to_authorization_left_p03_26.mp4,service_authorization_left,p03,26,volunteer,data/keypoints\service_authorization_left\service_to_authorization_left_p03_26.npy,117,test
data/raw_clips\service_authorization_left\service_to_authorization_left_p03_27.mp4,service_authorization_left,p03,27,volunteer,data/keypoints\service_authorization_left\service_to_authorization_left_p03_27.npy,117,test
data/raw_clips\service_authorization_left\service_to_authorization_left_p03_28.mp4,service_authorization_left,p03,28,volunteer,data/keypoints\service_authorization_left\service_to_authorization_left_p03_28.npy,108,test
data/raw_clips\service_authorization_left\service_to_authorization_left_p03_29.mp4,service_authorization_left,p03,29,volunteer,data/keypoints\service_authorization_left\service_to_authorization_left_p03_29.npy,102,test
data/raw_clips\service_authorization_left\service_to_authorization_left_p03_3.mp4,service_authorization_left,p03,3,volunteer,data/keypoints\service_authorization_left\service_to_authorization_left_p03_3.npy,100,test
data/raw_clips\service_authorization_left\service_to_authorization_left_p03_30.mp4,service_authorization_left,p03,30,volunteer,data/keypoints\service_authorization_left\service_to_authorization_left_p03_30.npy,106,test
data/raw_clips\service_authorization_left\service_to_authorization_left_p03_31.mp4,service_authorization_left,p03,31,volunteer,data/keypoints\service_authorization_left\service_to_authorization_left_p03_31.npy,102,test
data/raw_clips\service_authorization_left\service_to_authorization_left_p03_32.mp4,service_authorization_left,p03,32,volunteer,data/keypoints\service_authorization_left\service_to_authorization_left_p03_32.npy,106,test
data/raw_clips\service_authorization_left\service_to_authorization_left_p03_33.mp4,service_authorization_left,p03,33,volunteer,data/keypoints\service_authorization_left\service_to_authorization_left_p03_33.npy,108,test
data/raw_clips\service_authorization_left\service_to_authorization_left_p03_34.mp4,service_authorization_left,p03,34,volunteer,data/keypoints\service_authorization_left\service_to_authorization_left_p03_34.npy,108,test
data/raw_clips\service_authorization_left\service_to_authorization_left_p03_35.mp4,service_authorization_left,p03,35,volunteer,data/keypoints\service_authorization_left\service_to_authorization_left_p03_35.npy,92,test
data/raw_clips\service_authorization_left\service_to_authorization_left_p03_36.mp4,service_authorization_left,p03,36,volunteer,data/keypoints\service_authorization_left\service_to_authorization_left_p03_36.npy,110,test
data/raw_clips\service_authorization_left\service_to_authorization_left_p03_37.mp4,service_authorization_left,p03,37,volunteer,data/keypoints\service_authorization_left\service_to_authorization_left_p03_37.npy,104,test
data/raw_clips\service_authorization_left\service_to_authorization_left_p03_38.mp4,service_authorization_left,p03,38,volunteer,data/keypoints\service_authorization_left\service_to_authorization_left_p03_38.npy,96,test
data/raw_clips\service_authorization_left\service_to_authorization_left_p03_39.mp4,service_authorization_left,p03,39,volunteer,data/keypoints\service_authorization_left\service_to_authorization_left_p03_39.npy,112,test
data/raw_clips\service_authorization_left\service_to_authorization_left_p03_40.mp4,service_authorization_left,p03,40,volunteer,data/keypoints\service_authorization_left\service_to_authorization_left_p03_40.npy,93,test
data/raw_clips\service_authorization_left\service_to_authorization_left_p03_41.mp4,service_authorization_left,p03,41,volunteer,data/keypoints\service_authorization_left\service_to_authorization_left_p03_41.npy,108,test
data/raw_clips\service_authorization_left\service_to_authorization_left_p03_42.mp4,service_authorization_left,p03,42,volunteer,data/keypoints\service_authorization_left\service_to_authorization_left_p03_42.npy,102,test
data/raw_clips\service_authorization_left\service_to_authorization_left_p03_43.mp4,service_authorization_left,p03,43,volunteer,data/keypoints\service_authorization_left\service_to_authorization_left_p03_43.npy,89,test
data/raw_clips\service_authorization_left\service_to_authorization_left_p03_44.mp4,service_authorization_left,p03,44,volunteer,data/keypoints\service_authorization_left\service_to_authorization_left_p03_44.npy,105,test
data/raw_clips\service_authorization_left\service_to_authorization_left_p03_45.mp4,service_authorization_left,p03,45,volunteer,data/keypoints\service_authorization_left\service_to_authorization_left_p03_45.npy,99,test
data/raw_clips\service_authorization_left\service_to_authorization_left_p03_46.mp4,service_authorization_left,p03,46,volunteer,data/keypoints\service_authorization_left\service_to_authorization_left_p03_46.npy,108,test
data/raw_clips\service_authorization_left\service_to_authorization_left_p03_47.mp4,service_authorization_left,p03,47,volunteer,data/keypoints\service_authorization_left\service_to_authorization_left_p03_47.npy,114,test
data/raw_clips\service_authorization_left\service_to_authorization_left_p03_48.mp4,service_authorization_left,p03,48,volunteer,data/keypoints\service_authorization_left\service_to_authorization_left_p03_48.npy,106,test
data/raw_clips\service_authorization_left\service_to_authorization_left_p03_49.mp4,service_authorization_left,p03,49,volunteer,data/keypoints\service_authorization_left\service_to_authorization_left_p03_49.npy,111,test
data/raw_clips\service_authorization_left\service_to_authorization_left_p03_5.mp4,service_authorization_left,p03,5,volunteer,data/keypoints\service_authorization_left\service_to_authorization_left_p03_5.npy,87,test
data/raw_clips\service_authorization_left\service_to_authorization_left_p03_50.mp4,service_authorization_left,p03,50,volunteer,data/keypoints\service_authorization_left\service_to_authorization_left_p03_50.npy,85,test
data/raw_clips\service_authorization_left\service_to_authorization_left_p03_6.mp4,service_authorization_left,p03,6,volunteer,data/keypoints\service_authorization_left\service_to_authorization_left_p03_6.npy,105,test
data/raw_clips\service_authorization_left\service_to_authorization_left_p03_7.mp4,service_authorization_left,p03,7,volunteer,data/keypoints\service_authorization_left\service_to_authorization_left_p03_7.npy,106,test
data/raw_clips\service_authorization_left\service_to_authorization_left_p03_8.mp4,service_authorization_left,p03,8,volunteer,data/keypoints\service_authorization_left\service_to_authorization_left_p03_8.npy,96,test
data/raw_clips\service_authorization_left\service_to_authorization_left_p03_9.mp4,service_authorization_left,p03,9,volunteer,data/keypoints\service_authorization_left\service_to_authorization_left_p03_9.npy,103,test
data/raw_clips\service_authorization_right\authorization_to_serve_right_p02_1.mov,service_authorization_right,p02,1,volunteer,data/keypoints\service_authorization_right\authorization_to_serve_right_p02_1.npy,121,train
data/raw_clips\service_authorization_right\authorization_to_serve_right_p02_10.mov,service_authorization_right,p02,10,volunteer,data/keypoints\service_authorization_right\authorization_to_serve_right_p02_10.npy,139,train
data/raw_clips\service_authorization_right\authorization_to_serve_right_p02_100.mp4,service_authorization_right,p02,100,volunteer,data/keypoints\service_authorization_right\authorization_to_serve_right_p02_100.npy,144,val
data/raw_clips\service_authorization_right\authorization_to_serve_right_p02_101.mp4,service_authorization_right,p02,101,volunteer,data/keypoints\service_authorization_right\authorization_to_serve_right_p02_101.npy,139,train
data/raw_clips\service_authorization_right\authorization_to_serve_right_p02_102.mp4,service_authorization_right,p02,102,volunteer,data/keypoints\service_authorization_right\authorization_to_serve_right_p02_102.npy,175,train
data/raw_clips\service_authorization_right\authorization_to_serve_right_p02_103.mp4,service_authorization_right,p02,103,volunteer,data/keypoints\service_authorization_right\authorization_to_serve_right_p02_103.npy,177,train
data/raw_clips\service_authorization_right\authorization_to_serve_right_p02_104.mp4,service_authorization_right,p02,104,volunteer,data/keypoints\service_authorization_right\authorization_to_serve_right_p02_104.npy,186,train
data/raw_clips\service_authorization_right\authorization_to_serve_right_p02_105.mp4,service_authorization_right,p02,105,volunteer,data/keypoints\service_authorization_right\authorization_to_serve_right_p02_105.npy,170,train
data/raw_clips\service_authorization_right\authorization_to_serve_right_p02_106.mp4,service_authorization_right,p02,106,volunteer,data/keypoints\service_authorization_right\authorization_to_serve_right_p02_106.npy,193,train
data/raw_clips\service_authorization_right\authorization_to_serve_right_p02_107.mp4,service_authorization_right,p02,107,volunteer,data/keypoints\service_authorization_right\authorization_to_serve_right_p02_107.npy,196,train
data/raw_clips\service_authorization_right\authorization_to_serve_right_p02_108.mp4,service_authorization_right,p02,108,volunteer,data/keypoints\service_authorization_right\authorization_to_serve_right_p02_108.npy,171,val
data/raw_clips\service_authorization_right\authorization_to_serve_right_p02_109.mp4,service_authorization_right,p02,109,volunteer,data/keypoints\service_authorization_right\authorization_to_serve_right_p02_109.npy,181,val
data/raw_clips\service_authorization_right\authorization_to_serve_right_p02_11.mov,service_authorization_right,p02,11,volunteer,data/keypoints\service_authorization_right\authorization_to_serve_right_p02_11.npy,141,train
data/raw_clips\service_authorization_right\authorization_to_serve_right_p02_110.mp4,service_authorization_right,p02,110,volunteer,data/keypoints\service_authorization_right\authorization_to_serve_right_p02_110.npy,197,val
data/raw_clips\service_authorization_right\authorization_to_serve_right_p02_111.mp4,service_authorization_right,p02,111,volunteer,data/keypoints\service_authorization_right\authorization_to_serve_right_p02_111.npy,195,train
data/raw_clips\service_authorization_right\authorization_to_serve_right_p02_112.mp4,service_authorization_right,p02,112,volunteer,data/keypoints\service_authorization_right\authorization_to_serve_right_p02_112.npy,166,train
data/raw_clips\service_authorization_right\authorization_to_serve_right_p02_113.mp4,service_authorization_right,p02,113,volunteer,data/keypoints\service_authorization_right\authorization_to_serve_right_p02_113.npy,180,train
data/raw_clips\service_authorization_right\authorization_to_serve_right_p02_114.mp4,service_authorization_right,p02,114,volunteer,data/keypoints\service_authorization_right\authorization_to_serve_right_p02_114.npy,189,train
data/raw_clips\service_authorization_right\authorization_to_serve_right_p02_115.mp4,service_authorization_right,p02,115,volunteer,data/keypoints\service_authorization_right\authorization_to_serve_right_p02_115.npy,181,train
data/raw_clips\service_authorization_right\authorization_to_serve_right_p02_116.mp4,service_authorization_right,p02,116,volunteer,data/keypoints\service_authorization_right\authorization_to_serve_right_p02_116.npy,191,train
data/raw_clips\service_authorization_right\authorization_to_serve_right_p02_117.mp4,service_authorization_right,p02,117,volunteer,data/keypoints\service_authorization_right\authorization_to_serve_right_p02_117.npy,181,train
data/raw_clips\service_authorization_right\authorization_to_serve_right_p02_118.mp4,service_authorization_right,p02,118,volunteer,data/keypoints\service_authorization_right\authorization_to_serve_right_p02_118.npy,182,train
data/raw_clips\service_authorization_right\authorization_to_serve_right_p02_119.mp4,service_authorization_right,p02,119,volunteer,data/keypoints\service_authorization_right\authorization_to_serve_right_p02_119.npy,184,train
data/raw_clips\service_authorization_right\authorization_to_serve_right_p02_12.mov,service_authorization_right,p02,12,volunteer,data/keypoints\service_authorization_right\authorization_to_serve_right_p02_12.npy,145,val
data/raw_clips\service_authorization_right\authorization_to_serve_right_p02_120.mp4,service_authorization_right,p02,120,volunteer,data/keypoints\service_authorization_right\authorization_to_serve_right_p02_120.npy,182,val
data/raw_clips\service_authorization_right\authorization_to_serve_right_p02_121.mp4,service_authorization_right,p02,121,volunteer,data/keypoints\service_authorization_right\authorization_to_serve_right_p02_121.npy,198,train
data/raw_clips\service_authorization_right\authorization_to_serve_right_p02_122.mp4,service_authorization_right,p02,122,volunteer,data/keypoints\service_authorization_right\authorization_to_serve_right_p02_122.npy,186,train
data/raw_clips\service_authorization_right\authorization_to_serve_right_p02_123.mp4,service_authorization_right,p02,123,volunteer,data/keypoints\service_authorization_right\authorization_to_serve_right_p02_123.npy,162,train
data/raw_clips\service_authorization_right\authorization_to_serve_right_p02_124.mp4,service_authorization_right,p02,124,volunteer,data/keypoints\service_authorization_right\authorization_to_serve_right_p02_124.npy,173,train
data/raw_clips\service_authorization_right\authorization_to_serve_right_p02_125.mp4,service_authorization_right,p02,125,volunteer,data/keypoints\service_authorization_right\authorization_to_serve_right_p02_125.npy,191,train
data/raw_clips\service_authorization_right\authorization_to_serve_right_p02_126.mp4,service_authorization_right,p02,126,volunteer,data/keypoints\service_authorization_right\authorization_to_serve_right_p02_126.npy,188,train
data/raw_clips\service_authorization_right\authorization_to_serve_right_p02_127.mp4,service_authorization_right,p02,127,volunteer,data/keypoints\service_authorization_right\authorization_to_serve_right_p02_127.npy,182,train
data/raw_clips\service_authorization_right\authorization_to_serve_right_p02_128.mp4,service_authorization_right,p02,128,volunteer,data/keypoints\service_authorization_right\authorization_to_serve_right_p02_128.npy,195,train
data/raw_clips\service_authorization_right\authorization_to_serve_right_p02_129.mp4,service_authorization_right,p02,129,volunteer,data/keypoints\service_authorization_right\authorization_to_serve_right_p02_129.npy,181,train
data/raw_clips\service_authorization_right\authorization_to_serve_right_p02_13.mov,service_authorization_right,p02,13,volunteer,data/keypoints\service_authorization_right\authorization_to_serve_right_p02_13.npy,146,train
data/raw_clips\service_authorization_right\authorization_to_serve_right_p02_130.mp4,service_authorization_right,p02,130,volunteer,data/keypoints\service_authorization_right\authorization_to_serve_right_p02_130.npy,165,train
data/raw_clips\service_authorization_right\authorization_to_serve_right_p02_131.mp4,service_authorization_right,p02,131,volunteer,data/keypoints\service_authorization_right\authorization_to_serve_right_p02_131.npy,170,train
data/raw_clips\service_authorization_right\authorization_to_serve_right_p02_132.mp4,service_authorization_right,p02,132,volunteer,data/keypoints\service_authorization_right\authorization_to_serve_right_p02_132.npy,170,train
data/raw_clips\service_authorization_right\authorization_to_serve_right_p02_133.mp4,service_authorization_right,p02,133,volunteer,data/keypoints\service_authorization_right\authorization_to_serve_right_p02_133.npy,179,train
data/raw_clips\service_authorization_right\authorization_to_serve_right_p02_134.mp4,service_authorization_right,p02,134,volunteer,data/keypoints\service_authorization_right\authorization_to_serve_right_p02_134.npy,171,train
data/raw_clips\service_authorization_right\authorization_to_serve_right_p02_135.mp4,service_authorization_right,p02,135,volunteer,data/keypoints\service_authorization_right\authorization_to_serve_right_p02_135.npy,167,train
data/raw_clips\service_authorization_right\authorization_to_serve_right_p02_136.mp4,service_authorization_right,p02,136,volunteer,data/keypoints\service_authorization_right\authorization_to_serve_right_p02_136.npy,155,train
data/raw_clips\service_authorization_right\authorization_to_serve_right_p02_14.mov,service_authorization_right,p02,14,volunteer,data/keypoints\service_authorization_right\authorization_to_serve_right_p02_14.npy,138,train
data/raw_clips\service_authorization_right\authorization_to_serve_right_p02_15.mov,service_authorization_right,p02,15,volunteer,data/keypoints\service_authorization_right\authorization_to_serve_right_p02_15.npy,143,train
data/raw_clips\service_authorization_right\authorization_to_serve_right_p02_16.mov,service_authorization_right,p02,16,volunteer,data/keypoints\service_authorization_right\authorization_to_serve_right_p02_16.npy,141,train
data/raw_clips\service_authorization_right\authorization_to_serve_right_p02_17.mov,service_authorization_right,p02,17,volunteer,data/keypoints\service_authorization_right\authorization_to_serve_right_p02_17.npy,143,train
data/raw_clips\service_authorization_right\authorization_to_serve_right_p02_18.mov,service_authorization_right,p02,18,volunteer,data/keypoints\service_authorization_right\authorization_to_serve_right_p02_18.npy,135,train
data/raw_clips\service_authorization_right\authorization_to_serve_right_p02_19.mov,service_authorization_right,p02,19,volunteer,data/keypoints\service_authorization_right\authorization_to_serve_right_p02_19.npy,134,val
data/raw_clips\service_authorization_right\authorization_to_serve_right_p02_2.mov,service_authorization_right,p02,2,volunteer,data/keypoints\service_authorization_right\authorization_to_serve_right_p02_2.npy,131,train
data/raw_clips\service_authorization_right\authorization_to_serve_right_p02_20.mov,service_authorization_right,p02,20,volunteer,data/keypoints\service_authorization_right\authorization_to_serve_right_p02_20.npy,134,train
data/raw_clips\service_authorization_right\authorization_to_serve_right_p02_21.mov,service_authorization_right,p02,21,volunteer,data/keypoints\service_authorization_right\authorization_to_serve_right_p02_21.npy,146,train
data/raw_clips\service_authorization_right\authorization_to_serve_right_p02_22.mov,service_authorization_right,p02,22,volunteer,data/keypoints\service_authorization_right\authorization_to_serve_right_p02_22.npy,143,train
data/raw_clips\service_authorization_right\authorization_to_serve_right_p02_23.mov,service_authorization_right,p02,23,volunteer,data/keypoints\service_authorization_right\authorization_to_serve_right_p02_23.npy,146,val
data/raw_clips\service_authorization_right\authorization_to_serve_right_p02_24.mov,service_authorization_right,p02,24,volunteer,data/keypoints\service_authorization_right\authorization_to_serve_right_p02_24.npy,147,train
data/raw_clips\service_authorization_right\authorization_to_serve_right_p02_25.mov,service_authorization_right,p02,25,volunteer,data/keypoints\service_authorization_right\authorization_to_serve_right_p02_25.npy,132,train
data/raw_clips\service_authorization_right\authorization_to_serve_right_p02_26.mov,service_authorization_right,p02,26,volunteer,data/keypoints\service_authorization_right\authorization_to_serve_right_p02_26.npy,136,train
data/raw_clips\service_authorization_right\authorization_to_serve_right_p02_27.mov,service_authorization_right,p02,27,volunteer,data/keypoints\service_authorization_right\authorization_to_serve_right_p02_27.npy,148,val
data/raw_clips\service_authorization_right\authorization_to_serve_right_p02_28.mov,service_authorization_right,p02,28,volunteer,data/keypoints\service_authorization_right\authorization_to_serve_right_p02_28.npy,142,train
data/raw_clips\service_authorization_right\authorization_to_serve_right_p02_29.mov,service_authorization_right,p02,29,volunteer,data/keypoints\service_authorization_right\authorization_to_serve_right_p02_29.npy,136,train
data/raw_clips\service_authorization_right\authorization_to_serve_right_p02_3.mov,service_authorization_right,p02,3,volunteer,data/keypoints\service_authorization_right\authorization_to_serve_right_p02_3.npy,129,train
data/raw_clips\service_authorization_right\authorization_to_serve_right_p02_30.mov,service_authorization_right,p02,30,volunteer,data/keypoints\service_authorization_right\authorization_to_serve_right_p02_30.npy,146,train
data/raw_clips\service_authorization_right\authorization_to_serve_right_p02_31.mov,service_authorization_right,p02,31,volunteer,data/keypoints\service_authorization_right\authorization_to_serve_right_p02_31.npy,133,train
data/raw_clips\service_authorization_right\authorization_to_serve_right_p02_32.mov,service_authorization_right,p02,32,volunteer,data/keypoints\service_authorization_right\authorization_to_serve_right_p02_32.npy,143,train
data/raw_clips\service_authorization_right\authorization_to_serve_right_p02_33.mov,service_authorization_right,p02,33,volunteer,data/keypoints\service_authorization_right\authorization_to_serve_right_p02_33.npy,146,train
data/raw_clips\service_authorization_right\authorization_to_serve_right_p02_34.mov,service_authorization_right,p02,34,volunteer,data/keypoints\service_authorization_right\authorization_to_serve_right_p02_34.npy,144,train
data/raw_clips\service_authorization_right\authorization_to_serve_right_p02_35.mov,service_authorization_right,p02,35,volunteer,data/keypoints\service_authorization_right\authorization_to_serve_right_p02_35.npy,130,train
data/raw_clips\service_authorization_right\authorization_to_serve_right_p02_36.mov,service_authorization_right,p02,36,volunteer,data/keypoints\service_authorization_right\authorization_to_serve_right_p02_36.npy,151,train
data/raw_clips\service_authorization_right\authorization_to_serve_right_p02_37.mov,service_authorization_right,p02,37,volunteer,data/keypoints\service_authorization_right\authorization_to_serve_right_p02_37.npy,145,val
data/raw_clips\service_authorization_right\authorization_to_serve_right_p02_38.mov,service_authorization_right,p02,38,volunteer,data/keypoints\service_authorization_right\authorization_to_serve_right_p02_38.npy,142,train
data/raw_clips\service_authorization_right\authorization_to_serve_right_p02_39.mov,service_authorization_right,p02,39,volunteer,data/keypoints\service_authorization_right\authorization_to_serve_right_p02_39.npy,143,val
data/raw_clips\service_authorization_right\authorization_to_serve_right_p02_4.mov,service_authorization_right,p02,4,volunteer,data/keypoints\service_authorization_right\authorization_to_serve_right_p02_4.npy,137,train
data/raw_clips\service_authorization_right\authorization_to_serve_right_p02_40.mov,service_authorization_right,p02,40,volunteer,data/keypoints\service_authorization_right\authorization_to_serve_right_p02_40.npy,141,train
data/raw_clips\service_authorization_right\authorization_to_serve_right_p02_41.mov,service_authorization_right,p02,41,volunteer,data/keypoints\service_authorization_right\authorization_to_serve_right_p02_41.npy,144,train
data/raw_clips\service_authorization_right\authorization_to_serve_right_p02_42.mov,service_authorization_right,p02,42,volunteer,data/keypoints\service_authorization_right\authorization_to_serve_right_p02_42.npy,149,val
data/raw_clips\service_authorization_right\authorization_to_serve_right_p02_43.mov,service_authorization_right,p02,43,volunteer,data/keypoints\service_authorization_right\authorization_to_serve_right_p02_43.npy,149,val
data/raw_clips\service_authorization_right\authorization_to_serve_right_p02_44.mov,service_authorization_right,p02,44,volunteer,data/keypoints\service_authorization_right\authorization_to_serve_right_p02_44.npy,144,train
data/raw_clips\service_authorization_right\authorization_to_serve_right_p02_45.mov,service_authorization_right,p02,45,volunteer,data/keypoints\service_authorization_right\authorization_to_serve_right_p02_45.npy,144,train
data/raw_clips\service_authorization_right\authorization_to_serve_right_p02_46.mov,service_authorization_right,p02,46,volunteer,data/keypoints\service_authorization_right\authorization_to_serve_right_p02_46.npy,150,train
data/raw_clips\service_authorization_right\authorization_to_serve_right_p02_47.mov,service_authorization_right,p02,47,volunteer,data/keypoints\service_authorization_right\authorization_to_serve_right_p02_47.npy,146,train
data/raw_clips\service_authorization_right\authorization_to_serve_right_p02_48.mov,service_authorization_right,p02,48,volunteer,data/keypoints\service_authorization_right\authorization_to_serve_right_p02_48.npy,137,train
data/raw_clips\service_authorization_right\authorization_to_serve_right_p02_49.mov,service_authorization_right,p02,49,volunteer,data/keypoints\service_authorization_right\authorization_to_serve_right_p02_49.npy,155,val
data/raw_clips\service_authorization_right\authorization_to_serve_right_p02_5.mov,service_authorization_right,p02,5,volunteer,data/keypoints\service_authorization_right\authorization_to_serve_right_p02_5.npy,134,train
data/raw_clips\service_authorization_right\authorization_to_serve_right_p02_50.mov,service_authorization_right,p02,50,volunteer,data/keypoints\service_authorization_right\authorization_to_serve_right_p02_50.npy,152,val
data/raw_clips\service_authorization_right\authorization_to_serve_right_p02_51.mov,service_authorization_right,p02,51,volunteer,data/keypoints\service_authorization_right\authorization_to_serve_right_p02_51.npy,156,train
data/raw_clips\service_authorization_right\authorization_to_serve_right_p02_52.mov,service_authorization_right,p02,52,volunteer,data/keypoints\service_authorization_right\authorization_to_serve_right_p02_52.npy,151,train
data/raw_clips\service_authorization_right\authorization_to_serve_right_p02_53.mov,service_authorization_right,p02,53,volunteer,data/keypoints\service_authorization_right\authorization_to_serve_right_p02_53.npy,144,train
data/raw_clips\service_authorization_right\authorization_to_serve_right_p02_54.mov,service_authorization_right,p02,54,volunteer,data/keypoints\service_authorization_right\authorization_to_serve_right_p02_54.npy,150,train
data/raw_clips\service_authorization_right\authorization_to_serve_right_p02_55.mov,service_authorization_right,p02,55,volunteer,data/keypoints\service_authorization_right\authorization_to_serve_right_p02_55.npy,162,train
data/raw_clips\service_authorization_right\authorization_to_serve_right_p02_57.mov,service_authorization_right,p02,57,volunteer,data/keypoints\service_authorization_right\authorization_to_serve_right_p02_57.npy,149,train
data/raw_clips\service_authorization_right\authorization_to_serve_right_p02_58.mov,service_authorization_right,p02,58,volunteer,data/keypoints\service_authorization_right\authorization_to_serve_right_p02_58.npy,152,train
data/raw_clips\service_authorization_right\authorization_to_serve_right_p02_59.mov,service_authorization_right,p02,59,volunteer,data/keypoints\service_authorization_right\authorization_to_serve_right_p02_59.npy,165,train
data/raw_clips\service_authorization_right\authorization_to_serve_right_p02_6.mov,service_authorization_right,p02,6,volunteer,data/keypoints\service_authorization_right\authorization_to_serve_right_p02_6.npy,136,train
data/raw_clips\service_authorization_right\authorization_to_serve_right_p02_60.mov,service_authorization_right,p02,60,volunteer,data/keypoints\service_authorization_right\authorization_to_serve_right_p02_60.npy,156,train
data/raw_clips\service_authorization_right\authorization_to_serve_right_p02_61.mov,service_authorization_right,p02,61,volunteer,data/keypoints\service_authorization_right\authorization_to_serve_right_p02_61.npy,151,train
data/raw_clips\service_authorization_right\authorization_to_serve_right_p02_62.mov,service_authorization_right,p02,62,volunteer,data/keypoints\service_authorization_right\authorization_to_serve_right_p02_62.npy,143,val
data/raw_clips\service_authorization_right\authorization_to_serve_right_p02_63.mov,service_authorization_right,p02,63,volunteer,data/keypoints\service_authorization_right\authorization_to_serve_right_p02_63.npy,163,train
data/raw_clips\service_authorization_right\authorization_to_serve_right_p02_64.mov,service_authorization_right,p02,64,volunteer,data/keypoints\service_authorization_right\authorization_to_serve_right_p02_64.npy,173,train
data/raw_clips\service_authorization_right\authorization_to_serve_right_p02_65.mov,service_authorization_right,p02,65,volunteer,data/keypoints\service_authorization_right\authorization_to_serve_right_p02_65.npy,146,train
data/raw_clips\service_authorization_right\authorization_to_serve_right_p02_66.mov,service_authorization_right,p02,66,volunteer,data/keypoints\service_authorization_right\authorization_to_serve_right_p02_66.npy,150,train
data/raw_clips\service_authorization_right\authorization_to_serve_right_p02_67.mov,service_authorization_right,p02,67,volunteer,data/keypoints\service_authorization_right\authorization_to_serve_right_p02_67.npy,149,train
data/raw_clips\service_authorization_right\authorization_to_serve_right_p02_68.mov,service_authorization_right,p02,68,volunteer,data/keypoints\service_authorization_right\authorization_to_serve_right_p02_68.npy,152,train
data/raw_clips\service_authorization_right\authorization_to_serve_right_p02_69.mov,service_authorization_right,p02,69,volunteer,data/keypoints\service_authorization_right\authorization_to_serve_right_p02_69.npy,167,train
data/raw_clips\service_authorization_right\authorization_to_serve_right_p02_7.mov,service_authorization_right,p02,7,volunteer,data/keypoints\service_authorization_right\authorization_to_serve_right_p02_7.npy,129,train
data/raw_clips\service_authorization_right\authorization_to_serve_right_p02_70.mov,service_authorization_right,p02,70,volunteer,data/keypoints\service_authorization_right\authorization_to_serve_right_p02_70.npy,158,train
data/raw_clips\service_authorization_right\authorization_to_serve_right_p02_71.mov,service_authorization_right,p02,71,volunteer,data/keypoints\service_authorization_right\authorization_to_serve_right_p02_71.npy,149,train
data/raw_clips\service_authorization_right\authorization_to_serve_right_p02_72.mov,service_authorization_right,p02,72,volunteer,data/keypoints\service_authorization_right\authorization_to_serve_right_p02_72.npy,159,train
data/raw_clips\service_authorization_right\authorization_to_serve_right_p02_73.mov,service_authorization_right,p02,73,volunteer,data/keypoints\service_authorization_right\authorization_to_serve_right_p02_73.npy,143,train
data/raw_clips\service_authorization_right\authorization_to_serve_right_p02_74.mov,service_authorization_right,p02,74,volunteer,data/keypoints\service_authorization_right\authorization_to_serve_right_p02_74.npy,151,train
data/raw_clips\service_authorization_right\authorization_to_serve_right_p02_75.mov,service_authorization_right,p02,75,volunteer,data/keypoints\service_authorization_right\authorization_to_serve_right_p02_75.npy,145,train
data/raw_clips\service_authorization_right\authorization_to_serve_right_p02_76.mov,service_authorization_right,p02,76,volunteer,data/keypoints\service_authorization_right\authorization_to_serve_right_p02_76.npy,160,train
data/raw_clips\service_authorization_right\authorization_to_serve_right_p02_77.mov,service_authorization_right,p02,77,volunteer,data/keypoints\service_authorization_right\authorization_to_serve_right_p02_77.npy,150,train
data/raw_clips\service_authorization_right\authorization_to_serve_right_p02_78.mov,service_authorization_right,p02,78,volunteer,data/keypoints\service_authorization_right\authorization_to_serve_right_p02_78.npy,154,train
data/raw_clips\service_authorization_right\authorization_to_serve_right_p02_79.mov,service_authorization_right,p02,79,volunteer,data/keypoints\service_authorization_right\authorization_to_serve_right_p02_79.npy,152,val
data/raw_clips\service_authorization_right\authorization_to_serve_right_p02_8.mov,service_authorization_right,p02,8,volunteer,data/keypoints\service_authorization_right\authorization_to_serve_right_p02_8.npy,144,train
data/raw_clips\service_authorization_right\authorization_to_serve_right_p02_80.mov,service_authorization_right,p02,80,volunteer,data/keypoints\service_authorization_right\authorization_to_serve_right_p02_80.npy,160,train
data/raw_clips\service_authorization_right\authorization_to_serve_right_p02_81.mov,service_authorization_right,p02,81,volunteer,data/keypoints\service_authorization_right\authorization_to_serve_right_p02_81.npy,146,train
data/raw_clips\service_authorization_right\authorization_to_serve_right_p02_82.mov,service_authorization_right,p02,82,volunteer,data/keypoints\service_authorization_right\authorization_to_serve_right_p02_82.npy,150,train
data/raw_clips\service_authorization_right\authorization_to_serve_right_p02_83.mov,service_authorization_right,p02,83,volunteer,data/keypoints\service_authorization_right\authorization_to_serve_right_p02_83.npy,158,train
data/raw_clips\service_authorization_right\authorization_to_serve_right_p02_84.mov,service_authorization_right,p02,84,volunteer,data/keypoints\service_authorization_right\authorization_to_serve_right_p02_84.npy,146,train
data/raw_clips\service_authorization_right\authorization_to_serve_right_p02_85.mov,service_authorization_right,p02,85,volunteer,data/keypoints\service_authorization_right\authorization_to_serve_right_p02_85.npy,143,val
data/raw_clips\service_authorization_right\authorization_to_serve_right_p02_86.mov,service_authorization_right,p02,86,volunteer,data/keypoints\service_authorization_right\authorization_to_serve_right_p02_86.npy,145,train
data/raw_clips\service_authorization_right\authorization_to_serve_right_p02_87.mov,service_authorization_right,p02,87,volunteer,data/keypoints\service_authorization_right\authorization_to_serve_right_p02_87.npy,152,val
data/raw_clips\service_authorization_right\authorization_to_serve_right_p02_88.mov,service_authorization_right,p02,88,volunteer,data/keypoints\service_authorization_right\authorization_to_serve_right_p02_88.npy,140,train
data/raw_clips\service_authorization_right\authorization_to_serve_right_p02_89.mov,service_authorization_right,p02,89,volunteer,data/keypoints\service_authorization_right\authorization_to_serve_right_p02_89.npy,142,train
data/raw_clips\service_authorization_right\authorization_to_serve_right_p02_9.mov,service_authorization_right,p02,9,volunteer,data/keypoints\service_authorization_right\authorization_to_serve_right_p02_9.npy,134,train
data/raw_clips\service_authorization_right\authorization_to_serve_right_p02_90.mov,service_authorization_right,p02,90,volunteer,data/keypoints\service_authorization_right\authorization_to_serve_right_p02_90.npy,149,val
data/raw_clips\service_authorization_right\authorization_to_serve_right_p02_91.mov,service_authorization_right,p02,91,volunteer,data/keypoints\service_authorization_right\authorization_to_serve_right_p02_91.npy,140,train
data/raw_clips\service_authorization_right\authorization_to_serve_right_p02_92.mov,service_authorization_right,p02,92,volunteer,data/keypoints\service_authorization_right\authorization_to_serve_right_p02_92.npy,152,train
data/raw_clips\service_authorization_right\authorization_to_serve_right_p02_93.mov,service_authorization_right,p02,93,volunteer,data/keypoints\service_authorization_right\authorization_to_serve_right_p02_93.npy,146,val
data/raw_clips\service_authorization_right\authorization_to_serve_right_p02_94.mov,service_authorization_right,p02,94,volunteer,data/keypoints\service_authorization_right\authorization_to_serve_right_p02_94.npy,144,train
data/raw_clips\service_authorization_right\authorization_to_serve_right_p02_95.mov,service_authorization_right,p02,95,volunteer,data/keypoints\service_authorization_right\authorization_to_serve_right_p02_95.npy,138,train
data/raw_clips\service_authorization_right\authorization_to_serve_right_p02_96.mp4,service_authorization_right,p02,96,volunteer,data/keypoints\service_authorization_right\authorization_to_serve_right_p02_96.npy,140,train
data/raw_clips\service_authorization_right\authorization_to_serve_right_p02_97.mp4,service_authorization_right,p02,97,volunteer,data/keypoints\service_authorization_right\authorization_to_serve_right_p02_97.npy,141,train
data/raw_clips\service_authorization_right\authorization_to_serve_right_p02_98.mp4,service_authorization_right,p02,98,volunteer,data/keypoints\service_authorization_right\authorization_to_serve_right_p02_98.npy,136,train
data/raw_clips\service_authorization_right\authorization_to_serve_right_p02_99.mp4,service_authorization_right,p02,99,volunteer,data/keypoints\service_authorization_right\authorization_to_serve_right_p02_99.npy,140,train
data/raw_clips\service_authorization_right\authorization_to_serve_right_p08_1.mp4,service_authorization_right,p08,1,volunteer,data/keypoints\service_authorization_right\authorization_to_serve_right_p08_1.npy,147,train
data/raw_clips\service_authorization_right\authorization_to_serve_right_p08_10.mp4,service_authorization_right,p08,10,volunteer,data/keypoints\service_authorization_right\authorization_to_serve_right_p08_10.npy,123,train
data/raw_clips\service_authorization_right\authorization_to_serve_right_p08_11.mp4,service_authorization_right,p08,11,volunteer,data/keypoints\service_authorization_right\authorization_to_serve_right_p08_11.npy,134,train
data/raw_clips\service_authorization_right\authorization_to_serve_right_p08_12.mp4,service_authorization_right,p08,12,volunteer,data/keypoints\service_authorization_right\authorization_to_serve_right_p08_12.npy,133,train
data/raw_clips\service_authorization_right\authorization_to_serve_right_p08_13.mp4,service_authorization_right,p08,13,volunteer,data/keypoints\service_authorization_right\authorization_to_serve_right_p08_13.npy,130,train
data/raw_clips\service_authorization_right\authorization_to_serve_right_p08_14.mp4,service_authorization_right,p08,14,volunteer,data/keypoints\service_authorization_right\authorization_to_serve_right_p08_14.npy,123,train
data/raw_clips\service_authorization_right\authorization_to_serve_right_p08_15.mp4,service_authorization_right,p08,15,volunteer,data/keypoints\service_authorization_right\authorization_to_serve_right_p08_15.npy,125,train
data/raw_clips\service_authorization_right\authorization_to_serve_right_p08_16.mp4,service_authorization_right,p08,16,volunteer,data/keypoints\service_authorization_right\authorization_to_serve_right_p08_16.npy,150,train
data/raw_clips\service_authorization_right\authorization_to_serve_right_p08_17.mp4,service_authorization_right,p08,17,volunteer,data/keypoints\service_authorization_right\authorization_to_serve_right_p08_17.npy,129,train
data/raw_clips\service_authorization_right\authorization_to_serve_right_p08_18.mp4,service_authorization_right,p08,18,volunteer,data/keypoints\service_authorization_right\authorization_to_serve_right_p08_18.npy,126,train
data/raw_clips\service_authorization_right\authorization_to_serve_right_p08_19.mp4,service_authorization_right,p08,19,volunteer,data/keypoints\service_authorization_right\authorization_to_serve_right_p08_19.npy,130,train
data/raw_clips\service_authorization_right\authorization_to_serve_right_p08_2.mp4,service_authorization_right,p08,2,volunteer,data/keypoints\service_authorization_right\authorization_to_serve_right_p08_2.npy,147,train
data/raw_clips\service_authorization_right\authorization_to_serve_right_p08_20.mp4,service_authorization_right,p08,20,volunteer,data/keypoints\service_authorization_right\authorization_to_serve_right_p08_20.npy,132,train
data/raw_clips\service_authorization_right\authorization_to_serve_right_p08_21.mp4,service_authorization_right,p08,21,volunteer,data/keypoints\service_authorization_right\authorization_to_serve_right_p08_21.npy,129,train
data/raw_clips\service_authorization_right\authorization_to_serve_right_p08_22.mp4,service_authorization_right,p08,22,volunteer,data/keypoints\service_authorization_right\authorization_to_serve_right_p08_22.npy,120,val
data/raw_clips\service_authorization_right\authorization_to_serve_right_p08_23.mp4,service_authorization_right,p08,23,volunteer,data/keypoints\service_authorization_right\authorization_to_serve_right_p08_23.npy,116,val
data/raw_clips\service_authorization_right\authorization_to_serve_right_p08_24.mp4,service_authorization_right,p08,24,volunteer,data/keypoints\service_authorization_right\authorization_to_serve_right_p08_24.npy,122,train
data/raw_clips\service_authorization_right\authorization_to_serve_right_p08_25.mp4,service_authorization_right,p08,25,volunteer,data/keypoints\service_authorization_right\authorization_to_serve_right_p08_25.npy,126,train
data/raw_clips\service_authorization_right\authorization_to_serve_right_p08_26.mp4,service_authorization_right,p08,26,volunteer,data/keypoints\service_authorization_right\authorization_to_serve_right_p08_26.npy,138,train
data/raw_clips\service_authorization_right\authorization_to_serve_right_p08_27.mp4,service_authorization_right,p08,27,volunteer,data/keypoints\service_authorization_right\authorization_to_serve_right_p08_27.npy,124,train
data/raw_clips\service_authorization_right\authorization_to_serve_right_p08_28.mp4,service_authorization_right,p08,28,volunteer,data/keypoints\service_authorization_right\authorization_to_serve_right_p08_28.npy,124,train
data/raw_clips\service_authorization_right\authorization_to_serve_right_p08_29.mp4,service_authorization_right,p08,29,volunteer,data/keypoints\service_authorization_right\authorization_to_serve_right_p08_29.npy,119,val
data/raw_clips\service_authorization_right\authorization_to_serve_right_p08_3.mp4,service_authorization_right,p08,3,volunteer,data/keypoints\service_authorization_right\authorization_to_serve_right_p08_3.npy,156,train
data/raw_clips\service_authorization_right\authorization_to_serve_right_p08_30.mp4,service_authorization_right,p08,30,volunteer,data/keypoints\service_authorization_right\authorization_to_serve_right_p08_30.npy,114,train
data/raw_clips\service_authorization_right\authorization_to_serve_right_p08_31.mp4,service_authorization_right,p08,31,volunteer,data/keypoints\service_authorization_right\authorization_to_serve_right_p08_31.npy,129,train
data/raw_clips\service_authorization_right\authorization_to_serve_right_p08_32.mp4,service_authorization_right,p08,32,volunteer,data/keypoints\service_authorization_right\authorization_to_serve_right_p08_32.npy,115,train
data/raw_clips\service_authorization_right\authorization_to_serve_right_p08_33.mp4,service_authorization_right,p08,33,volunteer,data/keypoints\service_authorization_right\authorization_to_serve_right_p08_33.npy,136,train
data/raw_clips\service_authorization_right\authorization_to_serve_right_p08_34.mp4,service_authorization_right,p08,34,volunteer,data/keypoints\service_authorization_right\authorization_to_serve_right_p08_34.npy,118,train
data/raw_clips\service_authorization_right\authorization_to_serve_right_p08_35.mp4,service_authorization_right,p08,35,volunteer,data/keypoints\service_authorization_right\authorization_to_serve_right_p08_35.npy,108,train
data/raw_clips\service_authorization_right\authorization_to_serve_right_p08_36.mp4,service_authorization_right,p08,36,volunteer,data/keypoints\service_authorization_right\authorization_to_serve_right_p08_36.npy,110,train
data/raw_clips\service_authorization_right\authorization_to_serve_right_p08_37.mp4,service_authorization_right,p08,37,volunteer,data/keypoints\service_authorization_right\authorization_to_serve_right_p08_37.npy,118,train
data/raw_clips\service_authorization_right\authorization_to_serve_right_p08_38.mp4,service_authorization_right,p08,38,volunteer,data/keypoints\service_authorization_right\authorization_to_serve_right_p08_38.npy,111,train
data/raw_clips\service_authorization_right\authorization_to_serve_right_p08_39.mp4,service_authorization_right,p08,39,volunteer,data/keypoints\service_authorization_right\authorization_to_serve_right_p08_39.npy,126,val
data/raw_clips\service_authorization_right\authorization_to_serve_right_p08_4.mp4,service_authorization_right,p08,4,volunteer,data/keypoints\service_authorization_right\authorization_to_serve_right_p08_4.npy,149,train
data/raw_clips\service_authorization_right\authorization_to_serve_right_p08_40.mp4,service_authorization_right,p08,40,volunteer,data/keypoints\service_authorization_right\authorization_to_serve_right_p08_40.npy,135,train
data/raw_clips\service_authorization_right\authorization_to_serve_right_p08_41.mp4,service_authorization_right,p08,41,volunteer,data/keypoints\service_authorization_right\authorization_to_serve_right_p08_41.npy,136,train
data/raw_clips\service_authorization_right\authorization_to_serve_right_p08_42.mp4,service_authorization_right,p08,42,volunteer,data/keypoints\service_authorization_right\authorization_to_serve_right_p08_42.npy,154,train
data/raw_clips\service_authorization_right\authorization_to_serve_right_p08_43.mp4,service_authorization_right,p08,43,volunteer,data/keypoints\service_authorization_right\authorization_to_serve_right_p08_43.npy,131,train
data/raw_clips\service_authorization_right\authorization_to_serve_right_p08_44.mp4,service_authorization_right,p08,44,volunteer,data/keypoints\service_authorization_right\authorization_to_serve_right_p08_44.npy,144,train
data/raw_clips\service_authorization_right\authorization_to_serve_right_p08_45.mp4,service_authorization_right,p08,45,volunteer,data/keypoints\service_authorization_right\authorization_to_serve_right_p08_45.npy,126,train
data/raw_clips\service_authorization_right\authorization_to_serve_right_p08_46.mp4,service_authorization_right,p08,46,volunteer,data/keypoints\service_authorization_right\authorization_to_serve_right_p08_46.npy,128,train
data/raw_clips\service_authorization_right\authorization_to_serve_right_p08_47.mp4,service_authorization_right,p08,47,volunteer,data/keypoints\service_authorization_right\authorization_to_serve_right_p08_47.npy,147,val
data/raw_clips\service_authorization_right\authorization_to_serve_right_p08_48.mp4,service_authorization_right,p08,48,volunteer,data/keypoints\service_authorization_right\authorization_to_serve_right_p08_48.npy,125,train
data/raw_clips\service_authorization_right\authorization_to_serve_right_p08_49.mp4,service_authorization_right,p08,49,volunteer,data/keypoints\service_authorization_right\authorization_to_serve_right_p08_49.npy,138,val
data/raw_clips\service_authorization_right\authorization_to_serve_right_p08_5.mp4,service_authorization_right,p08,5,volunteer,data/keypoints\service_authorization_right\authorization_to_serve_right_p08_5.npy,149,train
data/raw_clips\service_authorization_right\authorization_to_serve_right_p08_50.mp4,service_authorization_right,p08,50,volunteer,data/keypoints\service_authorization_right\authorization_to_serve_right_p08_50.npy,128,train
data/raw_clips\service_authorization_right\authorization_to_serve_right_p08_51.mp4,service_authorization_right,p08,51,volunteer,data/keypoints\service_authorization_right\authorization_to_serve_right_p08_51.npy,128,train
data/raw_clips\service_authorization_right\authorization_to_serve_right_p08_52.mp4,service_authorization_right,p08,52,volunteer,data/keypoints\service_authorization_right\authorization_to_serve_right_p08_52.npy,144,train
data/raw_clips\service_authorization_right\authorization_to_serve_right_p08_53.mp4,service_authorization_right,p08,53,volunteer,data/keypoints\service_authorization_right\authorization_to_serve_right_p08_53.npy,122,val
data/raw_clips\service_authorization_right\authorization_to_serve_right_p08_54.mp4,service_authorization_right,p08,54,volunteer,data/keypoints\service_authorization_right\authorization_to_serve_right_p08_54.npy,111,train
data/raw_clips\service_authorization_right\authorization_to_serve_right_p08_55.mp4,service_authorization_right,p08,55,volunteer,data/keypoints\service_authorization_right\authorization_to_serve_right_p08_55.npy,114,train
data/raw_clips\service_authorization_right\authorization_to_serve_right_p08_56.mp4,service_authorization_right,p08,56,volunteer,data/keypoints\service_authorization_right\authorization_to_serve_right_p08_56.npy,123,train
data/raw_clips\service_authorization_right\authorization_to_serve_right_p08_57.mp4,service_authorization_right,p08,57,volunteer,data/keypoints\service_authorization_right\authorization_to_serve_right_p08_57.npy,107,val
data/raw_clips\service_authorization_right\authorization_to_serve_right_p08_58.mp4,service_authorization_right,p08,58,volunteer,data/keypoints\service_authorization_right\authorization_to_serve_right_p08_58.npy,108,train
data/raw_clips\service_authorization_right\authorization_to_serve_right_p08_59.mp4,service_authorization_right,p08,59,volunteer,data/keypoints\service_authorization_right\authorization_to_serve_right_p08_59.npy,133,train
data/raw_clips\service_authorization_right\authorization_to_serve_right_p08_6.mp4,service_authorization_right,p08,6,volunteer,data/keypoints\service_authorization_right\authorization_to_serve_right_p08_6.npy,134,train
data/raw_clips\service_authorization_right\authorization_to_serve_right_p08_60.mp4,service_authorization_right,p08,60,volunteer,data/keypoints\service_authorization_right\authorization_to_serve_right_p08_60.npy,123,train
data/raw_clips\service_authorization_right\authorization_to_serve_right_p08_61.mp4,service_authorization_right,p08,61,volunteer,data/keypoints\service_authorization_right\authorization_to_serve_right_p08_61.npy,122,train
data/raw_clips\service_authorization_right\authorization_to_serve_right_p08_62.mp4,service_authorization_right,p08,62,volunteer,data/keypoints\service_authorization_right\authorization_to_serve_right_p08_62.npy,113,train
data/raw_clips\service_authorization_right\authorization_to_serve_right_p08_63.mp4,service_authorization_right,p08,63,volunteer,data/keypoints\service_authorization_right\authorization_to_serve_right_p08_63.npy,138,train
data/raw_clips\service_authorization_right\authorization_to_serve_right_p08_64.mp4,service_authorization_right,p08,64,volunteer,data/keypoints\service_authorization_right\authorization_to_serve_right_p08_64.npy,120,train
data/raw_clips\service_authorization_right\authorization_to_serve_right_p08_65.mp4,service_authorization_right,p08,65,volunteer,data/keypoints\service_authorization_right\authorization_to_serve_right_p08_65.npy,143,train
data/raw_clips\service_authorization_right\authorization_to_serve_right_p08_66.mp4,service_authorization_right,p08,66,volunteer,data/keypoints\service_authorization_right\authorization_to_serve_right_p08_66.npy,121,train
data/raw_clips\service_authorization_right\authorization_to_serve_right_p08_67.mp4,service_authorization_right,p08,67,volunteer,data/keypoints\service_authorization_right\authorization_to_serve_right_p08_67.npy,120,train
data/raw_clips\service_authorization_right\authorization_to_serve_right_p08_68.mp4,service_authorization_right,p08,68,volunteer,data/keypoints\service_authorization_right\authorization_to_serve_right_p08_68.npy,122,train
data/raw_clips\service_authorization_right\authorization_to_serve_right_p08_69.mp4,service_authorization_right,p08,69,volunteer,data/keypoints\service_authorization_right\authorization_to_serve_right_p08_69.npy,122,train
data/raw_clips\service_authorization_right\authorization_to_serve_right_p08_7.mp4,service_authorization_right,p08,7,volunteer,data/keypoints\service_authorization_right\authorization_to_serve_right_p08_7.npy,131,train
data/raw_clips\service_authorization_right\authorization_to_serve_right_p08_70.mp4,service_authorization_right,p08,70,volunteer,data/keypoints\service_authorization_right\authorization_to_serve_right_p08_70.npy,119,train
data/raw_clips\service_authorization_right\authorization_to_serve_right_p08_71.mp4,service_authorization_right,p08,71,volunteer,data/keypoints\service_authorization_right\authorization_to_serve_right_p08_71.npy,129,val
data/raw_clips\service_authorization_right\authorization_to_serve_right_p08_72.mp4,service_authorization_right,p08,72,volunteer,data/keypoints\service_authorization_right\authorization_to_serve_right_p08_72.npy,123,train
data/raw_clips\service_authorization_right\authorization_to_serve_right_p08_73.mp4,service_authorization_right,p08,73,volunteer,data/keypoints\service_authorization_right\authorization_to_serve_right_p08_73.npy,139,train
data/raw_clips\service_authorization_right\authorization_to_serve_right_p08_74.mp4,service_authorization_right,p08,74,volunteer,data/keypoints\service_authorization_right\authorization_to_serve_right_p08_74.npy,113,train
data/raw_clips\service_authorization_right\authorization_to_serve_right_p08_75.mp4,service_authorization_right,p08,75,volunteer,data/keypoints\service_authorization_right\authorization_to_serve_right_p08_75.npy,115,train
data/raw_clips\service_authorization_right\authorization_to_serve_right_p08_76.mp4,service_authorization_right,p08,76,volunteer,data/keypoints\service_authorization_right\authorization_to_serve_right_p08_76.npy,120,train
data/raw_clips\service_authorization_right\authorization_to_serve_right_p08_77.mp4,service_authorization_right,p08,77,volunteer,data/keypoints\service_authorization_right\authorization_to_serve_right_p08_77.npy,113,train
data/raw_clips\service_authorization_right\authorization_to_serve_right_p08_78.mp4,service_authorization_right,p08,78,volunteer,data/keypoints\service_authorization_right\authorization_to_serve_right_p08_78.npy,125,train
data/raw_clips\service_authorization_right\authorization_to_serve_right_p08_79.mp4,service_authorization_right,p08,79,volunteer,data/keypoints\service_authorization_right\authorization_to_serve_right_p08_79.npy,128,train
data/raw_clips\service_authorization_right\authorization_to_serve_right_p08_8.mp4,service_authorization_right,p08,8,volunteer,data/keypoints\service_authorization_right\authorization_to_serve_right_p08_8.npy,141,train
data/raw_clips\service_authorization_right\authorization_to_serve_right_p08_80.mp4,service_authorization_right,p08,80,volunteer,data/keypoints\service_authorization_right\authorization_to_serve_right_p08_80.npy,120,train
data/raw_clips\service_authorization_right\authorization_to_serve_right_p08_81.mp4,service_authorization_right,p08,81,volunteer,data/keypoints\service_authorization_right\authorization_to_serve_right_p08_81.npy,126,val
data/raw_clips\service_authorization_right\authorization_to_serve_right_p08_82.mp4,service_authorization_right,p08,82,volunteer,data/keypoints\service_authorization_right\authorization_to_serve_right_p08_82.npy,127,train
data/raw_clips\service_authorization_right\authorization_to_serve_right_p08_9.mp4,service_authorization_right,p08,9,volunteer,data/keypoints\service_authorization_right\authorization_to_serve_right_p08_9.npy,135,val
data/raw_clips\service_authorization_right\authorization_to_serve_right_p09_1.mp4,service_authorization_right,p09,1,volunteer,data/keypoints\service_authorization_right\authorization_to_serve_right_p09_1.npy,120,test
data/raw_clips\service_authorization_right\authorization_to_serve_right_p09_10.mp4,service_authorization_right,p09,10,volunteer,data/keypoints\service_authorization_right\authorization_to_serve_right_p09_10.npy,114,test
data/raw_clips\service_authorization_right\authorization_to_serve_right_p09_11.mp4,service_authorization_right,p09,11,volunteer,data/keypoints\service_authorization_right\authorization_to_serve_right_p09_11.npy,126,test
data/raw_clips\service_authorization_right\authorization_to_serve_right_p09_12.mp4,service_authorization_right,p09,12,volunteer,data/keypoints\service_authorization_right\authorization_to_serve_right_p09_12.npy,121,test
data/raw_clips\service_authorization_right\authorization_to_serve_right_p09_13.mp4,service_authorization_right,p09,13,volunteer,data/keypoints\service_authorization_right\authorization_to_serve_right_p09_13.npy,122,test
data/raw_clips\service_authorization_right\authorization_to_serve_right_p09_14.mp4,service_authorization_right,p09,14,volunteer,data/keypoints\service_authorization_right\authorization_to_serve_right_p09_14.npy,121,test
data/raw_clips\service_authorization_right\authorization_to_serve_right_p09_15.mp4,service_authorization_right,p09,15,volunteer,data/keypoints\service_authorization_right\authorization_to_serve_right_p09_15.npy,114,test
data/raw_clips\service_authorization_right\authorization_to_serve_right_p09_16.mp4,service_authorization_right,p09,16,volunteer,data/keypoints\service_authorization_right\authorization_to_serve_right_p09_16.npy,118,test
data/raw_clips\service_authorization_right\authorization_to_serve_right_p09_17.mp4,service_authorization_right,p09,17,volunteer,data/keypoints\service_authorization_right\authorization_to_serve_right_p09_17.npy,123,test
data/raw_clips\service_authorization_right\authorization_to_serve_right_p09_18.mp4,service_authorization_right,p09,18,volunteer,data/keypoints\service_authorization_right\authorization_to_serve_right_p09_18.npy,129,test
data/raw_clips\service_authorization_right\authorization_to_serve_right_p09_19.mp4,service_authorization_right,p09,19,volunteer,data/keypoints\service_authorization_right\authorization_to_serve_right_p09_19.npy,135,test
data/raw_clips\service_authorization_right\authorization_to_serve_right_p09_2.mp4,service_authorization_right,p09,2,volunteer,data/keypoints\service_authorization_right\authorization_to_serve_right_p09_2.npy,112,test
data/raw_clips\service_authorization_right\authorization_to_serve_right_p09_20.mp4,service_authorization_right,p09,20,volunteer,data/keypoints\service_authorization_right\authorization_to_serve_right_p09_20.npy,132,test
data/raw_clips\service_authorization_right\authorization_to_serve_right_p09_21.mp4,service_authorization_right,p09,21,volunteer,data/keypoints\service_authorization_right\authorization_to_serve_right_p09_21.npy,115,test
data/raw_clips\service_authorization_right\authorization_to_serve_right_p09_22.mp4,service_authorization_right,p09,22,volunteer,data/keypoints\service_authorization_right\authorization_to_serve_right_p09_22.npy,137,test
data/raw_clips\service_authorization_right\authorization_to_serve_right_p09_23.mp4,service_authorization_right,p09,23,volunteer,data/keypoints\service_authorization_right\authorization_to_serve_right_p09_23.npy,129,test
data/raw_clips\service_authorization_right\authorization_to_serve_right_p09_24.mp4,service_authorization_right,p09,24,volunteer,data/keypoints\service_authorization_right\authorization_to_serve_right_p09_24.npy,116,test
data/raw_clips\service_authorization_right\authorization_to_serve_right_p09_25.mp4,service_authorization_right,p09,25,volunteer,data/keypoints\service_authorization_right\authorization_to_serve_right_p09_25.npy,119,test
data/raw_clips\service_authorization_right\authorization_to_serve_right_p09_26.mp4,service_authorization_right,p09,26,volunteer,data/keypoints\service_authorization_right\authorization_to_serve_right_p09_26.npy,116,test
data/raw_clips\service_authorization_right\authorization_to_serve_right_p09_27.mp4,service_authorization_right,p09,27,volunteer,data/keypoints\service_authorization_right\authorization_to_serve_right_p09_27.npy,132,test
data/raw_clips\service_authorization_right\authorization_to_serve_right_p09_28.mp4,service_authorization_right,p09,28,volunteer,data/keypoints\service_authorization_right\authorization_to_serve_right_p09_28.npy,124,test
data/raw_clips\service_authorization_right\authorization_to_serve_right_p09_29.mp4,service_authorization_right,p09,29,volunteer,data/keypoints\service_authorization_right\authorization_to_serve_right_p09_29.npy,123,test
data/raw_clips\service_authorization_right\authorization_to_serve_right_p09_3.mp4,service_authorization_right,p09,3,volunteer,data/keypoints\service_authorization_right\authorization_to_serve_right_p09_3.npy,105,test
data/raw_clips\service_authorization_right\authorization_to_serve_right_p09_30.mp4,service_authorization_right,p09,30,volunteer,data/keypoints\service_authorization_right\authorization_to_serve_right_p09_30.npy,126,test
data/raw_clips\service_authorization_right\authorization_to_serve_right_p09_31.mp4,service_authorization_right,p09,31,volunteer,data/keypoints\service_authorization_right\authorization_to_serve_right_p09_31.npy,111,test
data/raw_clips\service_authorization_right\authorization_to_serve_right_p09_32.mp4,service_authorization_right,p09,32,volunteer,data/keypoints\service_authorization_right\authorization_to_serve_right_p09_32.npy,118,test
data/raw_clips\service_authorization_right\authorization_to_serve_right_p09_33.mp4,service_authorization_right,p09,33,volunteer,data/keypoints\service_authorization_right\authorization_to_serve_right_p09_33.npy,131,test
data/raw_clips\service_authorization_right\authorization_to_serve_right_p09_34.mp4,service_authorization_right,p09,34,volunteer,data/keypoints\service_authorization_right\authorization_to_serve_right_p09_34.npy,112,test
data/raw_clips\service_authorization_right\authorization_to_serve_right_p09_35.mp4,service_authorization_right,p09,35,volunteer,data/keypoints\service_authorization_right\authorization_to_serve_right_p09_35.npy,124,test
data/raw_clips\service_authorization_right\authorization_to_serve_right_p09_36.mp4,service_authorization_right,p09,36,volunteer,data/keypoints\service_authorization_right\authorization_to_serve_right_p09_36.npy,122,test
data/raw_clips\service_authorization_right\authorization_to_serve_right_p09_37.mp4,service_authorization_right,p09,37,volunteer,data/keypoints\service_authorization_right\authorization_to_serve_right_p09_37.npy,109,test
data/raw_clips\service_authorization_right\authorization_to_serve_right_p09_38.mp4,service_authorization_right,p09,38,volunteer,data/keypoints\service_authorization_right\authorization_to_serve_right_p09_38.npy,117,test
data/raw_clips\service_authorization_right\authorization_to_serve_right_p09_39.mp4,service_authorization_right,p09,39,volunteer,data/keypoints\service_authorization_right\authorization_to_serve_right_p09_39.npy,118,test
data/raw_clips\service_authorization_right\authorization_to_serve_right_p09_4.mp4,service_authorization_right,p09,4,volunteer,data/keypoints\service_authorization_right\authorization_to_serve_right_p09_4.npy,122,test
data/raw_clips\service_authorization_right\authorization_to_serve_right_p09_40.mp4,service_authorization_right,p09,40,volunteer,data/keypoints\service_authorization_right\authorization_to_serve_right_p09_40.npy,121,test
data/raw_clips\service_authorization_right\authorization_to_serve_right_p09_41.mp4,service_authorization_right,p09,41,volunteer,data/keypoints\service_authorization_right\authorization_to_serve_right_p09_41.npy,129,test
data/raw_clips\service_authorization_right\authorization_to_serve_right_p09_42.mp4,service_authorization_right,p09,42,volunteer,data/keypoints\service_authorization_right\authorization_to_serve_right_p09_42.npy,130,test
data/raw_clips\service_authorization_right\authorization_to_serve_right_p09_43.mp4,service_authorization_right,p09,43,volunteer,data/keypoints\service_authorization_right\authorization_to_serve_right_p09_43.npy,123,test
data/raw_clips\service_authorization_right\authorization_to_serve_right_p09_44.mp4,service_authorization_right,p09,44,volunteer,data/keypoints\service_authorization_right\authorization_to_serve_right_p09_44.npy,110,test
data/raw_clips\service_authorization_right\authorization_to_serve_right_p09_45.mp4,service_authorization_right,p09,45,volunteer,data/keypoints\service_authorization_right\authorization_to_serve_right_p09_45.npy,129,test
data/raw_clips\service_authorization_right\authorization_to_serve_right_p09_46.mp4,service_authorization_right,p09,46,volunteer,data/keypoints\service_authorization_right\authorization_to_serve_right_p09_46.npy,117,test
data/raw_clips\service_authorization_right\authorization_to_serve_right_p09_47.mp4,service_authorization_right,p09,47,volunteer,data/keypoints\service_authorization_right\authorization_to_serve_right_p09_47.npy,123,test
data/raw_clips\service_authorization_right\authorization_to_serve_right_p09_48.mp4,service_authorization_right,p09,48,volunteer,data/keypoints\service_authorization_right\authorization_to_serve_right_p09_48.npy,126,test
data/raw_clips\service_authorization_right\authorization_to_serve_right_p09_49.mp4,service_authorization_right,p09,49,volunteer,data/keypoints\service_authorization_right\authorization_to_serve_right_p09_49.npy,123,test
data/raw_clips\service_authorization_right\authorization_to_serve_right_p09_5.mp4,service_authorization_right,p09,5,volunteer,data/keypoints\service_authorization_right\authorization_to_serve_right_p09_5.npy,133,test
data/raw_clips\service_authorization_right\authorization_to_serve_right_p09_50.mp4,service_authorization_right,p09,50,volunteer,data/keypoints\service_authorization_right\authorization_to_serve_right_p09_50.npy,112,test
data/raw_clips\service_authorization_right\authorization_to_serve_right_p09_51.mp4,service_authorization_right,p09,51,volunteer,data/keypoints\service_authorization_right\authorization_to_serve_right_p09_51.npy,115,test
data/raw_clips\service_authorization_right\authorization_to_serve_right_p09_52.mp4,service_authorization_right,p09,52,volunteer,data/keypoints\service_authorization_right\authorization_to_serve_right_p09_52.npy,116,test
data/raw_clips\service_authorization_right\authorization_to_serve_right_p09_53.mp4,service_authorization_right,p09,53,volunteer,data/keypoints\service_authorization_right\authorization_to_serve_right_p09_53.npy,119,test
data/raw_clips\service_authorization_right\authorization_to_serve_right_p09_54.mp4,service_authorization_right,p09,54,volunteer,data/keypoints\service_authorization_right\authorization_to_serve_right_p09_54.npy,131,test
data/raw_clips\service_authorization_right\authorization_to_serve_right_p09_55.mp4,service_authorization_right,p09,55,volunteer,data/keypoints\service_authorization_right\authorization_to_serve_right_p09_55.npy,137,test
data/raw_clips\service_authorization_right\authorization_to_serve_right_p09_56.mp4,service_authorization_right,p09,56,volunteer,data/keypoints\service_authorization_right\authorization_to_serve_right_p09_56.npy,140,test
data/raw_clips\service_authorization_right\authorization_to_serve_right_p09_57.mp4,service_authorization_right,p09,57,volunteer,data/keypoints\service_authorization_right\authorization_to_serve_right_p09_57.npy,155,test
data/raw_clips\service_authorization_right\authorization_to_serve_right_p09_58.mp4,service_authorization_right,p09,58,volunteer,data/keypoints\service_authorization_right\authorization_to_serve_right_p09_58.npy,134,test
data/raw_clips\service_authorization_right\authorization_to_serve_right_p09_59.mp4,service_authorization_right,p09,59,volunteer,data/keypoints\service_authorization_right\authorization_to_serve_right_p09_59.npy,134,test
data/raw_clips\service_authorization_right\authorization_to_serve_right_p09_6.mp4,service_authorization_right,p09,6,volunteer,data/keypoints\service_authorization_right\authorization_to_serve_right_p09_6.npy,120,test
data/raw_clips\service_authorization_right\authorization_to_serve_right_p09_60.mp4,service_authorization_right,p09,60,volunteer,data/keypoints\service_authorization_right\authorization_to_serve_right_p09_60.npy,137,test
data/raw_clips\service_authorization_right\authorization_to_serve_right_p09_61.mp4,service_authorization_right,p09,61,volunteer,data/keypoints\service_authorization_right\authorization_to_serve_right_p09_61.npy,143,test
data/raw_clips\service_authorization_right\authorization_to_serve_right_p09_62.mp4,service_authorization_right,p09,62,volunteer,data/keypoints\service_authorization_right\authorization_to_serve_right_p09_62.npy,138,test
data/raw_clips\service_authorization_right\authorization_to_serve_right_p09_63.mp4,service_authorization_right,p09,63,volunteer,data/keypoints\service_authorization_right\authorization_to_serve_right_p09_63.npy,123,test
data/raw_clips\service_authorization_right\authorization_to_serve_right_p09_64.mp4,service_authorization_right,p09,64,volunteer,data/keypoints\service_authorization_right\authorization_to_serve_right_p09_64.npy,135,test
data/raw_clips\service_authorization_right\authorization_to_serve_right_p09_65.mp4,service_authorization_right,p09,65,volunteer,data/keypoints\service_authorization_right\authorization_to_serve_right_p09_65.npy,128,test
data/raw_clips\service_authorization_right\authorization_to_serve_right_p09_66.mp4,service_authorization_right,p09,66,volunteer,data/keypoints\service_authorization_right\authorization_to_serve_right_p09_66.npy,140,test
data/raw_clips\service_authorization_right\authorization_to_serve_right_p09_67.mp4,service_authorization_right,p09,67,volunteer,data/keypoints\service_authorization_right\authorization_to_serve_right_p09_67.npy,139,test
data/raw_clips\service_authorization_right\authorization_to_serve_right_p09_68.mp4,service_authorization_right,p09,68,volunteer,data/keypoints\service_authorization_right\authorization_to_serve_right_p09_68.npy,142,test
data/raw_clips\service_authorization_right\authorization_to_serve_right_p09_69.mp4,service_authorization_right,p09,69,volunteer,data/keypoints\service_authorization_right\authorization_to_serve_right_p09_69.npy,131,test
data/raw_clips\service_authorization_right\authorization_to_serve_right_p09_7.mp4,service_authorization_right,p09,7,volunteer,data/keypoints\service_authorization_right\authorization_to_serve_right_p09_7.npy,122,test
data/raw_clips\service_authorization_right\authorization_to_serve_right_p09_70.mp4,service_authorization_right,p09,70,volunteer,data/keypoints\service_authorization_right\authorization_to_serve_right_p09_70.npy,135,test
data/raw_clips\service_authorization_right\authorization_to_serve_right_p09_71.mp4,service_authorization_right,p09,71,volunteer,data/keypoints\service_authorization_right\authorization_to_serve_right_p09_71.npy,142,test
data/raw_clips\service_authorization_right\authorization_to_serve_right_p09_72.mp4,service_authorization_right,p09,72,volunteer,data/keypoints\service_authorization_right\authorization_to_serve_right_p09_72.npy,132,test
data/raw_clips\service_authorization_right\authorization_to_serve_right_p09_73.mp4,service_authorization_right,p09,73,volunteer,data/keypoints\service_authorization_right\authorization_to_serve_right_p09_73.npy,132,test
data/raw_clips\service_authorization_right\authorization_to_serve_right_p09_74.mp4,service_authorization_right,p09,74,volunteer,data/keypoints\service_authorization_right\authorization_to_serve_right_p09_74.npy,122,test
data/raw_clips\service_authorization_right\authorization_to_serve_right_p09_75.mp4,service_authorization_right,p09,75,volunteer,data/keypoints\service_authorization_right\authorization_to_serve_right_p09_75.npy,141,test
data/raw_clips\service_authorization_right\authorization_to_serve_right_p09_76.mp4,service_authorization_right,p09,76,volunteer,data/keypoints\service_authorization_right\authorization_to_serve_right_p09_76.npy,146,test
data/raw_clips\service_authorization_right\authorization_to_serve_right_p09_77.mp4,service_authorization_right,p09,77,volunteer,data/keypoints\service_authorization_right\authorization_to_serve_right_p09_77.npy,144,test
data/raw_clips\service_authorization_right\authorization_to_serve_right_p09_78.mp4,service_authorization_right,p09,78,volunteer,data/keypoints\service_authorization_right\authorization_to_serve_right_p09_78.npy,135,test
data/raw_clips\service_authorization_right\authorization_to_serve_right_p09_79.mp4,service_authorization_right,p09,79,volunteer,data/keypoints\service_authorization_right\authorization_to_serve_right_p09_79.npy,135,test
data/raw_clips\service_authorization_right\authorization_to_serve_right_p09_8.mp4,service_authorization_right,p09,8,volunteer,data/keypoints\service_authorization_right\authorization_to_serve_right_p09_8.npy,127,test
data/raw_clips\service_authorization_right\authorization_to_serve_right_p09_80.mp4,service_authorization_right,p09,80,volunteer,data/keypoints\service_authorization_right\authorization_to_serve_right_p09_80.npy,138,test
data/raw_clips\service_authorization_right\authorization_to_serve_right_p09_81.mp4,service_authorization_right,p09,81,volunteer,data/keypoints\service_authorization_right\authorization_to_serve_right_p09_81.npy,131,test
data/raw_clips\service_authorization_right\authorization_to_serve_right_p09_82.mp4,service_authorization_right,p09,82,volunteer,data/keypoints\service_authorization_right\authorization_to_serve_right_p09_82.npy,141,test
data/raw_clips\service_authorization_right\authorization_to_serve_right_p09_83.mp4,service_authorization_right,p09,83,volunteer,data/keypoints\service_authorization_right\authorization_to_serve_right_p09_83.npy,138,test
data/raw_clips\service_authorization_right\authorization_to_serve_right_p09_84.mp4,service_authorization_right,p09,84,volunteer,data/keypoints\service_authorization_right\authorization_to_serve_right_p09_84.npy,135,test
data/raw_clips\service_authorization_right\authorization_to_serve_right_p09_85.mp4,service_authorization_right,p09,85,volunteer,data/keypoints\service_authorization_right\authorization_to_serve_right_p09_85.npy,119,test
data/raw_clips\service_authorization_right\authorization_to_serve_right_p09_86.mp4,service_authorization_right,p09,86,volunteer,data/keypoints\service_authorization_right\authorization_to_serve_right_p09_86.npy,124,test
data/raw_clips\service_authorization_right\authorization_to_serve_right_p09_87.mp4,service_authorization_right,p09,87,volunteer,data/keypoints\service_authorization_right\authorization_to_serve_right_p09_87.npy,133,test
data/raw_clips\service_authorization_right\authorization_to_serve_right_p09_88.mp4,service_authorization_right,p09,88,volunteer,data/keypoints\service_authorization_right\authorization_to_serve_right_p09_88.npy,141,test
data/raw_clips\service_authorization_right\authorization_to_serve_right_p09_89.mp4,service_authorization_right,p09,89,volunteer,data/keypoints\service_authorization_right\authorization_to_serve_right_p09_89.npy,130,test
data/raw_clips\service_authorization_right\authorization_to_serve_right_p09_9.mp4,service_authorization_right,p09,9,volunteer,data/keypoints\service_authorization_right\authorization_to_serve_right_p09_9.npy,124,test
data/raw_clips\service_authorization_right\authorization_to_serve_right_p09_90.mp4,service_authorization_right,p09,90,volunteer,data/keypoints\service_authorization_right\authorization_to_serve_right_p09_90.npy,143,test
data/raw_clips\service_authorization_right\authorization_to_serve_right_p09_91.mp4,service_authorization_right,p09,91,volunteer,data/keypoints\service_authorization_right\authorization_to_serve_right_p09_91.npy,130,test
data/raw_clips\service_authorization_right\authorization_to_serve_right_p09_92.mp4,service_authorization_right,p09,92,volunteer,data/keypoints\service_authorization_right\authorization_to_serve_right_p09_92.npy,129,test
data/raw_clips\service_authorization_right\authorization_to_serve_right_p09_95.mp4,service_authorization_right,p09,95,volunteer,data/keypoints\service_authorization_right\authorization_to_serve_right_p09_95.npy,130,test
data/raw_clips\team_to_serve_left\team_to_serve_left_p01_1.mp4,team_to_serve_left,p01,1,volunteer,data/keypoints\team_to_serve_left\team_to_serve_left_p01_1.npy,62,val
data/raw_clips\team_to_serve_left\team_to_serve_left_p01_10.mp4,team_to_serve_left,p01,10,volunteer,data/keypoints\team_to_serve_left\team_to_serve_left_p01_10.npy,82,val
data/raw_clips\team_to_serve_left\team_to_serve_left_p01_100.mp4,team_to_serve_left,p01,100,volunteer,data/keypoints\team_to_serve_left\team_to_serve_left_p01_100.npy,69,val
data/raw_clips\team_to_serve_left\team_to_serve_left_p01_101.mp4,team_to_serve_left,p01,101,volunteer,data/keypoints\team_to_serve_left\team_to_serve_left_p01_101.npy,59,val
data/raw_clips\team_to_serve_left\team_to_serve_left_p01_102.mp4,team_to_serve_left,p01,102,volunteer,data/keypoints\team_to_serve_left\team_to_serve_left_p01_102.npy,69,val
data/raw_clips\team_to_serve_left\team_to_serve_left_p01_103.mp4,team_to_serve_left,p01,103,volunteer,data/keypoints\team_to_serve_left\team_to_serve_left_p01_103.npy,66,val
data/raw_clips\team_to_serve_left\team_to_serve_left_p01_104.mp4,team_to_serve_left,p01,104,volunteer,data/keypoints\team_to_serve_left\team_to_serve_left_p01_104.npy,70,val
data/raw_clips\team_to_serve_left\team_to_serve_left_p01_105.mp4,team_to_serve_left,p01,105,volunteer,data/keypoints\team_to_serve_left\team_to_serve_left_p01_105.npy,74,val
data/raw_clips\team_to_serve_left\team_to_serve_left_p01_106.mp4,team_to_serve_left,p01,106,volunteer,data/keypoints\team_to_serve_left\team_to_serve_left_p01_106.npy,65,val
data/raw_clips\team_to_serve_left\team_to_serve_left_p01_107.mp4,team_to_serve_left,p01,107,volunteer,data/keypoints\team_to_serve_left\team_to_serve_left_p01_107.npy,81,val
data/raw_clips\team_to_serve_left\team_to_serve_left_p01_108.mp4,team_to_serve_left,p01,108,volunteer,data/keypoints\team_to_serve_left\team_to_serve_left_p01_108.npy,82,val
data/raw_clips\team_to_serve_left\team_to_serve_left_p01_109.mp4,team_to_serve_left,p01,109,volunteer,data/keypoints\team_to_serve_left\team_to_serve_left_p01_109.npy,69,val
data/raw_clips\team_to_serve_left\team_to_serve_left_p01_11.mp4,team_to_serve_left,p01,11,volunteer,data/keypoints\team_to_serve_left\team_to_serve_left_p01_11.npy,73,val
data/raw_clips\team_to_serve_left\team_to_serve_left_p01_110.mp4,team_to_serve_left,p01,110,volunteer,data/keypoints\team_to_serve_left\team_to_serve_left_p01_110.npy,63,val
data/raw_clips\team_to_serve_left\team_to_serve_left_p01_12.mp4,team_to_serve_left,p01,12,volunteer,data/keypoints\team_to_serve_left\team_to_serve_left_p01_12.npy,68,val
data/raw_clips\team_to_serve_left\team_to_serve_left_p01_13.mp4,team_to_serve_left,p01,13,volunteer,data/keypoints\team_to_serve_left\team_to_serve_left_p01_13.npy,66,val
data/raw_clips\team_to_serve_left\team_to_serve_left_p01_14.mp4,team_to_serve_left,p01,14,volunteer,data/keypoints\team_to_serve_left\team_to_serve_left_p01_14.npy,73,val
data/raw_clips\team_to_serve_left\team_to_serve_left_p01_15.mp4,team_to_serve_left,p01,15,volunteer,data/keypoints\team_to_serve_left\team_to_serve_left_p01_15.npy,75,val
data/raw_clips\team_to_serve_left\team_to_serve_left_p01_16.mp4,team_to_serve_left,p01,16,volunteer,data/keypoints\team_to_serve_left\team_to_serve_left_p01_16.npy,66,val
data/raw_clips\team_to_serve_left\team_to_serve_left_p01_17.mp4,team_to_serve_left,p01,17,volunteer,data/keypoints\team_to_serve_left\team_to_serve_left_p01_17.npy,70,val
data/raw_clips\team_to_serve_left\team_to_serve_left_p01_18.mp4,team_to_serve_left,p01,18,volunteer,data/keypoints\team_to_serve_left\team_to_serve_left_p01_18.npy,72,val
data/raw_clips\team_to_serve_left\team_to_serve_left_p01_19.mp4,team_to_serve_left,p01,19,volunteer,data/keypoints\team_to_serve_left\team_to_serve_left_p01_19.npy,78,val
data/raw_clips\team_to_serve_left\team_to_serve_left_p01_2.mp4,team_to_serve_left,p01,2,volunteer,data/keypoints\team_to_serve_left\team_to_serve_left_p01_2.npy,75,val
data/raw_clips\team_to_serve_left\team_to_serve_left_p01_20.mp4,team_to_serve_left,p01,20,volunteer,data/keypoints\team_to_serve_left\team_to_serve_left_p01_20.npy,83,val
data/raw_clips\team_to_serve_left\team_to_serve_left_p01_21.mp4,team_to_serve_left,p01,21,volunteer,data/keypoints\team_to_serve_left\team_to_serve_left_p01_21.npy,74,val
data/raw_clips\team_to_serve_left\team_to_serve_left_p01_22.mp4,team_to_serve_left,p01,22,volunteer,data/keypoints\team_to_serve_left\team_to_serve_left_p01_22.npy,86,val
data/raw_clips\team_to_serve_left\team_to_serve_left_p01_23.mp4,team_to_serve_left,p01,23,volunteer,data/keypoints\team_to_serve_left\team_to_serve_left_p01_23.npy,74,val
data/raw_clips\team_to_serve_left\team_to_serve_left_p01_24.mp4,team_to_serve_left,p01,24,volunteer,data/keypoints\team_to_serve_left\team_to_serve_left_p01_24.npy,74,val
data/raw_clips\team_to_serve_left\team_to_serve_left_p01_25.mp4,team_to_serve_left,p01,25,volunteer,data/keypoints\team_to_serve_left\team_to_serve_left_p01_25.npy,62,val
data/raw_clips\team_to_serve_left\team_to_serve_left_p01_26.mp4,team_to_serve_left,p01,26,volunteer,data/keypoints\team_to_serve_left\team_to_serve_left_p01_26.npy,67,val
data/raw_clips\team_to_serve_left\team_to_serve_left_p01_27.mp4,team_to_serve_left,p01,27,volunteer,data/keypoints\team_to_serve_left\team_to_serve_left_p01_27.npy,66,val
data/raw_clips\team_to_serve_left\team_to_serve_left_p01_28.mp4,team_to_serve_left,p01,28,volunteer,data/keypoints\team_to_serve_left\team_to_serve_left_p01_28.npy,73,val
data/raw_clips\team_to_serve_left\team_to_serve_left_p01_29.mp4,team_to_serve_left,p01,29,volunteer,data/keypoints\team_to_serve_left\team_to_serve_left_p01_29.npy,66,val
data/raw_clips\team_to_serve_left\team_to_serve_left_p01_3.mp4,team_to_serve_left,p01,3,volunteer,data/keypoints\team_to_serve_left\team_to_serve_left_p01_3.npy,72,val
data/raw_clips\team_to_serve_left\team_to_serve_left_p01_30.mp4,team_to_serve_left,p01,30,volunteer,data/keypoints\team_to_serve_left\team_to_serve_left_p01_30.npy,75,val
data/raw_clips\team_to_serve_left\team_to_serve_left_p01_31.mp4,team_to_serve_left,p01,31,volunteer,data/keypoints\team_to_serve_left\team_to_serve_left_p01_31.npy,74,val
data/raw_clips\team_to_serve_left\team_to_serve_left_p01_32.mp4,team_to_serve_left,p01,32,volunteer,data/keypoints\team_to_serve_left\team_to_serve_left_p01_32.npy,69,val
data/raw_clips\team_to_serve_left\team_to_serve_left_p01_33.mp4,team_to_serve_left,p01,33,volunteer,data/keypoints\team_to_serve_left\team_to_serve_left_p01_33.npy,73,val
data/raw_clips\team_to_serve_left\team_to_serve_left_p01_34.mp4,team_to_serve_left,p01,34,volunteer,data/keypoints\team_to_serve_left\team_to_serve_left_p01_34.npy,69,val
data/raw_clips\team_to_serve_left\team_to_serve_left_p01_35.mp4,team_to_serve_left,p01,35,volunteer,data/keypoints\team_to_serve_left\team_to_serve_left_p01_35.npy,71,val
data/raw_clips\team_to_serve_left\team_to_serve_left_p01_36.mp4,team_to_serve_left,p01,36,volunteer,data/keypoints\team_to_serve_left\team_to_serve_left_p01_36.npy,72,val
data/raw_clips\team_to_serve_left\team_to_serve_left_p01_37.mp4,team_to_serve_left,p01,37,volunteer,data/keypoints\team_to_serve_left\team_to_serve_left_p01_37.npy,81,val
data/raw_clips\team_to_serve_left\team_to_serve_left_p01_38.mp4,team_to_serve_left,p01,38,volunteer,data/keypoints\team_to_serve_left\team_to_serve_left_p01_38.npy,81,val
data/raw_clips\team_to_serve_left\team_to_serve_left_p01_39.mp4,team_to_serve_left,p01,39,volunteer,data/keypoints\team_to_serve_left\team_to_serve_left_p01_39.npy,75,val
data/raw_clips\team_to_serve_left\team_to_serve_left_p01_4.mp4,team_to_serve_left,p01,4,volunteer,data/keypoints\team_to_serve_left\team_to_serve_left_p01_4.npy,66,val
data/raw_clips\team_to_serve_left\team_to_serve_left_p01_40.mp4,team_to_serve_left,p01,40,volunteer,data/keypoints\team_to_serve_left\team_to_serve_left_p01_40.npy,69,val
data/raw_clips\team_to_serve_left\team_to_serve_left_p01_41.mp4,team_to_serve_left,p01,41,volunteer,data/keypoints\team_to_serve_left\team_to_serve_left_p01_41.npy,83,val
data/raw_clips\team_to_serve_left\team_to_serve_left_p01_42.mp4,team_to_serve_left,p01,42,volunteer,data/keypoints\team_to_serve_left\team_to_serve_left_p01_42.npy,69,val
data/raw_clips\team_to_serve_left\team_to_serve_left_p01_43.mp4,team_to_serve_left,p01,43,volunteer,data/keypoints\team_to_serve_left\team_to_serve_left_p01_43.npy,61,val
data/raw_clips\team_to_serve_left\team_to_serve_left_p01_44.mp4,team_to_serve_left,p01,44,volunteer,data/keypoints\team_to_serve_left\team_to_serve_left_p01_44.npy,71,val
data/raw_clips\team_to_serve_left\team_to_serve_left_p01_45.mp4,team_to_serve_left,p01,45,volunteer,data/keypoints\team_to_serve_left\team_to_serve_left_p01_45.npy,63,val
data/raw_clips\team_to_serve_left\team_to_serve_left_p01_46.mp4,team_to_serve_left,p01,46,volunteer,data/keypoints\team_to_serve_left\team_to_serve_left_p01_46.npy,81,val
data/raw_clips\team_to_serve_left\team_to_serve_left_p01_47.mp4,team_to_serve_left,p01,47,volunteer,data/keypoints\team_to_serve_left\team_to_serve_left_p01_47.npy,82,val
data/raw_clips\team_to_serve_left\team_to_serve_left_p01_48.mp4,team_to_serve_left,p01,48,volunteer,data/keypoints\team_to_serve_left\team_to_serve_left_p01_48.npy,72,val
data/raw_clips\team_to_serve_left\team_to_serve_left_p01_49.mp4,team_to_serve_left,p01,49,volunteer,data/keypoints\team_to_serve_left\team_to_serve_left_p01_49.npy,75,val
data/raw_clips\team_to_serve_left\team_to_serve_left_p01_5.mp4,team_to_serve_left,p01,5,volunteer,data/keypoints\team_to_serve_left\team_to_serve_left_p01_5.npy,73,val
data/raw_clips\team_to_serve_left\team_to_serve_left_p01_50.mp4,team_to_serve_left,p01,50,volunteer,data/keypoints\team_to_serve_left\team_to_serve_left_p01_50.npy,78,val
data/raw_clips\team_to_serve_left\team_to_serve_left_p01_51.mp4,team_to_serve_left,p01,51,volunteer,data/keypoints\team_to_serve_left\team_to_serve_left_p01_51.npy,77,val
data/raw_clips\team_to_serve_left\team_to_serve_left_p01_52.mp4,team_to_serve_left,p01,52,volunteer,data/keypoints\team_to_serve_left\team_to_serve_left_p01_52.npy,66,val
data/raw_clips\team_to_serve_left\team_to_serve_left_p01_53.mp4,team_to_serve_left,p01,53,volunteer,data/keypoints\team_to_serve_left\team_to_serve_left_p01_53.npy,67,val
data/raw_clips\team_to_serve_left\team_to_serve_left_p01_54.mp4,team_to_serve_left,p01,54,volunteer,data/keypoints\team_to_serve_left\team_to_serve_left_p01_54.npy,75,val
data/raw_clips\team_to_serve_left\team_to_serve_left_p01_55.mp4,team_to_serve_left,p01,55,volunteer,data/keypoints\team_to_serve_left\team_to_serve_left_p01_55.npy,72,val
data/raw_clips\team_to_serve_left\team_to_serve_left_p01_56.mp4,team_to_serve_left,p01,56,volunteer,data/keypoints\team_to_serve_left\team_to_serve_left_p01_56.npy,96,val
data/raw_clips\team_to_serve_left\team_to_serve_left_p01_57.mp4,team_to_serve_left,p01,57,volunteer,data/keypoints\team_to_serve_left\team_to_serve_left_p01_57.npy,65,val
data/raw_clips\team_to_serve_left\team_to_serve_left_p01_58.mp4,team_to_serve_left,p01,58,volunteer,data/keypoints\team_to_serve_left\team_to_serve_left_p01_58.npy,66,val
data/raw_clips\team_to_serve_left\team_to_serve_left_p01_6.mp4,team_to_serve_left,p01,6,volunteer,data/keypoints\team_to_serve_left\team_to_serve_left_p01_6.npy,63,val
data/raw_clips\team_to_serve_left\team_to_serve_left_p01_60.mp4,team_to_serve_left,p01,60,volunteer,data/keypoints\team_to_serve_left\team_to_serve_left_p01_60.npy,69,val
data/raw_clips\team_to_serve_left\team_to_serve_left_p01_61.mp4,team_to_serve_left,p01,61,volunteer,data/keypoints\team_to_serve_left\team_to_serve_left_p01_61.npy,68,val
data/raw_clips\team_to_serve_left\team_to_serve_left_p01_62.mp4,team_to_serve_left,p01,62,volunteer,data/keypoints\team_to_serve_left\team_to_serve_left_p01_62.npy,68,val
data/raw_clips\team_to_serve_left\team_to_serve_left_p01_63.mp4,team_to_serve_left,p01,63,volunteer,data/keypoints\team_to_serve_left\team_to_serve_left_p01_63.npy,75,val
data/raw_clips\team_to_serve_left\team_to_serve_left_p01_64.mp4,team_to_serve_left,p01,64,volunteer,data/keypoints\team_to_serve_left\team_to_serve_left_p01_64.npy,68,val
data/raw_clips\team_to_serve_left\team_to_serve_left_p01_65.mp4,team_to_serve_left,p01,65,volunteer,data/keypoints\team_to_serve_left\team_to_serve_left_p01_65.npy,72,val
data/raw_clips\team_to_serve_left\team_to_serve_left_p01_66.mp4,team_to_serve_left,p01,66,volunteer,data/keypoints\team_to_serve_left\team_to_serve_left_p01_66.npy,78,val
data/raw_clips\team_to_serve_left\team_to_serve_left_p01_67.mp4,team_to_serve_left,p01,67,volunteer,data/keypoints\team_to_serve_left\team_to_serve_left_p01_67.npy,66,val
data/raw_clips\team_to_serve_left\team_to_serve_left_p01_68.mp4,team_to_serve_left,p01,68,volunteer,data/keypoints\team_to_serve_left\team_to_serve_left_p01_68.npy,59,val
data/raw_clips\team_to_serve_left\team_to_serve_left_p01_69.mp4,team_to_serve_left,p01,69,volunteer,data/keypoints\team_to_serve_left\team_to_serve_left_p01_69.npy,60,val
data/raw_clips\team_to_serve_left\team_to_serve_left_p01_7.mp4,team_to_serve_left,p01,7,volunteer,data/keypoints\team_to_serve_left\team_to_serve_left_p01_7.npy,75,val
data/raw_clips\team_to_serve_left\team_to_serve_left_p01_70.mp4,team_to_serve_left,p01,70,volunteer,data/keypoints\team_to_serve_left\team_to_serve_left_p01_70.npy,60,val
data/raw_clips\team_to_serve_left\team_to_serve_left_p01_71.mp4,team_to_serve_left,p01,71,volunteer,data/keypoints\team_to_serve_left\team_to_serve_left_p01_71.npy,63,val
data/raw_clips\team_to_serve_left\team_to_serve_left_p01_72.mp4,team_to_serve_left,p01,72,volunteer,data/keypoints\team_to_serve_left\team_to_serve_left_p01_72.npy,60,val
data/raw_clips\team_to_serve_left\team_to_serve_left_p01_73.mp4,team_to_serve_left,p01,73,volunteer,data/keypoints\team_to_serve_left\team_to_serve_left_p01_73.npy,79,val
data/raw_clips\team_to_serve_left\team_to_serve_left_p01_74.mp4,team_to_serve_left,p01,74,volunteer,data/keypoints\team_to_serve_left\team_to_serve_left_p01_74.npy,72,val
data/raw_clips\team_to_serve_left\team_to_serve_left_p01_75.mp4,team_to_serve_left,p01,75,volunteer,data/keypoints\team_to_serve_left\team_to_serve_left_p01_75.npy,77,val
data/raw_clips\team_to_serve_left\team_to_serve_left_p01_76.mp4,team_to_serve_left,p01,76,volunteer,data/keypoints\team_to_serve_left\team_to_serve_left_p01_76.npy,68,val
data/raw_clips\team_to_serve_left\team_to_serve_left_p01_77.mp4,team_to_serve_left,p01,77,volunteer,data/keypoints\team_to_serve_left\team_to_serve_left_p01_77.npy,73,val
data/raw_clips\team_to_serve_left\team_to_serve_left_p01_78.mp4,team_to_serve_left,p01,78,volunteer,data/keypoints\team_to_serve_left\team_to_serve_left_p01_78.npy,67,val
data/raw_clips\team_to_serve_left\team_to_serve_left_p01_79.mp4,team_to_serve_left,p01,79,volunteer,data/keypoints\team_to_serve_left\team_to_serve_left_p01_79.npy,71,val
data/raw_clips\team_to_serve_left\team_to_serve_left_p01_8.mp4,team_to_serve_left,p01,8,volunteer,data/keypoints\team_to_serve_left\team_to_serve_left_p01_8.npy,73,val
data/raw_clips\team_to_serve_left\team_to_serve_left_p01_80.mp4,team_to_serve_left,p01,80,volunteer,data/keypoints\team_to_serve_left\team_to_serve_left_p01_80.npy,70,val
data/raw_clips\team_to_serve_left\team_to_serve_left_p01_81.mp4,team_to_serve_left,p01,81,volunteer,data/keypoints\team_to_serve_left\team_to_serve_left_p01_81.npy,64,val
data/raw_clips\team_to_serve_left\team_to_serve_left_p01_82.mp4,team_to_serve_left,p01,82,volunteer,data/keypoints\team_to_serve_left\team_to_serve_left_p01_82.npy,71,val
data/raw_clips\team_to_serve_left\team_to_serve_left_p01_83.mp4,team_to_serve_left,p01,83,volunteer,data/keypoints\team_to_serve_left\team_to_serve_left_p01_83.npy,80,val
data/raw_clips\team_to_serve_left\team_to_serve_left_p01_84.mp4,team_to_serve_left,p01,84,volunteer,data/keypoints\team_to_serve_left\team_to_serve_left_p01_84.npy,66,val
data/raw_clips\team_to_serve_left\team_to_serve_left_p01_85.mp4,team_to_serve_left,p01,85,volunteer,data/keypoints\team_to_serve_left\team_to_serve_left_p01_85.npy,71,val
data/raw_clips\team_to_serve_left\team_to_serve_left_p01_86.mp4,team_to_serve_left,p01,86,volunteer,data/keypoints\team_to_serve_left\team_to_serve_left_p01_86.npy,71,val
data/raw_clips\team_to_serve_left\team_to_serve_left_p01_87.mp4,team_to_serve_left,p01,87,volunteer,data/keypoints\team_to_serve_left\team_to_serve_left_p01_87.npy,66,val
data/raw_clips\team_to_serve_left\team_to_serve_left_p01_88.mp4,team_to_serve_left,p01,88,volunteer,data/keypoints\team_to_serve_left\team_to_serve_left_p01_88.npy,69,val
data/raw_clips\team_to_serve_left\team_to_serve_left_p01_89.mp4,team_to_serve_left,p01,89,volunteer,data/keypoints\team_to_serve_left\team_to_serve_left_p01_89.npy,65,val
data/raw_clips\team_to_serve_left\team_to_serve_left_p01_9.mp4,team_to_serve_left,p01,9,volunteer,data/keypoints\team_to_serve_left\team_to_serve_left_p01_9.npy,68,val
data/raw_clips\team_to_serve_left\team_to_serve_left_p01_90.mp4,team_to_serve_left,p01,90,volunteer,data/keypoints\team_to_serve_left\team_to_serve_left_p01_90.npy,69,val
data/raw_clips\team_to_serve_left\team_to_serve_left_p01_91.mp4,team_to_serve_left,p01,91,volunteer,data/keypoints\team_to_serve_left\team_to_serve_left_p01_91.npy,62,val
data/raw_clips\team_to_serve_left\team_to_serve_left_p01_92.mp4,team_to_serve_left,p01,92,volunteer,data/keypoints\team_to_serve_left\team_to_serve_left_p01_92.npy,65,val
data/raw_clips\team_to_serve_left\team_to_serve_left_p01_93.mp4,team_to_serve_left,p01,93,volunteer,data/keypoints\team_to_serve_left\team_to_serve_left_p01_93.npy,63,val
data/raw_clips\team_to_serve_left\team_to_serve_left_p01_94.mp4,team_to_serve_left,p01,94,volunteer,data/keypoints\team_to_serve_left\team_to_serve_left_p01_94.npy,68,val
data/raw_clips\team_to_serve_left\team_to_serve_left_p01_95.mp4,team_to_serve_left,p01,95,volunteer,data/keypoints\team_to_serve_left\team_to_serve_left_p01_95.npy,69,val
data/raw_clips\team_to_serve_left\team_to_serve_left_p01_96.mp4,team_to_serve_left,p01,96,volunteer,data/keypoints\team_to_serve_left\team_to_serve_left_p01_96.npy,57,val
data/raw_clips\team_to_serve_left\team_to_serve_left_p01_97.mp4,team_to_serve_left,p01,97,volunteer,data/keypoints\team_to_serve_left\team_to_serve_left_p01_97.npy,63,val
data/raw_clips\team_to_serve_left\team_to_serve_left_p01_98.mp4,team_to_serve_left,p01,98,volunteer,data/keypoints\team_to_serve_left\team_to_serve_left_p01_98.npy,67,val
data/raw_clips\team_to_serve_left\team_to_serve_left_p01_99.mp4,team_to_serve_left,p01,99,volunteer,data/keypoints\team_to_serve_left\team_to_serve_left_p01_99.npy,72,val
data/raw_clips\team_to_serve_left\team_to_serve_left_p08_1.mp4,team_to_serve_left,p08,1,volunteer,data/keypoints\team_to_serve_left\team_to_serve_left_p08_1.npy,104,train
data/raw_clips\team_to_serve_left\team_to_serve_left_p08_10.mp4,team_to_serve_left,p08,10,volunteer,data/keypoints\team_to_serve_left\team_to_serve_left_p08_10.npy,105,train
data/raw_clips\team_to_serve_left\team_to_serve_left_p08_11.mp4,team_to_serve_left,p08,11,volunteer,data/keypoints\team_to_serve_left\team_to_serve_left_p08_11.npy,97,train
data/raw_clips\team_to_serve_left\team_to_serve_left_p08_12.mp4,team_to_serve_left,p08,12,volunteer,data/keypoints\team_to_serve_left\team_to_serve_left_p08_12.npy,102,train
data/raw_clips\team_to_serve_left\team_to_serve_left_p08_13.mp4,team_to_serve_left,p08,13,volunteer,data/keypoints\team_to_serve_left\team_to_serve_left_p08_13.npy,113,train
data/raw_clips\team_to_serve_left\team_to_serve_left_p08_14.mp4,team_to_serve_left,p08,14,volunteer,data/keypoints\team_to_serve_left\team_to_serve_left_p08_14.npy,103,train
data/raw_clips\team_to_serve_left\team_to_serve_left_p08_15.mp4,team_to_serve_left,p08,15,volunteer,data/keypoints\team_to_serve_left\team_to_serve_left_p08_15.npy,103,train
data/raw_clips\team_to_serve_left\team_to_serve_left_p08_16.mp4,team_to_serve_left,p08,16,volunteer,data/keypoints\team_to_serve_left\team_to_serve_left_p08_16.npy,98,train
data/raw_clips\team_to_serve_left\team_to_serve_left_p08_17.mp4,team_to_serve_left,p08,17,volunteer,data/keypoints\team_to_serve_left\team_to_serve_left_p08_17.npy,98,train
data/raw_clips\team_to_serve_left\team_to_serve_left_p08_18.mp4,team_to_serve_left,p08,18,volunteer,data/keypoints\team_to_serve_left\team_to_serve_left_p08_18.npy,95,train
data/raw_clips\team_to_serve_left\team_to_serve_left_p08_19.mp4,team_to_serve_left,p08,19,volunteer,data/keypoints\team_to_serve_left\team_to_serve_left_p08_19.npy,98,train
data/raw_clips\team_to_serve_left\team_to_serve_left_p08_2.mp4,team_to_serve_left,p08,2,volunteer,data/keypoints\team_to_serve_left\team_to_serve_left_p08_2.npy,111,train
data/raw_clips\team_to_serve_left\team_to_serve_left_p08_20.mp4,team_to_serve_left,p08,20,volunteer,data/keypoints\team_to_serve_left\team_to_serve_left_p08_20.npy,101,train
data/raw_clips\team_to_serve_left\team_to_serve_left_p08_21.mp4,team_to_serve_left,p08,21,volunteer,data/keypoints\team_to_serve_left\team_to_serve_left_p08_21.npy,105,train
data/raw_clips\team_to_serve_left\team_to_serve_left_p08_22.mp4,team_to_serve_left,p08,22,volunteer,data/keypoints\team_to_serve_left\team_to_serve_left_p08_22.npy,97,train
data/raw_clips\team_to_serve_left\team_to_serve_left_p08_23.mp4,team_to_serve_left,p08,23,volunteer,data/keypoints\team_to_serve_left\team_to_serve_left_p08_23.npy,102,train
data/raw_clips\team_to_serve_left\team_to_serve_left_p08_24.mp4,team_to_serve_left,p08,24,volunteer,data/keypoints\team_to_serve_left\team_to_serve_left_p08_24.npy,105,train
data/raw_clips\team_to_serve_left\team_to_serve_left_p08_25.mp4,team_to_serve_left,p08,25,volunteer,data/keypoints\team_to_serve_left\team_to_serve_left_p08_25.npy,96,train
data/raw_clips\team_to_serve_left\team_to_serve_left_p08_26.mp4,team_to_serve_left,p08,26,volunteer,data/keypoints\team_to_serve_left\team_to_serve_left_p08_26.npy,104,train
data/raw_clips\team_to_serve_left\team_to_serve_left_p08_27.mp4,team_to_serve_left,p08,27,volunteer,data/keypoints\team_to_serve_left\team_to_serve_left_p08_27.npy,101,train
data/raw_clips\team_to_serve_left\team_to_serve_left_p08_28.mp4,team_to_serve_left,p08,28,volunteer,data/keypoints\team_to_serve_left\team_to_serve_left_p08_28.npy,101,train
data/raw_clips\team_to_serve_left\team_to_serve_left_p08_29.mp4,team_to_serve_left,p08,29,volunteer,data/keypoints\team_to_serve_left\team_to_serve_left_p08_29.npy,105,train
data/raw_clips\team_to_serve_left\team_to_serve_left_p08_3.mp4,team_to_serve_left,p08,3,volunteer,data/keypoints\team_to_serve_left\team_to_serve_left_p08_3.npy,105,train
data/raw_clips\team_to_serve_left\team_to_serve_left_p08_30.mp4,team_to_serve_left,p08,30,volunteer,data/keypoints\team_to_serve_left\team_to_serve_left_p08_30.npy,99,train
data/raw_clips\team_to_serve_left\team_to_serve_left_p08_31.mp4,team_to_serve_left,p08,31,volunteer,data/keypoints\team_to_serve_left\team_to_serve_left_p08_31.npy,96,train
data/raw_clips\team_to_serve_left\team_to_serve_left_p08_32.mp4,team_to_serve_left,p08,32,volunteer,data/keypoints\team_to_serve_left\team_to_serve_left_p08_32.npy,102,train
data/raw_clips\team_to_serve_left\team_to_serve_left_p08_33.mp4,team_to_serve_left,p08,33,volunteer,data/keypoints\team_to_serve_left\team_to_serve_left_p08_33.npy,96,train
data/raw_clips\team_to_serve_left\team_to_serve_left_p08_34.mp4,team_to_serve_left,p08,34,volunteer,data/keypoints\team_to_serve_left\team_to_serve_left_p08_34.npy,97,train
data/raw_clips\team_to_serve_left\team_to_serve_left_p08_35.mp4,team_to_serve_left,p08,35,volunteer,data/keypoints\team_to_serve_left\team_to_serve_left_p08_35.npy,104,train
data/raw_clips\team_to_serve_left\team_to_serve_left_p08_36.mp4,team_to_serve_left,p08,36,volunteer,data/keypoints\team_to_serve_left\team_to_serve_left_p08_36.npy,106,train
data/raw_clips\team_to_serve_left\team_to_serve_left_p08_37.mp4,team_to_serve_left,p08,37,volunteer,data/keypoints\team_to_serve_left\team_to_serve_left_p08_37.npy,105,train
data/raw_clips\team_to_serve_left\team_to_serve_left_p08_38.mp4,team_to_serve_left,p08,38,volunteer,data/keypoints\team_to_serve_left\team_to_serve_left_p08_38.npy,102,train
data/raw_clips\team_to_serve_left\team_to_serve_left_p08_39.mp4,team_to_serve_left,p08,39,volunteer,data/keypoints\team_to_serve_left\team_to_serve_left_p08_39.npy,106,train
data/raw_clips\team_to_serve_left\team_to_serve_left_p08_4.mp4,team_to_serve_left,p08,4,volunteer,data/keypoints\team_to_serve_left\team_to_serve_left_p08_4.npy,109,train
data/raw_clips\team_to_serve_left\team_to_serve_left_p08_40.mp4,team_to_serve_left,p08,40,volunteer,data/keypoints\team_to_serve_left\team_to_serve_left_p08_40.npy,102,train
data/raw_clips\team_to_serve_left\team_to_serve_left_p08_41.mp4,team_to_serve_left,p08,41,volunteer,data/keypoints\team_to_serve_left\team_to_serve_left_p08_41.npy,108,train
data/raw_clips\team_to_serve_left\team_to_serve_left_p08_42.mp4,team_to_serve_left,p08,42,volunteer,data/keypoints\team_to_serve_left\team_to_serve_left_p08_42.npy,105,train
data/raw_clips\team_to_serve_left\team_to_serve_left_p08_43.mp4,team_to_serve_left,p08,43,volunteer,data/keypoints\team_to_serve_left\team_to_serve_left_p08_43.npy,105,train
data/raw_clips\team_to_serve_left\team_to_serve_left_p08_44.mp4,team_to_serve_left,p08,44,volunteer,data/keypoints\team_to_serve_left\team_to_serve_left_p08_44.npy,107,train
data/raw_clips\team_to_serve_left\team_to_serve_left_p08_45.mp4,team_to_serve_left,p08,45,volunteer,data/keypoints\team_to_serve_left\team_to_serve_left_p08_45.npy,107,train
data/raw_clips\team_to_serve_left\team_to_serve_left_p08_46.mp4,team_to_serve_left,p08,46,volunteer,data/keypoints\team_to_serve_left\team_to_serve_left_p08_46.npy,115,train
data/raw_clips\team_to_serve_left\team_to_serve_left_p08_47.mp4,team_to_serve_left,p08,47,volunteer,data/keypoints\team_to_serve_left\team_to_serve_left_p08_47.npy,94,train
data/raw_clips\team_to_serve_left\team_to_serve_left_p08_48.mp4,team_to_serve_left,p08,48,volunteer,data/keypoints\team_to_serve_left\team_to_serve_left_p08_48.npy,85,train
data/raw_clips\team_to_serve_left\team_to_serve_left_p08_49.mp4,team_to_serve_left,p08,49,volunteer,data/keypoints\team_to_serve_left\team_to_serve_left_p08_49.npy,95,train
data/raw_clips\team_to_serve_left\team_to_serve_left_p08_5.mp4,team_to_serve_left,p08,5,volunteer,data/keypoints\team_to_serve_left\team_to_serve_left_p08_5.npy,108,train
data/raw_clips\team_to_serve_left\team_to_serve_left_p08_50.mp4,team_to_serve_left,p08,50,volunteer,data/keypoints\team_to_serve_left\team_to_serve_left_p08_50.npy,107,train
data/raw_clips\team_to_serve_left\team_to_serve_left_p08_51.mp4,team_to_serve_left,p08,51,volunteer,data/keypoints\team_to_serve_left\team_to_serve_left_p08_51.npy,96,train
data/raw_clips\team_to_serve_left\team_to_serve_left_p08_52.mp4,team_to_serve_left,p08,52,volunteer,data/keypoints\team_to_serve_left\team_to_serve_left_p08_52.npy,90,train
data/raw_clips\team_to_serve_left\team_to_serve_left_p08_53.mp4,team_to_serve_left,p08,53,volunteer,data/keypoints\team_to_serve_left\team_to_serve_left_p08_53.npy,100,train
data/raw_clips\team_to_serve_left\team_to_serve_left_p08_54.mp4,team_to_serve_left,p08,54,volunteer,data/keypoints\team_to_serve_left\team_to_serve_left_p08_54.npy,102,train
data/raw_clips\team_to_serve_left\team_to_serve_left_p08_55.mp4,team_to_serve_left,p08,55,volunteer,data/keypoints\team_to_serve_left\team_to_serve_left_p08_55.npy,91,train
data/raw_clips\team_to_serve_left\team_to_serve_left_p08_56.mp4,team_to_serve_left,p08,56,volunteer,data/keypoints\team_to_serve_left\team_to_serve_left_p08_56.npy,84,train
data/raw_clips\team_to_serve_left\team_to_serve_left_p08_57.mp4,team_to_serve_left,p08,57,volunteer,data/keypoints\team_to_serve_left\team_to_serve_left_p08_57.npy,88,train
data/raw_clips\team_to_serve_left\team_to_serve_left_p08_58.mp4,team_to_serve_left,p08,58,volunteer,data/keypoints\team_to_serve_left\team_to_serve_left_p08_58.npy,87,train
data/raw_clips\team_to_serve_left\team_to_serve_left_p08_6.mp4,team_to_serve_left,p08,6,volunteer,data/keypoints\team_to_serve_left\team_to_serve_left_p08_6.npy,108,train
data/raw_clips\team_to_serve_left\team_to_serve_left_p08_62.mp4,team_to_serve_left,p08,62,volunteer,data/keypoints\team_to_serve_left\team_to_serve_left_p08_62.npy,98,train
data/raw_clips\team_to_serve_left\team_to_serve_left_p08_63.mp4,team_to_serve_left,p08,63,volunteer,data/keypoints\team_to_serve_left\team_to_serve_left_p08_63.npy,92,train
data/raw_clips\team_to_serve_left\team_to_serve_left_p08_64.mp4,team_to_serve_left,p08,64,volunteer,data/keypoints\team_to_serve_left\team_to_serve_left_p08_64.npy,92,train
data/raw_clips\team_to_serve_left\team_to_serve_left_p08_65.mp4,team_to_serve_left,p08,65,volunteer,data/keypoints\team_to_serve_left\team_to_serve_left_p08_65.npy,122,train
data/raw_clips\team_to_serve_left\team_to_serve_left_p08_66.mp4,team_to_serve_left,p08,66,volunteer,data/keypoints\team_to_serve_left\team_to_serve_left_p08_66.npy,96,train
data/raw_clips\team_to_serve_left\team_to_serve_left_p08_67.mp4,team_to_serve_left,p08,67,volunteer,data/keypoints\team_to_serve_left\team_to_serve_left_p08_67.npy,95,train
data/raw_clips\team_to_serve_left\team_to_serve_left_p08_68.mp4,team_to_serve_left,p08,68,volunteer,data/keypoints\team_to_serve_left\team_to_serve_left_p08_68.npy,101,train
data/raw_clips\team_to_serve_left\team_to_serve_left_p08_69.mp4,team_to_serve_left,p08,69,volunteer,data/keypoints\team_to_serve_left\team_to_serve_left_p08_69.npy,90,train
data/raw_clips\team_to_serve_left\team_to_serve_left_p08_7.mp4,team_to_serve_left,p08,7,volunteer,data/keypoints\team_to_serve_left\team_to_serve_left_p08_7.npy,107,train
data/raw_clips\team_to_serve_left\team_to_serve_left_p08_70.mp4,team_to_serve_left,p08,70,volunteer,data/keypoints\team_to_serve_left\team_to_serve_left_p08_70.npy,91,train
data/raw_clips\team_to_serve_left\team_to_serve_left_p08_71.mp4,team_to_serve_left,p08,71,volunteer,data/keypoints\team_to_serve_left\team_to_serve_left_p08_71.npy,84,train
data/raw_clips\team_to_serve_left\team_to_serve_left_p08_72.mp4,team_to_serve_left,p08,72,volunteer,data/keypoints\team_to_serve_left\team_to_serve_left_p08_72.npy,96,train
data/raw_clips\team_to_serve_left\team_to_serve_left_p08_73.mp4,team_to_serve_left,p08,73,volunteer,data/keypoints\team_to_serve_left\team_to_serve_left_p08_73.npy,83,train
data/raw_clips\team_to_serve_left\team_to_serve_left_p08_74.mp4,team_to_serve_left,p08,74,volunteer,data/keypoints\team_to_serve_left\team_to_serve_left_p08_74.npy,90,train
data/raw_clips\team_to_serve_left\team_to_serve_left_p08_75.mp4,team_to_serve_left,p08,75,volunteer,data/keypoints\team_to_serve_left\team_to_serve_left_p08_75.npy,90,train
data/raw_clips\team_to_serve_left\team_to_serve_left_p08_76.mp4,team_to_serve_left,p08,76,volunteer,data/keypoints\team_to_serve_left\team_to_serve_left_p08_76.npy,112,train
data/raw_clips\team_to_serve_left\team_to_serve_left_p08_77.mp4,team_to_serve_left,p08,77,volunteer,data/keypoints\team_to_serve_left\team_to_serve_left_p08_77.npy,72,train
data/raw_clips\team_to_serve_left\team_to_serve_left_p08_78.mp4,team_to_serve_left,p08,78,volunteer,data/keypoints\team_to_serve_left\team_to_serve_left_p08_78.npy,98,train
data/raw_clips\team_to_serve_left\team_to_serve_left_p08_79.mp4,team_to_serve_left,p08,79,volunteer,data/keypoints\team_to_serve_left\team_to_serve_left_p08_79.npy,88,train
data/raw_clips\team_to_serve_left\team_to_serve_left_p08_8.mp4,team_to_serve_left,p08,8,volunteer,data/keypoints\team_to_serve_left\team_to_serve_left_p08_8.npy,108,train
data/raw_clips\team_to_serve_left\team_to_serve_left_p08_80.mp4,team_to_serve_left,p08,80,volunteer,data/keypoints\team_to_serve_left\team_to_serve_left_p08_80.npy,96,train
data/raw_clips\team_to_serve_left\team_to_serve_left_p08_81.mp4,team_to_serve_left,p08,81,volunteer,data/keypoints\team_to_serve_left\team_to_serve_left_p08_81.npy,99,train
data/raw_clips\team_to_serve_left\team_to_serve_left_p08_82.mp4,team_to_serve_left,p08,82,volunteer,data/keypoints\team_to_serve_left\team_to_serve_left_p08_82.npy,97,train
data/raw_clips\team_to_serve_left\team_to_serve_left_p08_83.mp4,team_to_serve_left,p08,83,volunteer,data/keypoints\team_to_serve_left\team_to_serve_left_p08_83.npy,93,train
data/raw_clips\team_to_serve_left\team_to_serve_left_p08_84.mp4,team_to_serve_left,p08,84,volunteer,data/keypoints\team_to_serve_left\team_to_serve_left_p08_84.npy,96,train
data/raw_clips\team_to_serve_left\team_to_serve_left_p08_85.mp4,team_to_serve_left,p08,85,volunteer,data/keypoints\team_to_serve_left\team_to_serve_left_p08_85.npy,96,train
data/raw_clips\team_to_serve_left\team_to_serve_left_p08_86.mp4,team_to_serve_left,p08,86,volunteer,data/keypoints\team_to_serve_left\team_to_serve_left_p08_86.npy,93,train
data/raw_clips\team_to_serve_left\team_to_serve_left_p08_87.mp4,team_to_serve_left,p08,87,volunteer,data/keypoints\team_to_serve_left\team_to_serve_left_p08_87.npy,111,train
data/raw_clips\team_to_serve_left\team_to_serve_left_p08_88.mp4,team_to_serve_left,p08,88,volunteer,data/keypoints\team_to_serve_left\team_to_serve_left_p08_88.npy,92,train
data/raw_clips\team_to_serve_left\team_to_serve_left_p08_89.mp4,team_to_serve_left,p08,89,volunteer,data/keypoints\team_to_serve_left\team_to_serve_left_p08_89.npy,108,train
data/raw_clips\team_to_serve_left\team_to_serve_left_p08_9.mp4,team_to_serve_left,p08,9,volunteer,data/keypoints\team_to_serve_left\team_to_serve_left_p08_9.npy,100,train
data/raw_clips\team_to_serve_left\team_to_serve_left_p08_90.mp4,team_to_serve_left,p08,90,volunteer,data/keypoints\team_to_serve_left\team_to_serve_left_p08_90.npy,114,train
data/raw_clips\team_to_serve_left\team_to_serve_left_p08_91.mp4,team_to_serve_left,p08,91,volunteer,data/keypoints\team_to_serve_left\team_to_serve_left_p08_91.npy,120,train
data/raw_clips\team_to_serve_left\team_to_serve_left_p08_92.mp4,team_to_serve_left,p08,92,volunteer,data/keypoints\team_to_serve_left\team_to_serve_left_p08_92.npy,111,train
data/raw_clips\team_to_serve_left\team_to_serve_left_p08_93.mp4,team_to_serve_left,p08,93,volunteer,data/keypoints\team_to_serve_left\team_to_serve_left_p08_93.npy,109,train
data/raw_clips\team_to_serve_left\team_to_serve_left_p08_94.mp4,team_to_serve_left,p08,94,volunteer,data/keypoints\team_to_serve_left\team_to_serve_left_p08_94.npy,94,train
data/raw_clips\team_to_serve_left\team_to_serve_left_p08_95.mp4,team_to_serve_left,p08,95,volunteer,data/keypoints\team_to_serve_left\team_to_serve_left_p08_95.npy,102,train
data/raw_clips\team_to_serve_left\team_to_serve_left_p08_96.mp4,team_to_serve_left,p08,96,volunteer,data/keypoints\team_to_serve_left\team_to_serve_left_p08_96.npy,102,train
data/raw_clips\team_to_serve_left\team_to_serve_left_p08_97.mp4,team_to_serve_left,p08,97,volunteer,data/keypoints\team_to_serve_left\team_to_serve_left_p08_97.npy,102,train
data/raw_clips\team_to_serve_left\team_to_serve_left_p09_1.mp4,team_to_serve_left,p09,1,volunteer,data/keypoints\team_to_serve_left\team_to_serve_left_p09_1.npy,114,test
data/raw_clips\team_to_serve_left\team_to_serve_left_p09_10.mp4,team_to_serve_left,p09,10,volunteer,data/keypoints\team_to_serve_left\team_to_serve_left_p09_10.npy,113,test
data/raw_clips\team_to_serve_left\team_to_serve_left_p09_11.mp4,team_to_serve_left,p09,11,volunteer,data/keypoints\team_to_serve_left\team_to_serve_left_p09_11.npy,116,test
data/raw_clips\team_to_serve_left\team_to_serve_left_p09_12.mp4,team_to_serve_left,p09,12,volunteer,data/keypoints\team_to_serve_left\team_to_serve_left_p09_12.npy,111,test
data/raw_clips\team_to_serve_left\team_to_serve_left_p09_13.mp4,team_to_serve_left,p09,13,volunteer,data/keypoints\team_to_serve_left\team_to_serve_left_p09_13.npy,146,test
data/raw_clips\team_to_serve_left\team_to_serve_left_p09_14.mp4,team_to_serve_left,p09,14,volunteer,data/keypoints\team_to_serve_left\team_to_serve_left_p09_14.npy,103,test
data/raw_clips\team_to_serve_left\team_to_serve_left_p09_15.mp4,team_to_serve_left,p09,15,volunteer,data/keypoints\team_to_serve_left\team_to_serve_left_p09_15.npy,114,test
data/raw_clips\team_to_serve_left\team_to_serve_left_p09_16.mp4,team_to_serve_left,p09,16,volunteer,data/keypoints\team_to_serve_left\team_to_serve_left_p09_16.npy,114,test
data/raw_clips\team_to_serve_left\team_to_serve_left_p09_17.mp4,team_to_serve_left,p09,17,volunteer,data/keypoints\team_to_serve_left\team_to_serve_left_p09_17.npy,121,test
data/raw_clips\team_to_serve_left\team_to_serve_left_p09_18.mp4,team_to_serve_left,p09,18,volunteer,data/keypoints\team_to_serve_left\team_to_serve_left_p09_18.npy,120,test
data/raw_clips\team_to_serve_left\team_to_serve_left_p09_19.mp4,team_to_serve_left,p09,19,volunteer,data/keypoints\team_to_serve_left\team_to_serve_left_p09_19.npy,120,test
data/raw_clips\team_to_serve_left\team_to_serve_left_p09_2.mp4,team_to_serve_left,p09,2,volunteer,data/keypoints\team_to_serve_left\team_to_serve_left_p09_2.npy,102,test
data/raw_clips\team_to_serve_left\team_to_serve_left_p09_20.mp4,team_to_serve_left,p09,20,volunteer,data/keypoints\team_to_serve_left\team_to_serve_left_p09_20.npy,120,test
data/raw_clips\team_to_serve_left\team_to_serve_left_p09_21.mp4,team_to_serve_left,p09,21,volunteer,data/keypoints\team_to_serve_left\team_to_serve_left_p09_21.npy,117,test
data/raw_clips\team_to_serve_left\team_to_serve_left_p09_22.mp4,team_to_serve_left,p09,22,volunteer,data/keypoints\team_to_serve_left\team_to_serve_left_p09_22.npy,117,test
data/raw_clips\team_to_serve_left\team_to_serve_left_p09_23.mp4,team_to_serve_left,p09,23,volunteer,data/keypoints\team_to_serve_left\team_to_serve_left_p09_23.npy,135,test
data/raw_clips\team_to_serve_left\team_to_serve_left_p09_24.mp4,team_to_serve_left,p09,24,volunteer,data/keypoints\team_to_serve_left\team_to_serve_left_p09_24.npy,110,test
data/raw_clips\team_to_serve_left\team_to_serve_left_p09_25.mp4,team_to_serve_left,p09,25,volunteer,data/keypoints\team_to_serve_left\team_to_serve_left_p09_25.npy,111,test
data/raw_clips\team_to_serve_left\team_to_serve_left_p09_26.mp4,team_to_serve_left,p09,26,volunteer,data/keypoints\team_to_serve_left\team_to_serve_left_p09_26.npy,126,test
data/raw_clips\team_to_serve_left\team_to_serve_left_p09_27.mp4,team_to_serve_left,p09,27,volunteer,data/keypoints\team_to_serve_left\team_to_serve_left_p09_27.npy,123,test
data/raw_clips\team_to_serve_left\team_to_serve_left_p09_28.mp4,team_to_serve_left,p09,28,volunteer,data/keypoints\team_to_serve_left\team_to_serve_left_p09_28.npy,116,test
data/raw_clips\team_to_serve_left\team_to_serve_left_p09_29.mp4,team_to_serve_left,p09,29,volunteer,data/keypoints\team_to_serve_left\team_to_serve_left_p09_29.npy,117,test
data/raw_clips\team_to_serve_left\team_to_serve_left_p09_3.mp4,team_to_serve_left,p09,3,volunteer,data/keypoints\team_to_serve_left\team_to_serve_left_p09_3.npy,116,test
data/raw_clips\team_to_serve_left\team_to_serve_left_p09_30.mp4,team_to_serve_left,p09,30,volunteer,data/keypoints\team_to_serve_left\team_to_serve_left_p09_30.npy,110,test
data/raw_clips\team_to_serve_left\team_to_serve_left_p09_31.mp4,team_to_serve_left,p09,31,volunteer,data/keypoints\team_to_serve_left\team_to_serve_left_p09_31.npy,104,test
data/raw_clips\team_to_serve_left\team_to_serve_left_p09_32.mp4,team_to_serve_left,p09,32,volunteer,data/keypoints\team_to_serve_left\team_to_serve_left_p09_32.npy,105,test
data/raw_clips\team_to_serve_left\team_to_serve_left_p09_33.mp4,team_to_serve_left,p09,33,volunteer,data/keypoints\team_to_serve_left\team_to_serve_left_p09_33.npy,103,test
data/raw_clips\team_to_serve_left\team_to_serve_left_p09_34.mp4,team_to_serve_left,p09,34,volunteer,data/keypoints\team_to_serve_left\team_to_serve_left_p09_34.npy,124,test
data/raw_clips\team_to_serve_left\team_to_serve_left_p09_35.mp4,team_to_serve_left,p09,35,volunteer,data/keypoints\team_to_serve_left\team_to_serve_left_p09_35.npy,111,test
data/raw_clips\team_to_serve_left\team_to_serve_left_p09_36.mp4,team_to_serve_left,p09,36,volunteer,data/keypoints\team_to_serve_left\team_to_serve_left_p09_36.npy,97,test
data/raw_clips\team_to_serve_left\team_to_serve_left_p09_37.mp4,team_to_serve_left,p09,37,volunteer,data/keypoints\team_to_serve_left\team_to_serve_left_p09_37.npy,86,test
data/raw_clips\team_to_serve_left\team_to_serve_left_p09_38.mp4,team_to_serve_left,p09,38,volunteer,data/keypoints\team_to_serve_left\team_to_serve_left_p09_38.npy,96,test
data/raw_clips\team_to_serve_left\team_to_serve_left_p09_39.mp4,team_to_serve_left,p09,39,volunteer,data/keypoints\team_to_serve_left\team_to_serve_left_p09_39.npy,99,test
data/raw_clips\team_to_serve_left\team_to_serve_left_p09_4.mp4,team_to_serve_left,p09,4,volunteer,data/keypoints\team_to_serve_left\team_to_serve_left_p09_4.npy,111,test
data/raw_clips\team_to_serve_left\team_to_serve_left_p09_40.mp4,team_to_serve_left,p09,40,volunteer,data/keypoints\team_to_serve_left\team_to_serve_left_p09_40.npy,104,test
data/raw_clips\team_to_serve_left\team_to_serve_left_p09_41.mp4,team_to_serve_left,p09,41,volunteer,data/keypoints\team_to_serve_left\team_to_serve_left_p09_41.npy,108,test
data/raw_clips\team_to_serve_left\team_to_serve_left_p09_42.mp4,team_to_serve_left,p09,42,volunteer,data/keypoints\team_to_serve_left\team_to_serve_left_p09_42.npy,101,test
data/raw_clips\team_to_serve_left\team_to_serve_left_p09_43.mp4,team_to_serve_left,p09,43,volunteer,data/keypoints\team_to_serve_left\team_to_serve_left_p09_43.npy,110,test
data/raw_clips\team_to_serve_left\team_to_serve_left_p09_44.mp4,team_to_serve_left,p09,44,volunteer,data/keypoints\team_to_serve_left\team_to_serve_left_p09_44.npy,105,test
data/raw_clips\team_to_serve_left\team_to_serve_left_p09_45.mp4,team_to_serve_left,p09,45,volunteer,data/keypoints\team_to_serve_left\team_to_serve_left_p09_45.npy,129,test
data/raw_clips\team_to_serve_left\team_to_serve_left_p09_46.mp4,team_to_serve_left,p09,46,volunteer,data/keypoints\team_to_serve_left\team_to_serve_left_p09_46.npy,99,test
data/raw_clips\team_to_serve_left\team_to_serve_left_p09_47.mp4,team_to_serve_left,p09,47,volunteer,data/keypoints\team_to_serve_left\team_to_serve_left_p09_47.npy,112,test
data/raw_clips\team_to_serve_left\team_to_serve_left_p09_49.mp4,team_to_serve_left,p09,49,volunteer,data/keypoints\team_to_serve_left\team_to_serve_left_p09_49.npy,108,test
data/raw_clips\team_to_serve_left\team_to_serve_left_p09_5.mp4,team_to_serve_left,p09,5,volunteer,data/keypoints\team_to_serve_left\team_to_serve_left_p09_5.npy,120,test
data/raw_clips\team_to_serve_left\team_to_serve_left_p09_50.mp4,team_to_serve_left,p09,50,volunteer,data/keypoints\team_to_serve_left\team_to_serve_left_p09_50.npy,114,test
data/raw_clips\team_to_serve_left\team_to_serve_left_p09_51.mp4,team_to_serve_left,p09,51,volunteer,data/keypoints\team_to_serve_left\team_to_serve_left_p09_51.npy,94,test
data/raw_clips\team_to_serve_left\team_to_serve_left_p09_52.mp4,team_to_serve_left,p09,52,volunteer,data/keypoints\team_to_serve_left\team_to_serve_left_p09_52.npy,106,test
data/raw_clips\team_to_serve_left\team_to_serve_left_p09_53.mp4,team_to_serve_left,p09,53,volunteer,data/keypoints\team_to_serve_left\team_to_serve_left_p09_53.npy,102,test
data/raw_clips\team_to_serve_left\team_to_serve_left_p09_54.mp4,team_to_serve_left,p09,54,volunteer,data/keypoints\team_to_serve_left\team_to_serve_left_p09_54.npy,99,test
data/raw_clips\team_to_serve_left\team_to_serve_left_p09_55.mp4,team_to_serve_left,p09,55,volunteer,data/keypoints\team_to_serve_left\team_to_serve_left_p09_55.npy,133,test
data/raw_clips\team_to_serve_left\team_to_serve_left_p09_56.mp4,team_to_serve_left,p09,56,volunteer,data/keypoints\team_to_serve_left\team_to_serve_left_p09_56.npy,110,test
data/raw_clips\team_to_serve_left\team_to_serve_left_p09_57.mp4,team_to_serve_left,p09,57,volunteer,data/keypoints\team_to_serve_left\team_to_serve_left_p09_57.npy,100,test
data/raw_clips\team_to_serve_left\team_to_serve_left_p09_58.mp4,team_to_serve_left,p09,58,volunteer,data/keypoints\team_to_serve_left\team_to_serve_left_p09_58.npy,108,test
data/raw_clips\team_to_serve_left\team_to_serve_left_p09_59.mp4,team_to_serve_left,p09,59,volunteer,data/keypoints\team_to_serve_left\team_to_serve_left_p09_59.npy,106,test
data/raw_clips\team_to_serve_left\team_to_serve_left_p09_60.mp4,team_to_serve_left,p09,60,volunteer,data/keypoints\team_to_serve_left\team_to_serve_left_p09_60.npy,96,test
data/raw_clips\team_to_serve_left\team_to_serve_left_p09_61.mp4,team_to_serve_left,p09,61,volunteer,data/keypoints\team_to_serve_left\team_to_serve_left_p09_61.npy,100,test
data/raw_clips\team_to_serve_left\team_to_serve_left_p09_62.mp4,team_to_serve_left,p09,62,volunteer,data/keypoints\team_to_serve_left\team_to_serve_left_p09_62.npy,93,test
data/raw_clips\team_to_serve_left\team_to_serve_left_p09_63.mp4,team_to_serve_left,p09,63,volunteer,data/keypoints\team_to_serve_left\team_to_serve_left_p09_63.npy,97,test
data/raw_clips\team_to_serve_left\team_to_serve_left_p09_64.mp4,team_to_serve_left,p09,64,volunteer,data/keypoints\team_to_serve_left\team_to_serve_left_p09_64.npy,108,test
data/raw_clips\team_to_serve_left\team_to_serve_left_p09_65.mp4,team_to_serve_left,p09,65,volunteer,data/keypoints\team_to_serve_left\team_to_serve_left_p09_65.npy,106,test
data/raw_clips\team_to_serve_left\team_to_serve_left_p09_66.mp4,team_to_serve_left,p09,66,volunteer,data/keypoints\team_to_serve_left\team_to_serve_left_p09_66.npy,117,test
data/raw_clips\team_to_serve_left\team_to_serve_left_p09_67.mp4,team_to_serve_left,p09,67,volunteer,data/keypoints\team_to_serve_left\team_to_serve_left_p09_67.npy,106,test
data/raw_clips\team_to_serve_left\team_to_serve_left_p09_68.mp4,team_to_serve_left,p09,68,volunteer,data/keypoints\team_to_serve_left\team_to_serve_left_p09_68.npy,107,test
data/raw_clips\team_to_serve_left\team_to_serve_left_p09_69.mp4,team_to_serve_left,p09,69,volunteer,data/keypoints\team_to_serve_left\team_to_serve_left_p09_69.npy,113,test
data/raw_clips\team_to_serve_left\team_to_serve_left_p09_7.mp4,team_to_serve_left,p09,7,volunteer,data/keypoints\team_to_serve_left\team_to_serve_left_p09_7.npy,127,test
data/raw_clips\team_to_serve_left\team_to_serve_left_p09_70.mp4,team_to_serve_left,p09,70,volunteer,data/keypoints\team_to_serve_left\team_to_serve_left_p09_70.npy,107,test
data/raw_clips\team_to_serve_left\team_to_serve_left_p09_71.mp4,team_to_serve_left,p09,71,volunteer,data/keypoints\team_to_serve_left\team_to_serve_left_p09_71.npy,101,test
data/raw_clips\team_to_serve_left\team_to_serve_left_p09_72.mp4,team_to_serve_left,p09,72,volunteer,data/keypoints\team_to_serve_left\team_to_serve_left_p09_72.npy,101,test
data/raw_clips\team_to_serve_left\team_to_serve_left_p09_73.mp4,team_to_serve_left,p09,73,volunteer,data/keypoints\team_to_serve_left\team_to_serve_left_p09_73.npy,110,test
data/raw_clips\team_to_serve_left\team_to_serve_left_p09_74.mp4,team_to_serve_left,p09,74,volunteer,data/keypoints\team_to_serve_left\team_to_serve_left_p09_74.npy,99,test
data/raw_clips\team_to_serve_left\team_to_serve_left_p09_75.mp4,team_to_serve_left,p09,75,volunteer,data/keypoints\team_to_serve_left\team_to_serve_left_p09_75.npy,102,test
data/raw_clips\team_to_serve_left\team_to_serve_left_p09_76.mp4,team_to_serve_left,p09,76,volunteer,data/keypoints\team_to_serve_left\team_to_serve_left_p09_76.npy,98,test
data/raw_clips\team_to_serve_left\team_to_serve_left_p09_77.mp4,team_to_serve_left,p09,77,volunteer,data/keypoints\team_to_serve_left\team_to_serve_left_p09_77.npy,144,test
data/raw_clips\team_to_serve_left\team_to_serve_left_p09_78.mp4,team_to_serve_left,p09,78,volunteer,data/keypoints\team_to_serve_left\team_to_serve_left_p09_78.npy,101,test
data/raw_clips\team_to_serve_left\team_to_serve_left_p09_79.mp4,team_to_serve_left,p09,79,volunteer,data/keypoints\team_to_serve_left\team_to_serve_left_p09_79.npy,105,test
data/raw_clips\team_to_serve_left\team_to_serve_left_p09_8.mp4,team_to_serve_left,p09,8,volunteer,data/keypoints\team_to_serve_left\team_to_serve_left_p09_8.npy,114,test
data/raw_clips\team_to_serve_left\team_to_serve_left_p09_80.mp4,team_to_serve_left,p09,80,volunteer,data/keypoints\team_to_serve_left\team_to_serve_left_p09_80.npy,105,test
data/raw_clips\team_to_serve_left\team_to_serve_left_p09_81.mp4,team_to_serve_left,p09,81,volunteer,data/keypoints\team_to_serve_left\team_to_serve_left_p09_81.npy,110,test
data/raw_clips\team_to_serve_left\team_to_serve_left_p09_82.mp4,team_to_serve_left,p09,82,volunteer,data/keypoints\team_to_serve_left\team_to_serve_left_p09_82.npy,110,test
data/raw_clips\team_to_serve_left\team_to_serve_left_p09_83.mp4,team_to_serve_left,p09,83,volunteer,data/keypoints\team_to_serve_left\team_to_serve_left_p09_83.npy,118,test
data/raw_clips\team_to_serve_left\team_to_serve_left_p09_84.mp4,team_to_serve_left,p09,84,volunteer,data/keypoints\team_to_serve_left\team_to_serve_left_p09_84.npy,123,test
data/raw_clips\team_to_serve_left\team_to_serve_left_p09_85.mp4,team_to_serve_left,p09,85,volunteer,data/keypoints\team_to_serve_left\team_to_serve_left_p09_85.npy,116,test
data/raw_clips\team_to_serve_left\team_to_serve_left_p09_86.mp4,team_to_serve_left,p09,86,volunteer,data/keypoints\team_to_serve_left\team_to_serve_left_p09_86.npy,117,test
data/raw_clips\team_to_serve_left\team_to_serve_left_p09_87.mp4,team_to_serve_left,p09,87,volunteer,data/keypoints\team_to_serve_left\team_to_serve_left_p09_87.npy,114,test
data/raw_clips\team_to_serve_left\team_to_serve_left_p09_88.mp4,team_to_serve_left,p09,88,volunteer,data/keypoints\team_to_serve_left\team_to_serve_left_p09_88.npy,135,test
data/raw_clips\team_to_serve_left\team_to_serve_left_p09_89.mp4,team_to_serve_left,p09,89,volunteer,data/keypoints\team_to_serve_left\team_to_serve_left_p09_89.npy,108,test
data/raw_clips\team_to_serve_left\team_to_serve_left_p09_9.mp4,team_to_serve_left,p09,9,volunteer,data/keypoints\team_to_serve_left\team_to_serve_left_p09_9.npy,111,test
data/raw_clips\team_to_serve_left\team_to_serve_left_p09_90.mp4,team_to_serve_left,p09,90,volunteer,data/keypoints\team_to_serve_left\team_to_serve_left_p09_90.npy,109,test
data/raw_clips\team_to_serve_left\team_to_serve_left_p09_91.mp4,team_to_serve_left,p09,91,volunteer,data/keypoints\team_to_serve_left\team_to_serve_left_p09_91.npy,112,test
data/raw_clips\team_to_serve_left\team_to_serve_left_p09_92.mp4,team_to_serve_left,p09,92,volunteer,data/keypoints\team_to_serve_left\team_to_serve_left_p09_92.npy,105,test
data/raw_clips\team_to_serve_left\team_to_serve_left_p09_94.mp4,team_to_serve_left,p09,94,volunteer,data/keypoints\team_to_serve_left\team_to_serve_left_p09_94.npy,103,test
data/raw_clips\team_to_serve_left\team_to_serve_left_p09_95.mp4,team_to_serve_left,p09,95,volunteer,data/keypoints\team_to_serve_left\team_to_serve_left_p09_95.npy,102,test
data/raw_clips\team_to_serve_left\team_to_serve_left_p09_96.mp4,team_to_serve_left,p09,96,volunteer,data/keypoints\team_to_serve_left\team_to_serve_left_p09_96.npy,108,test
data/raw_clips\team_to_serve_right\team_to_serve_right_p01_1.mov,team_to_serve_right,p01,1,volunteer,data/keypoints\team_to_serve_right\team_to_serve_right_p01_1.npy,69,test
data/raw_clips\team_to_serve_right\team_to_serve_right_p01_10.mov,team_to_serve_right,p01,10,volunteer,data/keypoints\team_to_serve_right\team_to_serve_right_p01_10.npy,73,test
data/raw_clips\team_to_serve_right\team_to_serve_right_p01_100.mov,team_to_serve_right,p01,100,volunteer,data/keypoints\team_to_serve_right\team_to_serve_right_p01_100.npy,75,test
data/raw_clips\team_to_serve_right\team_to_serve_right_p01_101.mov,team_to_serve_right,p01,101,volunteer,data/keypoints\team_to_serve_right\team_to_serve_right_p01_101.npy,70,test
data/raw_clips\team_to_serve_right\team_to_serve_right_p01_102.mov,team_to_serve_right,p01,102,volunteer,data/keypoints\team_to_serve_right\team_to_serve_right_p01_102.npy,117,test
data/raw_clips\team_to_serve_right\team_to_serve_right_p01_103.mov,team_to_serve_right,p01,103,volunteer,data/keypoints\team_to_serve_right\team_to_serve_right_p01_103.npy,78,test
data/raw_clips\team_to_serve_right\team_to_serve_right_p01_104.mov,team_to_serve_right,p01,104,volunteer,data/keypoints\team_to_serve_right\team_to_serve_right_p01_104.npy,76,test
data/raw_clips\team_to_serve_right\team_to_serve_right_p01_105.mov,team_to_serve_right,p01,105,volunteer,data/keypoints\team_to_serve_right\team_to_serve_right_p01_105.npy,74,test
data/raw_clips\team_to_serve_right\team_to_serve_right_p01_106.mov,team_to_serve_right,p01,106,volunteer,data/keypoints\team_to_serve_right\team_to_serve_right_p01_106.npy,68,test
data/raw_clips\team_to_serve_right\team_to_serve_right_p01_107.mov,team_to_serve_right,p01,107,volunteer,data/keypoints\team_to_serve_right\team_to_serve_right_p01_107.npy,62,test
data/raw_clips\team_to_serve_right\team_to_serve_right_p01_108.mov,team_to_serve_right,p01,108,volunteer,data/keypoints\team_to_serve_right\team_to_serve_right_p01_108.npy,66,test
data/raw_clips\team_to_serve_right\team_to_serve_right_p01_109.mov,team_to_serve_right,p01,109,volunteer,data/keypoints\team_to_serve_right\team_to_serve_right_p01_109.npy,101,test
data/raw_clips\team_to_serve_right\team_to_serve_right_p01_11.mov,team_to_serve_right,p01,11,volunteer,data/keypoints\team_to_serve_right\team_to_serve_right_p01_11.npy,75,test
data/raw_clips\team_to_serve_right\team_to_serve_right_p01_110.mov,team_to_serve_right,p01,110,volunteer,data/keypoints\team_to_serve_right\team_to_serve_right_p01_110.npy,73,test
data/raw_clips\team_to_serve_right\team_to_serve_right_p01_111.mov,team_to_serve_right,p01,111,volunteer,data/keypoints\team_to_serve_right\team_to_serve_right_p01_111.npy,76,test
data/raw_clips\team_to_serve_right\team_to_serve_right_p01_112.mov,team_to_serve_right,p01,112,volunteer,data/keypoints\team_to_serve_right\team_to_serve_right_p01_112.npy,90,test
data/raw_clips\team_to_serve_right\team_to_serve_right_p01_113.mov,team_to_serve_right,p01,113,volunteer,data/keypoints\team_to_serve_right\team_to_serve_right_p01_113.npy,87,test
data/raw_clips\team_to_serve_right\team_to_serve_right_p01_114.mov,team_to_serve_right,p01,114,volunteer,data/keypoints\team_to_serve_right\team_to_serve_right_p01_114.npy,76,test
data/raw_clips\team_to_serve_right\team_to_serve_right_p01_115.mov,team_to_serve_right,p01,115,volunteer,data/keypoints\team_to_serve_right\team_to_serve_right_p01_115.npy,67,test
data/raw_clips\team_to_serve_right\team_to_serve_right_p01_116.mov,team_to_serve_right,p01,116,volunteer,data/keypoints\team_to_serve_right\team_to_serve_right_p01_116.npy,70,test
data/raw_clips\team_to_serve_right\team_to_serve_right_p01_117.mov,team_to_serve_right,p01,117,volunteer,data/keypoints\team_to_serve_right\team_to_serve_right_p01_117.npy,68,test
data/raw_clips\team_to_serve_right\team_to_serve_right_p01_118.mov,team_to_serve_right,p01,118,volunteer,data/keypoints\team_to_serve_right\team_to_serve_right_p01_118.npy,70,test
data/raw_clips\team_to_serve_right\team_to_serve_right_p01_119.mov,team_to_serve_right,p01,119,volunteer,data/keypoints\team_to_serve_right\team_to_serve_right_p01_119.npy,69,test
data/raw_clips\team_to_serve_right\team_to_serve_right_p01_12.mov,team_to_serve_right,p01,12,volunteer,data/keypoints\team_to_serve_right\team_to_serve_right_p01_12.npy,72,test
data/raw_clips\team_to_serve_right\team_to_serve_right_p01_120.mov,team_to_serve_right,p01,120,volunteer,data/keypoints\team_to_serve_right\team_to_serve_right_p01_120.npy,61,test
data/raw_clips\team_to_serve_right\team_to_serve_right_p01_13.mov,team_to_serve_right,p01,13,volunteer,data/keypoints\team_to_serve_right\team_to_serve_right_p01_13.npy,75,test
data/raw_clips\team_to_serve_right\team_to_serve_right_p01_14.mov,team_to_serve_right,p01,14,volunteer,data/keypoints\team_to_serve_right\team_to_serve_right_p01_14.npy,74,test
data/raw_clips\team_to_serve_right\team_to_serve_right_p01_15.mov,team_to_serve_right,p01,15,volunteer,data/keypoints\team_to_serve_right\team_to_serve_right_p01_15.npy,75,test
data/raw_clips\team_to_serve_right\team_to_serve_right_p01_16.mov,team_to_serve_right,p01,16,volunteer,data/keypoints\team_to_serve_right\team_to_serve_right_p01_16.npy,62,test
data/raw_clips\team_to_serve_right\team_to_serve_right_p01_17.mov,team_to_serve_right,p01,17,volunteer,data/keypoints\team_to_serve_right\team_to_serve_right_p01_17.npy,64,test
data/raw_clips\team_to_serve_right\team_to_serve_right_p01_18.mov,team_to_serve_right,p01,18,volunteer,data/keypoints\team_to_serve_right\team_to_serve_right_p01_18.npy,74,test
data/raw_clips\team_to_serve_right\team_to_serve_right_p01_19.mov,team_to_serve_right,p01,19,volunteer,data/keypoints\team_to_serve_right\team_to_serve_right_p01_19.npy,74,test
data/raw_clips\team_to_serve_right\team_to_serve_right_p01_2.mov,team_to_serve_right,p01,2,volunteer,data/keypoints\team_to_serve_right\team_to_serve_right_p01_2.npy,66,test
data/raw_clips\team_to_serve_right\team_to_serve_right_p01_20.mov,team_to_serve_right,p01,20,volunteer,data/keypoints\team_to_serve_right\team_to_serve_right_p01_20.npy,76,test
data/raw_clips\team_to_serve_right\team_to_serve_right_p01_21.mov,team_to_serve_right,p01,21,volunteer,data/keypoints\team_to_serve_right\team_to_serve_right_p01_21.npy,69,test
data/raw_clips\team_to_serve_right\team_to_serve_right_p01_22.mov,team_to_serve_right,p01,22,volunteer,data/keypoints\team_to_serve_right\team_to_serve_right_p01_22.npy,95,test
data/raw_clips\team_to_serve_right\team_to_serve_right_p01_23.mov,team_to_serve_right,p01,23,volunteer,data/keypoints\team_to_serve_right\team_to_serve_right_p01_23.npy,85,test
data/raw_clips\team_to_serve_right\team_to_serve_right_p01_24.mov,team_to_serve_right,p01,24,volunteer,data/keypoints\team_to_serve_right\team_to_serve_right_p01_24.npy,78,test
data/raw_clips\team_to_serve_right\team_to_serve_right_p01_25.mov,team_to_serve_right,p01,25,volunteer,data/keypoints\team_to_serve_right\team_to_serve_right_p01_25.npy,65,test
data/raw_clips\team_to_serve_right\team_to_serve_right_p01_26.mov,team_to_serve_right,p01,26,volunteer,data/keypoints\team_to_serve_right\team_to_serve_right_p01_26.npy,69,test
data/raw_clips\team_to_serve_right\team_to_serve_right_p01_27.mov,team_to_serve_right,p01,27,volunteer,data/keypoints\team_to_serve_right\team_to_serve_right_p01_27.npy,71,test
data/raw_clips\team_to_serve_right\team_to_serve_right_p01_28.mov,team_to_serve_right,p01,28,volunteer,data/keypoints\team_to_serve_right\team_to_serve_right_p01_28.npy,73,test
data/raw_clips\team_to_serve_right\team_to_serve_right_p01_29.mov,team_to_serve_right,p01,29,volunteer,data/keypoints\team_to_serve_right\team_to_serve_right_p01_29.npy,79,test
data/raw_clips\team_to_serve_right\team_to_serve_right_p01_3.mov,team_to_serve_right,p01,3,volunteer,data/keypoints\team_to_serve_right\team_to_serve_right_p01_3.npy,70,test
data/raw_clips\team_to_serve_right\team_to_serve_right_p01_30.mov,team_to_serve_right,p01,30,volunteer,data/keypoints\team_to_serve_right\team_to_serve_right_p01_30.npy,66,test
data/raw_clips\team_to_serve_right\team_to_serve_right_p01_31.mov,team_to_serve_right,p01,31,volunteer,data/keypoints\team_to_serve_right\team_to_serve_right_p01_31.npy,70,test
data/raw_clips\team_to_serve_right\team_to_serve_right_p01_32.mov,team_to_serve_right,p01,32,volunteer,data/keypoints\team_to_serve_right\team_to_serve_right_p01_32.npy,62,test
data/raw_clips\team_to_serve_right\team_to_serve_right_p01_33.mov,team_to_serve_right,p01,33,volunteer,data/keypoints\team_to_serve_right\team_to_serve_right_p01_33.npy,64,test
data/raw_clips\team_to_serve_right\team_to_serve_right_p01_34.mov,team_to_serve_right,p01,34,volunteer,data/keypoints\team_to_serve_right\team_to_serve_right_p01_34.npy,72,test
data/raw_clips\team_to_serve_right\team_to_serve_right_p01_35.mov,team_to_serve_right,p01,35,volunteer,data/keypoints\team_to_serve_right\team_to_serve_right_p01_35.npy,70,test
data/raw_clips\team_to_serve_right\team_to_serve_right_p01_36.mov,team_to_serve_right,p01,36,volunteer,data/keypoints\team_to_serve_right\team_to_serve_right_p01_36.npy,65,test
data/raw_clips\team_to_serve_right\team_to_serve_right_p01_37.mov,team_to_serve_right,p01,37,volunteer,data/keypoints\team_to_serve_right\team_to_serve_right_p01_37.npy,67,test
data/raw_clips\team_to_serve_right\team_to_serve_right_p01_38.mov,team_to_serve_right,p01,38,volunteer,data/keypoints\team_to_serve_right\team_to_serve_right_p01_38.npy,68,test
data/raw_clips\team_to_serve_right\team_to_serve_right_p01_39.mov,team_to_serve_right,p01,39,volunteer,data/keypoints\team_to_serve_right\team_to_serve_right_p01_39.npy,76,test
data/raw_clips\team_to_serve_right\team_to_serve_right_p01_4.mov,team_to_serve_right,p01,4,volunteer,data/keypoints\team_to_serve_right\team_to_serve_right_p01_4.npy,79,test
data/raw_clips\team_to_serve_right\team_to_serve_right_p01_40.mov,team_to_serve_right,p01,40,volunteer,data/keypoints\team_to_serve_right\team_to_serve_right_p01_40.npy,71,test
data/raw_clips\team_to_serve_right\team_to_serve_right_p01_41.mov,team_to_serve_right,p01,41,volunteer,data/keypoints\team_to_serve_right\team_to_serve_right_p01_41.npy,79,test
data/raw_clips\team_to_serve_right\team_to_serve_right_p01_42.mov,team_to_serve_right,p01,42,volunteer,data/keypoints\team_to_serve_right\team_to_serve_right_p01_42.npy,70,test
data/raw_clips\team_to_serve_right\team_to_serve_right_p01_43.mov,team_to_serve_right,p01,43,volunteer,data/keypoints\team_to_serve_right\team_to_serve_right_p01_43.npy,72,test
data/raw_clips\team_to_serve_right\team_to_serve_right_p01_44.mov,team_to_serve_right,p01,44,volunteer,data/keypoints\team_to_serve_right\team_to_serve_right_p01_44.npy,69,test
data/raw_clips\team_to_serve_right\team_to_serve_right_p01_45.mov,team_to_serve_right,p01,45,volunteer,data/keypoints\team_to_serve_right\team_to_serve_right_p01_45.npy,75,test
data/raw_clips\team_to_serve_right\team_to_serve_right_p01_46.mov,team_to_serve_right,p01,46,volunteer,data/keypoints\team_to_serve_right\team_to_serve_right_p01_46.npy,73,test
data/raw_clips\team_to_serve_right\team_to_serve_right_p01_47.mov,team_to_serve_right,p01,47,volunteer,data/keypoints\team_to_serve_right\team_to_serve_right_p01_47.npy,71,test
data/raw_clips\team_to_serve_right\team_to_serve_right_p01_48.mov,team_to_serve_right,p01,48,volunteer,data/keypoints\team_to_serve_right\team_to_serve_right_p01_48.npy,78,test
data/raw_clips\team_to_serve_right\team_to_serve_right_p01_49.mov,team_to_serve_right,p01,49,volunteer,data/keypoints\team_to_serve_right\team_to_serve_right_p01_49.npy,83,test
data/raw_clips\team_to_serve_right\team_to_serve_right_p01_5.mov,team_to_serve_right,p01,5,volunteer,data/keypoints\team_to_serve_right\team_to_serve_right_p01_5.npy,83,test
data/raw_clips\team_to_serve_right\team_to_serve_right_p01_50.mov,team_to_serve_right,p01,50,volunteer,data/keypoints\team_to_serve_right\team_to_serve_right_p01_50.npy,86,test
data/raw_clips\team_to_serve_right\team_to_serve_right_p01_51.mov,team_to_serve_right,p01,51,volunteer,data/keypoints\team_to_serve_right\team_to_serve_right_p01_51.npy,84,test
data/raw_clips\team_to_serve_right\team_to_serve_right_p01_52.mov,team_to_serve_right,p01,52,volunteer,data/keypoints\team_to_serve_right\team_to_serve_right_p01_52.npy,88,test
data/raw_clips\team_to_serve_right\team_to_serve_right_p01_53.mov,team_to_serve_right,p01,53,volunteer,data/keypoints\team_to_serve_right\team_to_serve_right_p01_53.npy,80,test
data/raw_clips\team_to_serve_right\team_to_serve_right_p01_54.mov,team_to_serve_right,p01,54,volunteer,data/keypoints\team_to_serve_right\team_to_serve_right_p01_54.npy,74,test
data/raw_clips\team_to_serve_right\team_to_serve_right_p01_55.mov,team_to_serve_right,p01,55,volunteer,data/keypoints\team_to_serve_right\team_to_serve_right_p01_55.npy,77,test
data/raw_clips\team_to_serve_right\team_to_serve_right_p01_56.mov,team_to_serve_right,p01,56,volunteer,data/keypoints\team_to_serve_right\team_to_serve_right_p01_56.npy,76,test
data/raw_clips\team_to_serve_right\team_to_serve_right_p01_57.mov,team_to_serve_right,p01,57,volunteer,data/keypoints\team_to_serve_right\team_to_serve_right_p01_57.npy,66,test
data/raw_clips\team_to_serve_right\team_to_serve_right_p01_58.mov,team_to_serve_right,p01,58,volunteer,data/keypoints\team_to_serve_right\team_to_serve_right_p01_58.npy,64,test
data/raw_clips\team_to_serve_right\team_to_serve_right_p01_59.mov,team_to_serve_right,p01,59,volunteer,data/keypoints\team_to_serve_right\team_to_serve_right_p01_59.npy,77,test
data/raw_clips\team_to_serve_right\team_to_serve_right_p01_6.mov,team_to_serve_right,p01,6,volunteer,data/keypoints\team_to_serve_right\team_to_serve_right_p01_6.npy,89,test
data/raw_clips\team_to_serve_right\team_to_serve_right_p01_60.mov,team_to_serve_right,p01,60,volunteer,data/keypoints\team_to_serve_right\team_to_serve_right_p01_60.npy,71,test
data/raw_clips\team_to_serve_right\team_to_serve_right_p01_61.mov,team_to_serve_right,p01,61,volunteer,data/keypoints\team_to_serve_right\team_to_serve_right_p01_61.npy,61,test
data/raw_clips\team_to_serve_right\team_to_serve_right_p01_62.mov,team_to_serve_right,p01,62,volunteer,data/keypoints\team_to_serve_right\team_to_serve_right_p01_62.npy,66,test
data/raw_clips\team_to_serve_right\team_to_serve_right_p01_63.mov,team_to_serve_right,p01,63,volunteer,data/keypoints\team_to_serve_right\team_to_serve_right_p01_63.npy,64,test
data/raw_clips\team_to_serve_right\team_to_serve_right_p01_64.mov,team_to_serve_right,p01,64,volunteer,data/keypoints\team_to_serve_right\team_to_serve_right_p01_64.npy,71,test
data/raw_clips\team_to_serve_right\team_to_serve_right_p01_65.mov,team_to_serve_right,p01,65,volunteer,data/keypoints\team_to_serve_right\team_to_serve_right_p01_65.npy,76,test
data/raw_clips\team_to_serve_right\team_to_serve_right_p01_66.mov,team_to_serve_right,p01,66,volunteer,data/keypoints\team_to_serve_right\team_to_serve_right_p01_66.npy,75,test
data/raw_clips\team_to_serve_right\team_to_serve_right_p01_67.mov,team_to_serve_right,p01,67,volunteer,data/keypoints\team_to_serve_right\team_to_serve_right_p01_67.npy,78,test
data/raw_clips\team_to_serve_right\team_to_serve_right_p01_68.mov,team_to_serve_right,p01,68,volunteer,data/keypoints\team_to_serve_right\team_to_serve_right_p01_68.npy,75,test
data/raw_clips\team_to_serve_right\team_to_serve_right_p01_69.mov,team_to_serve_right,p01,69,volunteer,data/keypoints\team_to_serve_right\team_to_serve_right_p01_69.npy,75,test
data/raw_clips\team_to_serve_right\team_to_serve_right_p01_7.mov,team_to_serve_right,p01,7,volunteer,data/keypoints\team_to_serve_right\team_to_serve_right_p01_7.npy,83,test
data/raw_clips\team_to_serve_right\team_to_serve_right_p01_70.mov,team_to_serve_right,p01,70,volunteer,data/keypoints\team_to_serve_right\team_to_serve_right_p01_70.npy,72,test
data/raw_clips\team_to_serve_right\team_to_serve_right_p01_71.mov,team_to_serve_right,p01,71,volunteer,data/keypoints\team_to_serve_right\team_to_serve_right_p01_71.npy,75,test
data/raw_clips\team_to_serve_right\team_to_serve_right_p01_72.mov,team_to_serve_right,p01,72,volunteer,data/keypoints\team_to_serve_right\team_to_serve_right_p01_72.npy,70,test
data/raw_clips\team_to_serve_right\team_to_serve_right_p01_73.mov,team_to_serve_right,p01,73,volunteer,data/keypoints\team_to_serve_right\team_to_serve_right_p01_73.npy,69,test
data/raw_clips\team_to_serve_right\team_to_serve_right_p01_74.mov,team_to_serve_right,p01,74,volunteer,data/keypoints\team_to_serve_right\team_to_serve_right_p01_74.npy,83,test
data/raw_clips\team_to_serve_right\team_to_serve_right_p01_75.mov,team_to_serve_right,p01,75,volunteer,data/keypoints\team_to_serve_right\team_to_serve_right_p01_75.npy,68,test
data/raw_clips\team_to_serve_right\team_to_serve_right_p01_76.mov,team_to_serve_right,p01,76,volunteer,data/keypoints\team_to_serve_right\team_to_serve_right_p01_76.npy,74,test
data/raw_clips\team_to_serve_right\team_to_serve_right_p01_77.mov,team_to_serve_right,p01,77,volunteer,data/keypoints\team_to_serve_right\team_to_serve_right_p01_77.npy,3584,test
data/raw_clips\team_to_serve_right\team_to_serve_right_p01_78.mov,team_to_serve_right,p01,78,volunteer,data/keypoints\team_to_serve_right\team_to_serve_right_p01_78.npy,79,test
data/raw_clips\team_to_serve_right\team_to_serve_right_p01_79.mov,team_to_serve_right,p01,79,volunteer,data/keypoints\team_to_serve_right\team_to_serve_right_p01_79.npy,82,test
data/raw_clips\team_to_serve_right\team_to_serve_right_p01_8.mov,team_to_serve_right,p01,8,volunteer,data/keypoints\team_to_serve_right\team_to_serve_right_p01_8.npy,74,test
data/raw_clips\team_to_serve_right\team_to_serve_right_p01_80.mov,team_to_serve_right,p01,80,volunteer,data/keypoints\team_to_serve_right\team_to_serve_right_p01_80.npy,77,test
data/raw_clips\team_to_serve_right\team_to_serve_right_p01_81.mov,team_to_serve_right,p01,81,volunteer,data/keypoints\team_to_serve_right\team_to_serve_right_p01_81.npy,76,test
data/raw_clips\team_to_serve_right\team_to_serve_right_p01_82.mov,team_to_serve_right,p01,82,volunteer,data/keypoints\team_to_serve_right\team_to_serve_right_p01_82.npy,85,test
data/raw_clips\team_to_serve_right\team_to_serve_right_p01_83.mov,team_to_serve_right,p01,83,volunteer,data/keypoints\team_to_serve_right\team_to_serve_right_p01_83.npy,76,test
data/raw_clips\team_to_serve_right\team_to_serve_right_p01_84.mov,team_to_serve_right,p01,84,volunteer,data/keypoints\team_to_serve_right\team_to_serve_right_p01_84.npy,80,test
data/raw_clips\team_to_serve_right\team_to_serve_right_p01_85.mov,team_to_serve_right,p01,85,volunteer,data/keypoints\team_to_serve_right\team_to_serve_right_p01_85.npy,69,test
data/raw_clips\team_to_serve_right\team_to_serve_right_p01_86.mov,team_to_serve_right,p01,86,volunteer,data/keypoints\team_to_serve_right\team_to_serve_right_p01_86.npy,68,test
data/raw_clips\team_to_serve_right\team_to_serve_right_p01_87.mov,team_to_serve_right,p01,87,volunteer,data/keypoints\team_to_serve_right\team_to_serve_right_p01_87.npy,63,test
data/raw_clips\team_to_serve_right\team_to_serve_right_p01_88.mov,team_to_serve_right,p01,88,volunteer,data/keypoints\team_to_serve_right\team_to_serve_right_p01_88.npy,66,test
data/raw_clips\team_to_serve_right\team_to_serve_right_p01_89.mov,team_to_serve_right,p01,89,volunteer,data/keypoints\team_to_serve_right\team_to_serve_right_p01_89.npy,69,test
data/raw_clips\team_to_serve_right\team_to_serve_right_p01_9.mov,team_to_serve_right,p01,9,volunteer,data/keypoints\team_to_serve_right\team_to_serve_right_p01_9.npy,78,test
data/raw_clips\team_to_serve_right\team_to_serve_right_p01_90.mov,team_to_serve_right,p01,90,volunteer,data/keypoints\team_to_serve_right\team_to_serve_right_p01_90.npy,70,test
data/raw_clips\team_to_serve_right\team_to_serve_right_p01_91.mov,team_to_serve_right,p01,91,volunteer,data/keypoints\team_to_serve_right\team_to_serve_right_p01_91.npy,69,test
data/raw_clips\team_to_serve_right\team_to_serve_right_p01_92.mov,team_to_serve_right,p01,92,volunteer,data/keypoints\team_to_serve_right\team_to_serve_right_p01_92.npy,64,test
data/raw_clips\team_to_serve_right\team_to_serve_right_p01_93.mov,team_to_serve_right,p01,93,volunteer,data/keypoints\team_to_serve_right\team_to_serve_right_p01_93.npy,63,test
data/raw_clips\team_to_serve_right\team_to_serve_right_p01_94.mov,team_to_serve_right,p01,94,volunteer,data/keypoints\team_to_serve_right\team_to_serve_right_p01_94.npy,72,test
data/raw_clips\team_to_serve_right\team_to_serve_right_p01_95.mov,team_to_serve_right,p01,95,volunteer,data/keypoints\team_to_serve_right\team_to_serve_right_p01_95.npy,63,test
data/raw_clips\team_to_serve_right\team_to_serve_right_p01_96.mov,team_to_serve_right,p01,96,volunteer,data/keypoints\team_to_serve_right\team_to_serve_right_p01_96.npy,75,test
data/raw_clips\team_to_serve_right\team_to_serve_right_p01_97.mov,team_to_serve_right,p01,97,volunteer,data/keypoints\team_to_serve_right\team_to_serve_right_p01_97.npy,71,test
data/raw_clips\team_to_serve_right\team_to_serve_right_p01_98.mov,team_to_serve_right,p01,98,volunteer,data/keypoints\team_to_serve_right\team_to_serve_right_p01_98.npy,66,test
data/raw_clips\team_to_serve_right\team_to_serve_right_p01_99.mov,team_to_serve_right,p01,99,volunteer,data/keypoints\team_to_serve_right\team_to_serve_right_p01_99.npy,72,test
data/raw_clips\team_to_serve_right\team_to_serve_right_p08_1.mp4,team_to_serve_right,p08,1,volunteer,data/keypoints\team_to_serve_right\team_to_serve_right_p08_1.npy,109,train
data/raw_clips\team_to_serve_right\team_to_serve_right_p08_12.mp4,team_to_serve_right,p08,12,volunteer,data/keypoints\team_to_serve_right\team_to_serve_right_p08_12.npy,111,train
data/raw_clips\team_to_serve_right\team_to_serve_right_p08_13.mp4,team_to_serve_right,p08,13,volunteer,data/keypoints\team_to_serve_right\team_to_serve_right_p08_13.npy,118,train
data/raw_clips\team_to_serve_right\team_to_serve_right_p08_14.mp4,team_to_serve_right,p08,14,volunteer,data/keypoints\team_to_serve_right\team_to_serve_right_p08_14.npy,100,train
data/raw_clips\team_to_serve_right\team_to_serve_right_p08_15.mp4,team_to_serve_right,p08,15,volunteer,data/keypoints\team_to_serve_right\team_to_serve_right_p08_15.npy,108,train
data/raw_clips\team_to_serve_right\team_to_serve_right_p08_16.mp4,team_to_serve_right,p08,16,volunteer,data/keypoints\team_to_serve_right\team_to_serve_right_p08_16.npy,111,train
data/raw_clips\team_to_serve_right\team_to_serve_right_p08_17.mp4,team_to_serve_right,p08,17,volunteer,data/keypoints\team_to_serve_right\team_to_serve_right_p08_17.npy,109,train
data/raw_clips\team_to_serve_right\team_to_serve_right_p08_18.mp4,team_to_serve_right,p08,18,volunteer,data/keypoints\team_to_serve_right\team_to_serve_right_p08_18.npy,111,train
data/raw_clips\team_to_serve_right\team_to_serve_right_p08_19.mp4,team_to_serve_right,p08,19,volunteer,data/keypoints\team_to_serve_right\team_to_serve_right_p08_19.npy,112,train
data/raw_clips\team_to_serve_right\team_to_serve_right_p08_2.mp4,team_to_serve_right,p08,2,volunteer,data/keypoints\team_to_serve_right\team_to_serve_right_p08_2.npy,105,train
data/raw_clips\team_to_serve_right\team_to_serve_right_p08_21.mp4,team_to_serve_right,p08,21,volunteer,data/keypoints\team_to_serve_right\team_to_serve_right_p08_21.npy,96,train
data/raw_clips\team_to_serve_right\team_to_serve_right_p08_22.mp4,team_to_serve_right,p08,22,volunteer,data/keypoints\team_to_serve_right\team_to_serve_right_p08_22.npy,117,train
data/raw_clips\team_to_serve_right\team_to_serve_right_p08_23.mp4,team_to_serve_right,p08,23,volunteer,data/keypoints\team_to_serve_right\team_to_serve_right_p08_23.npy,118,train
data/raw_clips\team_to_serve_right\team_to_serve_right_p08_24.mp4,team_to_serve_right,p08,24,volunteer,data/keypoints\team_to_serve_right\team_to_serve_right_p08_24.npy,117,train
data/raw_clips\team_to_serve_right\team_to_serve_right_p08_25.mp4,team_to_serve_right,p08,25,volunteer,data/keypoints\team_to_serve_right\team_to_serve_right_p08_25.npy,100,train
data/raw_clips\team_to_serve_right\team_to_serve_right_p08_26.mp4,team_to_serve_right,p08,26,volunteer,data/keypoints\team_to_serve_right\team_to_serve_right_p08_26.npy,114,train
data/raw_clips\team_to_serve_right\team_to_serve_right_p08_27.mp4,team_to_serve_right,p08,27,volunteer,data/keypoints\team_to_serve_right\team_to_serve_right_p08_27.npy,111,train
data/raw_clips\team_to_serve_right\team_to_serve_right_p08_28.mp4,team_to_serve_right,p08,28,volunteer,data/keypoints\team_to_serve_right\team_to_serve_right_p08_28.npy,103,train
data/raw_clips\team_to_serve_right\team_to_serve_right_p08_29.mp4,team_to_serve_right,p08,29,volunteer,data/keypoints\team_to_serve_right\team_to_serve_right_p08_29.npy,114,train
data/raw_clips\team_to_serve_right\team_to_serve_right_p08_3.mp4,team_to_serve_right,p08,3,volunteer,data/keypoints\team_to_serve_right\team_to_serve_right_p08_3.npy,110,train
data/raw_clips\team_to_serve_right\team_to_serve_right_p08_30.mp4,team_to_serve_right,p08,30,volunteer,data/keypoints\team_to_serve_right\team_to_serve_right_p08_30.npy,112,train
data/raw_clips\team_to_serve_right\team_to_serve_right_p08_31.mp4,team_to_serve_right,p08,31,volunteer,data/keypoints\team_to_serve_right\team_to_serve_right_p08_31.npy,115,train
data/raw_clips\team_to_serve_right\team_to_serve_right_p08_32.mp4,team_to_serve_right,p08,32,volunteer,data/keypoints\team_to_serve_right\team_to_serve_right_p08_32.npy,114,train
data/raw_clips\team_to_serve_right\team_to_serve_right_p08_33.mp4,team_to_serve_right,p08,33,volunteer,data/keypoints\team_to_serve_right\team_to_serve_right_p08_33.npy,113,train
data/raw_clips\team_to_serve_right\team_to_serve_right_p08_34.mp4,team_to_serve_right,p08,34,volunteer,data/keypoints\team_to_serve_right\team_to_serve_right_p08_34.npy,111,train
data/raw_clips\team_to_serve_right\team_to_serve_right_p08_35.mp4,team_to_serve_right,p08,35,volunteer,data/keypoints\team_to_serve_right\team_to_serve_right_p08_35.npy,110,train
data/raw_clips\team_to_serve_right\team_to_serve_right_p08_36.mp4,team_to_serve_right,p08,36,volunteer,data/keypoints\team_to_serve_right\team_to_serve_right_p08_36.npy,105,train
data/raw_clips\team_to_serve_right\team_to_serve_right_p08_37.mp4,team_to_serve_right,p08,37,volunteer,data/keypoints\team_to_serve_right\team_to_serve_right_p08_37.npy,113,train
data/raw_clips\team_to_serve_right\team_to_serve_right_p08_38.mp4,team_to_serve_right,p08,38,volunteer,data/keypoints\team_to_serve_right\team_to_serve_right_p08_38.npy,103,train
data/raw_clips\team_to_serve_right\team_to_serve_right_p08_39.mp4,team_to_serve_right,p08,39,volunteer,data/keypoints\team_to_serve_right\team_to_serve_right_p08_39.npy,99,train
data/raw_clips\team_to_serve_right\team_to_serve_right_p08_4.mp4,team_to_serve_right,p08,4,volunteer,data/keypoints\team_to_serve_right\team_to_serve_right_p08_4.npy,118,train
data/raw_clips\team_to_serve_right\team_to_serve_right_p08_40.mp4,team_to_serve_right,p08,40,volunteer,data/keypoints\team_to_serve_right\team_to_serve_right_p08_40.npy,109,train
data/raw_clips\team_to_serve_right\team_to_serve_right_p08_42.mp4,team_to_serve_right,p08,42,volunteer,data/keypoints\team_to_serve_right\team_to_serve_right_p08_42.npy,114,train
data/raw_clips\team_to_serve_right\team_to_serve_right_p08_43.mp4,team_to_serve_right,p08,43,volunteer,data/keypoints\team_to_serve_right\team_to_serve_right_p08_43.npy,102,train
data/raw_clips\team_to_serve_right\team_to_serve_right_p08_44.mp4,team_to_serve_right,p08,44,volunteer,data/keypoints\team_to_serve_right\team_to_serve_right_p08_44.npy,112,train
data/raw_clips\team_to_serve_right\team_to_serve_right_p08_45.mp4,team_to_serve_right,p08,45,volunteer,data/keypoints\team_to_serve_right\team_to_serve_right_p08_45.npy,108,train
data/raw_clips\team_to_serve_right\team_to_serve_right_p08_46.mp4,team_to_serve_right,p08,46,volunteer,data/keypoints\team_to_serve_right\team_to_serve_right_p08_46.npy,93,train
data/raw_clips\team_to_serve_right\team_to_serve_right_p08_47.mp4,team_to_serve_right,p08,47,volunteer,data/keypoints\team_to_serve_right\team_to_serve_right_p08_47.npy,111,train
data/raw_clips\team_to_serve_right\team_to_serve_right_p08_48.mp4,team_to_serve_right,p08,48,volunteer,data/keypoints\team_to_serve_right\team_to_serve_right_p08_48.npy,109,train
data/raw_clips\team_to_serve_right\team_to_serve_right_p08_49.mp4,team_to_serve_right,p08,49,volunteer,data/keypoints\team_to_serve_right\team_to_serve_right_p08_49.npy,104,train
data/raw_clips\team_to_serve_right\team_to_serve_right_p08_5.mp4,team_to_serve_right,p08,5,volunteer,data/keypoints\team_to_serve_right\team_to_serve_right_p08_5.npy,100,train
data/raw_clips\team_to_serve_right\team_to_serve_right_p08_50.mp4,team_to_serve_right,p08,50,volunteer,data/keypoints\team_to_serve_right\team_to_serve_right_p08_50.npy,108,train
data/raw_clips\team_to_serve_right\team_to_serve_right_p08_51.mp4,team_to_serve_right,p08,51,volunteer,data/keypoints\team_to_serve_right\team_to_serve_right_p08_51.npy,110,train
data/raw_clips\team_to_serve_right\team_to_serve_right_p08_52.mp4,team_to_serve_right,p08,52,volunteer,data/keypoints\team_to_serve_right\team_to_serve_right_p08_52.npy,101,train
data/raw_clips\team_to_serve_right\team_to_serve_right_p08_53.mp4,team_to_serve_right,p08,53,volunteer,data/keypoints\team_to_serve_right\team_to_serve_right_p08_53.npy,102,train
data/raw_clips\team_to_serve_right\team_to_serve_right_p08_54.mp4,team_to_serve_right,p08,54,volunteer,data/keypoints\team_to_serve_right\team_to_serve_right_p08_54.npy,99,train
data/raw_clips\team_to_serve_right\team_to_serve_right_p08_55.mp4,team_to_serve_right,p08,55,volunteer,data/keypoints\team_to_serve_right\team_to_serve_right_p08_55.npy,110,train
data/raw_clips\team_to_serve_right\team_to_serve_right_p08_56.mp4,team_to_serve_right,p08,56,volunteer,data/keypoints\team_to_serve_right\team_to_serve_right_p08_56.npy,114,train
data/raw_clips\team_to_serve_right\team_to_serve_right_p08_57.mp4,team_to_serve_right,p08,57,volunteer,data/keypoints\team_to_serve_right\team_to_serve_right_p08_57.npy,99,train
data/raw_clips\team_to_serve_right\team_to_serve_right_p08_58.mp4,team_to_serve_right,p08,58,volunteer,data/keypoints\team_to_serve_right\team_to_serve_right_p08_58.npy,117,train
data/raw_clips\team_to_serve_right\team_to_serve_right_p08_59.mp4,team_to_serve_right,p08,59,volunteer,data/keypoints\team_to_serve_right\team_to_serve_right_p08_59.npy,106,train
data/raw_clips\team_to_serve_right\team_to_serve_right_p08_6.mp4,team_to_serve_right,p08,6,volunteer,data/keypoints\team_to_serve_right\team_to_serve_right_p08_6.npy,99,train
data/raw_clips\team_to_serve_right\team_to_serve_right_p08_60.mp4,team_to_serve_right,p08,60,volunteer,data/keypoints\team_to_serve_right\team_to_serve_right_p08_60.npy,105,train
data/raw_clips\team_to_serve_right\team_to_serve_right_p08_61.mp4,team_to_serve_right,p08,61,volunteer,data/keypoints\team_to_serve_right\team_to_serve_right_p08_61.npy,111,train
data/raw_clips\team_to_serve_right\team_to_serve_right_p08_62.mp4,team_to_serve_right,p08,62,volunteer,data/keypoints\team_to_serve_right\team_to_serve_right_p08_62.npy,109,train
data/raw_clips\team_to_serve_right\team_to_serve_right_p08_63.mp4,team_to_serve_right,p08,63,volunteer,data/keypoints\team_to_serve_right\team_to_serve_right_p08_63.npy,108,train
data/raw_clips\team_to_serve_right\team_to_serve_right_p08_64.mp4,team_to_serve_right,p08,64,volunteer,data/keypoints\team_to_serve_right\team_to_serve_right_p08_64.npy,113,train
data/raw_clips\team_to_serve_right\team_to_serve_right_p08_65.mp4,team_to_serve_right,p08,65,volunteer,data/keypoints\team_to_serve_right\team_to_serve_right_p08_65.npy,110,train
data/raw_clips\team_to_serve_right\team_to_serve_right_p08_66.mp4,team_to_serve_right,p08,66,volunteer,data/keypoints\team_to_serve_right\team_to_serve_right_p08_66.npy,108,train
data/raw_clips\team_to_serve_right\team_to_serve_right_p08_67.mp4,team_to_serve_right,p08,67,volunteer,data/keypoints\team_to_serve_right\team_to_serve_right_p08_67.npy,87,train
data/raw_clips\team_to_serve_right\team_to_serve_right_p08_68.mp4,team_to_serve_right,p08,68,volunteer,data/keypoints\team_to_serve_right\team_to_serve_right_p08_68.npy,111,train
data/raw_clips\team_to_serve_right\team_to_serve_right_p08_69.mp4,team_to_serve_right,p08,69,volunteer,data/keypoints\team_to_serve_right\team_to_serve_right_p08_69.npy,114,train
data/raw_clips\team_to_serve_right\team_to_serve_right_p08_7.mp4,team_to_serve_right,p08,7,volunteer,data/keypoints\team_to_serve_right\team_to_serve_right_p08_7.npy,111,train
data/raw_clips\team_to_serve_right\team_to_serve_right_p08_70.mp4,team_to_serve_right,p08,70,volunteer,data/keypoints\team_to_serve_right\team_to_serve_right_p08_70.npy,104,train
data/raw_clips\team_to_serve_right\team_to_serve_right_p08_71.mp4,team_to_serve_right,p08,71,volunteer,data/keypoints\team_to_serve_right\team_to_serve_right_p08_71.npy,113,train
data/raw_clips\team_to_serve_right\team_to_serve_right_p08_72.mp4,team_to_serve_right,p08,72,volunteer,data/keypoints\team_to_serve_right\team_to_serve_right_p08_72.npy,112,train
data/raw_clips\team_to_serve_right\team_to_serve_right_p08_73.mp4,team_to_serve_right,p08,73,volunteer,data/keypoints\team_to_serve_right\team_to_serve_right_p08_73.npy,102,train
data/raw_clips\team_to_serve_right\team_to_serve_right_p08_74.mp4,team_to_serve_right,p08,74,volunteer,data/keypoints\team_to_serve_right\team_to_serve_right_p08_74.npy,103,train
data/raw_clips\team_to_serve_right\team_to_serve_right_p08_75.mp4,team_to_serve_right,p08,75,volunteer,data/keypoints\team_to_serve_right\team_to_serve_right_p08_75.npy,100,train
data/raw_clips\team_to_serve_right\team_to_serve_right_p08_76.mp4,team_to_serve_right,p08,76,volunteer,data/keypoints\team_to_serve_right\team_to_serve_right_p08_76.npy,111,train
data/raw_clips\team_to_serve_right\team_to_serve_right_p08_77.mp4,team_to_serve_right,p08,77,volunteer,data/keypoints\team_to_serve_right\team_to_serve_right_p08_77.npy,110,train
data/raw_clips\team_to_serve_right\team_to_serve_right_p08_78.mp4,team_to_serve_right,p08,78,volunteer,data/keypoints\team_to_serve_right\team_to_serve_right_p08_78.npy,99,train
data/raw_clips\team_to_serve_right\team_to_serve_right_p08_79.mp4,team_to_serve_right,p08,79,volunteer,data/keypoints\team_to_serve_right\team_to_serve_right_p08_79.npy,112,train
data/raw_clips\team_to_serve_right\team_to_serve_right_p08_8.mp4,team_to_serve_right,p08,8,volunteer,data/keypoints\team_to_serve_right\team_to_serve_right_p08_8.npy,114,train
data/raw_clips\team_to_serve_right\team_to_serve_right_p08_80.mp4,team_to_serve_right,p08,80,volunteer,data/keypoints\team_to_serve_right\team_to_serve_right_p08_80.npy,105,train
data/raw_clips\team_to_serve_right\team_to_serve_right_p08_81.mp4,team_to_serve_right,p08,81,volunteer,data/keypoints\team_to_serve_right\team_to_serve_right_p08_81.npy,105,train
data/raw_clips\team_to_serve_right\team_to_serve_right_p08_82.mp4,team_to_serve_right,p08,82,volunteer,data/keypoints\team_to_serve_right\team_to_serve_right_p08_82.npy,108,train
data/raw_clips\team_to_serve_right\team_to_serve_right_p08_83.mp4,team_to_serve_right,p08,83,volunteer,data/keypoints\team_to_serve_right\team_to_serve_right_p08_83.npy,105,train
data/raw_clips\team_to_serve_right\team_to_serve_right_p08_84.mp4,team_to_serve_right,p08,84,volunteer,data/keypoints\team_to_serve_right\team_to_serve_right_p08_84.npy,105,train
data/raw_clips\team_to_serve_right\team_to_serve_right_p08_85.mp4,team_to_serve_right,p08,85,volunteer,data/keypoints\team_to_serve_right\team_to_serve_right_p08_85.npy,97,train
data/raw_clips\team_to_serve_right\team_to_serve_right_p08_86.mp4,team_to_serve_right,p08,86,volunteer,data/keypoints\team_to_serve_right\team_to_serve_right_p08_86.npy,103,train
data/raw_clips\team_to_serve_right\team_to_serve_right_p08_87.mp4,team_to_serve_right,p08,87,volunteer,data/keypoints\team_to_serve_right\team_to_serve_right_p08_87.npy,99,train
data/raw_clips\team_to_serve_right\team_to_serve_right_p08_88.mp4,team_to_serve_right,p08,88,volunteer,data/keypoints\team_to_serve_right\team_to_serve_right_p08_88.npy,96,train
data/raw_clips\team_to_serve_right\team_to_serve_right_p08_89.mp4,team_to_serve_right,p08,89,volunteer,data/keypoints\team_to_serve_right\team_to_serve_right_p08_89.npy,109,train
data/raw_clips\team_to_serve_right\team_to_serve_right_p08_9.mp4,team_to_serve_right,p08,9,volunteer,data/keypoints\team_to_serve_right\team_to_serve_right_p08_9.npy,118,train
data/raw_clips\team_to_serve_right\team_to_serve_right_p08_90.mp4,team_to_serve_right,p08,90,volunteer,data/keypoints\team_to_serve_right\team_to_serve_right_p08_90.npy,95,train
data/raw_clips\team_to_serve_right\team_to_serve_right_p08_91.mp4,team_to_serve_right,p08,91,volunteer,data/keypoints\team_to_serve_right\team_to_serve_right_p08_91.npy,99,train
data/raw_clips\team_to_serve_right\team_to_serve_right_p08_92.mp4,team_to_serve_right,p08,92,volunteer,data/keypoints\team_to_serve_right\team_to_serve_right_p08_92.npy,108,train
data/raw_clips\team_to_serve_right\team_to_serve_right_p08_93.mp4,team_to_serve_right,p08,93,volunteer,data/keypoints\team_to_serve_right\team_to_serve_right_p08_93.npy,98,train
data/raw_clips\team_to_serve_right\team_to_serve_right_p08_94.mp4,team_to_serve_right,p08,94,volunteer,data/keypoints\team_to_serve_right\team_to_serve_right_p08_94.npy,99,train
data/raw_clips\team_to_serve_right\team_to_serve_right_p08_95.mp4,team_to_serve_right,p08,95,volunteer,data/keypoints\team_to_serve_right\team_to_serve_right_p08_95.npy,96,train
data/raw_clips\team_to_serve_right\team_to_serve_right_p08_96.mp4,team_to_serve_right,p08,96,volunteer,data/keypoints\team_to_serve_right\team_to_serve_right_p08_96.npy,99,train
data/raw_clips\team_to_serve_right\team_to_serve_right_p08_97.mp4,team_to_serve_right,p08,97,volunteer,data/keypoints\team_to_serve_right\team_to_serve_right_p08_97.npy,99,train
data/raw_clips\team_to_serve_right\team_to_serve_right_p08_98.mp4,team_to_serve_right,p08,98,volunteer,data/keypoints\team_to_serve_right\team_to_serve_right_p08_98.npy,90,train
data/raw_clips\team_to_serve_right\team_to_serve_right_p09_1.mp4,team_to_serve_right,p09,1,volunteer,data/keypoints\team_to_serve_right\team_to_serve_right_p09_1.npy,135,val
data/raw_clips\team_to_serve_right\team_to_serve_right_p09_10.mp4,team_to_serve_right,p09,10,volunteer,data/keypoints\team_to_serve_right\team_to_serve_right_p09_10.npy,99,val
data/raw_clips\team_to_serve_right\team_to_serve_right_p09_100.mp4,team_to_serve_right,p09,100,volunteer,data/keypoints\team_to_serve_right\team_to_serve_right_p09_100.npy,102,val
data/raw_clips\team_to_serve_right\team_to_serve_right_p09_101.mp4,team_to_serve_right,p09,101,volunteer,data/keypoints\team_to_serve_right\team_to_serve_right_p09_101.npy,104,val
data/raw_clips\team_to_serve_right\team_to_serve_right_p09_102.mp4,team_to_serve_right,p09,102,volunteer,data/keypoints\team_to_serve_right\team_to_serve_right_p09_102.npy,108,val
data/raw_clips\team_to_serve_right\team_to_serve_right_p09_103.mp4,team_to_serve_right,p09,103,volunteer,data/keypoints\team_to_serve_right\team_to_serve_right_p09_103.npy,109,val
data/raw_clips\team_to_serve_right\team_to_serve_right_p09_104.mp4,team_to_serve_right,p09,104,volunteer,data/keypoints\team_to_serve_right\team_to_serve_right_p09_104.npy,108,val
data/raw_clips\team_to_serve_right\team_to_serve_right_p09_105.mp4,team_to_serve_right,p09,105,volunteer,data/keypoints\team_to_serve_right\team_to_serve_right_p09_105.npy,114,val
data/raw_clips\team_to_serve_right\team_to_serve_right_p09_11.mp4,team_to_serve_right,p09,11,volunteer,data/keypoints\team_to_serve_right\team_to_serve_right_p09_11.npy,108,val
data/raw_clips\team_to_serve_right\team_to_serve_right_p09_12.mp4,team_to_serve_right,p09,12,volunteer,data/keypoints\team_to_serve_right\team_to_serve_right_p09_12.npy,109,val
data/raw_clips\team_to_serve_right\team_to_serve_right_p09_13.mp4,team_to_serve_right,p09,13,volunteer,data/keypoints\team_to_serve_right\team_to_serve_right_p09_13.npy,113,val
data/raw_clips\team_to_serve_right\team_to_serve_right_p09_14.mp4,team_to_serve_right,p09,14,volunteer,data/keypoints\team_to_serve_right\team_to_serve_right_p09_14.npy,103,val
data/raw_clips\team_to_serve_right\team_to_serve_right_p09_15.mp4,team_to_serve_right,p09,15,volunteer,data/keypoints\team_to_serve_right\team_to_serve_right_p09_15.npy,117,val
data/raw_clips\team_to_serve_right\team_to_serve_right_p09_16.mp4,team_to_serve_right,p09,16,volunteer,data/keypoints\team_to_serve_right\team_to_serve_right_p09_16.npy,118,val
data/raw_clips\team_to_serve_right\team_to_serve_right_p09_17.mp4,team_to_serve_right,p09,17,volunteer,data/keypoints\team_to_serve_right\team_to_serve_right_p09_17.npy,108,val
data/raw_clips\team_to_serve_right\team_to_serve_right_p09_18.mp4,team_to_serve_right,p09,18,volunteer,data/keypoints\team_to_serve_right\team_to_serve_right_p09_18.npy,131,val
data/raw_clips\team_to_serve_right\team_to_serve_right_p09_19.mp4,team_to_serve_right,p09,19,volunteer,data/keypoints\team_to_serve_right\team_to_serve_right_p09_19.npy,93,val
data/raw_clips\team_to_serve_right\team_to_serve_right_p09_2.mp4,team_to_serve_right,p09,2,volunteer,data/keypoints\team_to_serve_right\team_to_serve_right_p09_2.npy,94,val
data/raw_clips\team_to_serve_right\team_to_serve_right_p09_20.mp4,team_to_serve_right,p09,20,volunteer,data/keypoints\team_to_serve_right\team_to_serve_right_p09_20.npy,126,val
data/raw_clips\team_to_serve_right\team_to_serve_right_p09_21.mp4,team_to_serve_right,p09,21,volunteer,data/keypoints\team_to_serve_right\team_to_serve_right_p09_21.npy,132,val
data/raw_clips\team_to_serve_right\team_to_serve_right_p09_22.mp4,team_to_serve_right,p09,22,volunteer,data/keypoints\team_to_serve_right\team_to_serve_right_p09_22.npy,135,val
data/raw_clips\team_to_serve_right\team_to_serve_right_p09_23.mp4,team_to_serve_right,p09,23,volunteer,data/keypoints\team_to_serve_right\team_to_serve_right_p09_23.npy,123,val
data/raw_clips\team_to_serve_right\team_to_serve_right_p09_24.mp4,team_to_serve_right,p09,24,volunteer,data/keypoints\team_to_serve_right\team_to_serve_right_p09_24.npy,132,val
data/raw_clips\team_to_serve_right\team_to_serve_right_p09_25.mp4,team_to_serve_right,p09,25,volunteer,data/keypoints\team_to_serve_right\team_to_serve_right_p09_25.npy,120,val
data/raw_clips\team_to_serve_right\team_to_serve_right_p09_26.mp4,team_to_serve_right,p09,26,volunteer,data/keypoints\team_to_serve_right\team_to_serve_right_p09_26.npy,123,val
data/raw_clips\team_to_serve_right\team_to_serve_right_p09_27.mp4,team_to_serve_right,p09,27,volunteer,data/keypoints\team_to_serve_right\team_to_serve_right_p09_27.npy,124,val
data/raw_clips\team_to_serve_right\team_to_serve_right_p09_28.mp4,team_to_serve_right,p09,28,volunteer,data/keypoints\team_to_serve_right\team_to_serve_right_p09_28.npy,121,val
data/raw_clips\team_to_serve_right\team_to_serve_right_p09_3.mp4,team_to_serve_right,p09,3,volunteer,data/keypoints\team_to_serve_right\team_to_serve_right_p09_3.npy,116,val
data/raw_clips\team_to_serve_right\team_to_serve_right_p09_30.mp4,team_to_serve_right,p09,30,volunteer,data/keypoints\team_to_serve_right\team_to_serve_right_p09_30.npy,108,val
data/raw_clips\team_to_serve_right\team_to_serve_right_p09_31.mp4,team_to_serve_right,p09,31,volunteer,data/keypoints\team_to_serve_right\team_to_serve_right_p09_31.npy,114,val
data/raw_clips\team_to_serve_right\team_to_serve_right_p09_32.mp4,team_to_serve_right,p09,32,volunteer,data/keypoints\team_to_serve_right\team_to_serve_right_p09_32.npy,110,val
data/raw_clips\team_to_serve_right\team_to_serve_right_p09_33.mp4,team_to_serve_right,p09,33,volunteer,data/keypoints\team_to_serve_right\team_to_serve_right_p09_33.npy,117,val
data/raw_clips\team_to_serve_right\team_to_serve_right_p09_34.mp4,team_to_serve_right,p09,34,volunteer,data/keypoints\team_to_serve_right\team_to_serve_right_p09_34.npy,116,val
data/raw_clips\team_to_serve_right\team_to_serve_right_p09_35.mp4,team_to_serve_right,p09,35,volunteer,data/keypoints\team_to_serve_right\team_to_serve_right_p09_35.npy,115,val
data/raw_clips\team_to_serve_right\team_to_serve_right_p09_36.mp4,team_to_serve_right,p09,36,volunteer,data/keypoints\team_to_serve_right\team_to_serve_right_p09_36.npy,109,val
data/raw_clips\team_to_serve_right\team_to_serve_right_p09_37.mp4,team_to_serve_right,p09,37,volunteer,data/keypoints\team_to_serve_right\team_to_serve_right_p09_37.npy,102,val
data/raw_clips\team_to_serve_right\team_to_serve_right_p09_38.mp4,team_to_serve_right,p09,38,volunteer,data/keypoints\team_to_serve_right\team_to_serve_right_p09_38.npy,99,val
data/raw_clips\team_to_serve_right\team_to_serve_right_p09_39.mp4,team_to_serve_right,p09,39,volunteer,data/keypoints\team_to_serve_right\team_to_serve_right_p09_39.npy,96,val
data/raw_clips\team_to_serve_right\team_to_serve_right_p09_4.mp4,team_to_serve_right,p09,4,volunteer,data/keypoints\team_to_serve_right\team_to_serve_right_p09_4.npy,109,val
data/raw_clips\team_to_serve_right\team_to_serve_right_p09_40.mp4,team_to_serve_right,p09,40,volunteer,data/keypoints\team_to_serve_right\team_to_serve_right_p09_40.npy,102,val
data/raw_clips\team_to_serve_right\team_to_serve_right_p09_41.mp4,team_to_serve_right,p09,41,volunteer,data/keypoints\team_to_serve_right\team_to_serve_right_p09_41.npy,104,val
data/raw_clips\team_to_serve_right\team_to_serve_right_p09_42.mp4,team_to_serve_right,p09,42,volunteer,data/keypoints\team_to_serve_right\team_to_serve_right_p09_42.npy,101,val
data/raw_clips\team_to_serve_right\team_to_serve_right_p09_43.mp4,team_to_serve_right,p09,43,volunteer,data/keypoints\team_to_serve_right\team_to_serve_right_p09_43.npy,105,val
data/raw_clips\team_to_serve_right\team_to_serve_right_p09_44.mp4,team_to_serve_right,p09,44,volunteer,data/keypoints\team_to_serve_right\team_to_serve_right_p09_44.npy,108,val
data/raw_clips\team_to_serve_right\team_to_serve_right_p09_45.mp4,team_to_serve_right,p09,45,volunteer,data/keypoints\team_to_serve_right\team_to_serve_right_p09_45.npy,118,val
data/raw_clips\team_to_serve_right\team_to_serve_right_p09_46.mp4,team_to_serve_right,p09,46,volunteer,data/keypoints\team_to_serve_right\team_to_serve_right_p09_46.npy,118,val
data/raw_clips\team_to_serve_right\team_to_serve_right_p09_47.mp4,team_to_serve_right,p09,47,volunteer,data/keypoints\team_to_serve_right\team_to_serve_right_p09_47.npy,122,val
data/raw_clips\team_to_serve_right\team_to_serve_right_p09_48.mp4,team_to_serve_right,p09,48,volunteer,data/keypoints\team_to_serve_right\team_to_serve_right_p09_48.npy,116,val
data/raw_clips\team_to_serve_right\team_to_serve_right_p09_49.mp4,team_to_serve_right,p09,49,volunteer,data/keypoints\team_to_serve_right\team_to_serve_right_p09_49.npy,111,val
data/raw_clips\team_to_serve_right\team_to_serve_right_p09_5.mp4,team_to_serve_right,p09,5,volunteer,data/keypoints\team_to_serve_right\team_to_serve_right_p09_5.npy,113,val
data/raw_clips\team_to_serve_right\team_to_serve_right_p09_50.mp4,team_to_serve_right,p09,50,volunteer,data/keypoints\team_to_serve_right\team_to_serve_right_p09_50.npy,105,val
data/raw_clips\team_to_serve_right\team_to_serve_right_p09_52.mp4,team_to_serve_right,p09,52,volunteer,data/keypoints\team_to_serve_right\team_to_serve_right_p09_52.npy,104,val
data/raw_clips\team_to_serve_right\team_to_serve_right_p09_53.mp4,team_to_serve_right,p09,53,volunteer,data/keypoints\team_to_serve_right\team_to_serve_right_p09_53.npy,101,val
data/raw_clips\team_to_serve_right\team_to_serve_right_p09_54.mp4,team_to_serve_right,p09,54,volunteer,data/keypoints\team_to_serve_right\team_to_serve_right_p09_54.npy,99,val
data/raw_clips\team_to_serve_right\team_to_serve_right_p09_55.mp4,team_to_serve_right,p09,55,volunteer,data/keypoints\team_to_serve_right\team_to_serve_right_p09_55.npy,96,val
data/raw_clips\team_to_serve_right\team_to_serve_right_p09_56.mp4,team_to_serve_right,p09,56,volunteer,data/keypoints\team_to_serve_right\team_to_serve_right_p09_56.npy,111,val
data/raw_clips\team_to_serve_right\team_to_serve_right_p09_57.mp4,team_to_serve_right,p09,57,volunteer,data/keypoints\team_to_serve_right\team_to_serve_right_p09_57.npy,102,val
data/raw_clips\team_to_serve_right\team_to_serve_right_p09_58.mp4,team_to_serve_right,p09,58,volunteer,data/keypoints\team_to_serve_right\team_to_serve_right_p09_58.npy,102,val
data/raw_clips\team_to_serve_right\team_to_serve_right_p09_59.mp4,team_to_serve_right,p09,59,volunteer,data/keypoints\team_to_serve_right\team_to_serve_right_p09_59.npy,106,val
data/raw_clips\team_to_serve_right\team_to_serve_right_p09_6.mp4,team_to_serve_right,p09,6,volunteer,data/keypoints\team_to_serve_right\team_to_serve_right_p09_6.npy,104,val
data/raw_clips\team_to_serve_right\team_to_serve_right_p09_60.mp4,team_to_serve_right,p09,60,volunteer,data/keypoints\team_to_serve_right\team_to_serve_right_p09_60.npy,102,val
data/raw_clips\team_to_serve_right\team_to_serve_right_p09_61.mp4,team_to_serve_right,p09,61,volunteer,data/keypoints\team_to_serve_right\team_to_serve_right_p09_61.npy,107,val
data/raw_clips\team_to_serve_right\team_to_serve_right_p09_62.mp4,team_to_serve_right,p09,62,volunteer,data/keypoints\team_to_serve_right\team_to_serve_right_p09_62.npy,105,val
data/raw_clips\team_to_serve_right\team_to_serve_right_p09_63.mp4,team_to_serve_right,p09,63,volunteer,data/keypoints\team_to_serve_right\team_to_serve_right_p09_63.npy,105,val
data/raw_clips\team_to_serve_right\team_to_serve_right_p09_64.mp4,team_to_serve_right,p09,64,volunteer,data/keypoints\team_to_serve_right\team_to_serve_right_p09_64.npy,92,val
data/raw_clips\team_to_serve_right\team_to_serve_right_p09_65.mp4,team_to_serve_right,p09,65,volunteer,data/keypoints\team_to_serve_right\team_to_serve_right_p09_65.npy,98,val
data/raw_clips\team_to_serve_right\team_to_serve_right_p09_66.mp4,team_to_serve_right,p09,66,volunteer,data/keypoints\team_to_serve_right\team_to_serve_right_p09_66.npy,102,val
data/raw_clips\team_to_serve_right\team_to_serve_right_p09_67.mp4,team_to_serve_right,p09,67,volunteer,data/keypoints\team_to_serve_right\team_to_serve_right_p09_67.npy,110,val
data/raw_clips\team_to_serve_right\team_to_serve_right_p09_68.mp4,team_to_serve_right,p09,68,volunteer,data/keypoints\team_to_serve_right\team_to_serve_right_p09_68.npy,106,val
data/raw_clips\team_to_serve_right\team_to_serve_right_p09_69.mp4,team_to_serve_right,p09,69,volunteer,data/keypoints\team_to_serve_right\team_to_serve_right_p09_69.npy,109,val
data/raw_clips\team_to_serve_right\team_to_serve_right_p09_7.mp4,team_to_serve_right,p09,7,volunteer,data/keypoints\team_to_serve_right\team_to_serve_right_p09_7.npy,101,val
data/raw_clips\team_to_serve_right\team_to_serve_right_p09_70.mp4,team_to_serve_right,p09,70,volunteer,data/keypoints\team_to_serve_right\team_to_serve_right_p09_70.npy,102,val
data/raw_clips\team_to_serve_right\team_to_serve_right_p09_72.mp4,team_to_serve_right,p09,72,volunteer,data/keypoints\team_to_serve_right\team_to_serve_right_p09_72.npy,112,val
data/raw_clips\team_to_serve_right\team_to_serve_right_p09_73.mp4,team_to_serve_right,p09,73,volunteer,data/keypoints\team_to_serve_right\team_to_serve_right_p09_73.npy,108,val
data/raw_clips\team_to_serve_right\team_to_serve_right_p09_74.mp4,team_to_serve_right,p09,74,volunteer,data/keypoints\team_to_serve_right\team_to_serve_right_p09_74.npy,96,val
data/raw_clips\team_to_serve_right\team_to_serve_right_p09_75.mp4,team_to_serve_right,p09,75,volunteer,data/keypoints\team_to_serve_right\team_to_serve_right_p09_75.npy,106,val
data/raw_clips\team_to_serve_right\team_to_serve_right_p09_77.mp4,team_to_serve_right,p09,77,volunteer,data/keypoints\team_to_serve_right\team_to_serve_right_p09_77.npy,105,val
data/raw_clips\team_to_serve_right\team_to_serve_right_p09_78.mp4,team_to_serve_right,p09,78,volunteer,data/keypoints\team_to_serve_right\team_to_serve_right_p09_78.npy,117,val
data/raw_clips\team_to_serve_right\team_to_serve_right_p09_79.mp4,team_to_serve_right,p09,79,volunteer,data/keypoints\team_to_serve_right\team_to_serve_right_p09_79.npy,105,val
data/raw_clips\team_to_serve_right\team_to_serve_right_p09_80.mp4,team_to_serve_right,p09,80,volunteer,data/keypoints\team_to_serve_right\team_to_serve_right_p09_80.npy,123,val
data/raw_clips\team_to_serve_right\team_to_serve_right_p09_81.mp4,team_to_serve_right,p09,81,volunteer,data/keypoints\team_to_serve_right\team_to_serve_right_p09_81.npy,110,val
data/raw_clips\team_to_serve_right\team_to_serve_right_p09_82.mp4,team_to_serve_right,p09,82,volunteer,data/keypoints\team_to_serve_right\team_to_serve_right_p09_82.npy,107,val
data/raw_clips\team_to_serve_right\team_to_serve_right_p09_83.mp4,team_to_serve_right,p09,83,volunteer,data/keypoints\team_to_serve_right\team_to_serve_right_p09_83.npy,113,val
data/raw_clips\team_to_serve_right\team_to_serve_right_p09_84.mp4,team_to_serve_right,p09,84,volunteer,data/keypoints\team_to_serve_right\team_to_serve_right_p09_84.npy,112,val
data/raw_clips\team_to_serve_right\team_to_serve_right_p09_85.mp4,team_to_serve_right,p09,85,volunteer,data/keypoints\team_to_serve_right\team_to_serve_right_p09_85.npy,110,val
data/raw_clips\team_to_serve_right\team_to_serve_right_p09_86.mp4,team_to_serve_right,p09,86,volunteer,data/keypoints\team_to_serve_right\team_to_serve_right_p09_86.npy,106,val
data/raw_clips\team_to_serve_right\team_to_serve_right_p09_87.mp4,team_to_serve_right,p09,87,volunteer,data/keypoints\team_to_serve_right\team_to_serve_right_p09_87.npy,108,val
data/raw_clips\team_to_serve_right\team_to_serve_right_p09_88.mp4,team_to_serve_right,p09,88,volunteer,data/keypoints\team_to_serve_right\team_to_serve_right_p09_88.npy,109,val
data/raw_clips\team_to_serve_right\team_to_serve_right_p09_89.mp4,team_to_serve_right,p09,89,volunteer,data/keypoints\team_to_serve_right\team_to_serve_right_p09_89.npy,107,val
data/raw_clips\team_to_serve_right\team_to_serve_right_p09_9.mp4,team_to_serve_right,p09,9,volunteer,data/keypoints\team_to_serve_right\team_to_serve_right_p09_9.npy,101,val
data/raw_clips\team_to_serve_right\team_to_serve_right_p09_90.mp4,team_to_serve_right,p09,90,volunteer,data/keypoints\team_to_serve_right\team_to_serve_right_p09_90.npy,96,val
data/raw_clips\team_to_serve_right\team_to_serve_right_p09_91.mp4,team_to_serve_right,p09,91,volunteer,data/keypoints\team_to_serve_right\team_to_serve_right_p09_91.npy,102,val
data/raw_clips\team_to_serve_right\team_to_serve_right_p09_92.mp4,team_to_serve_right,p09,92,volunteer,data/keypoints\team_to_serve_right\team_to_serve_right_p09_92.npy,100,val
data/raw_clips\team_to_serve_right\team_to_serve_right_p09_93.mp4,team_to_serve_right,p09,93,volunteer,data/keypoints\team_to_serve_right\team_to_serve_right_p09_93.npy,103,val
data/raw_clips\team_to_serve_right\team_to_serve_right_p09_94.mp4,team_to_serve_right,p09,94,volunteer,data/keypoints\team_to_serve_right\team_to_serve_right_p09_94.npy,108,val
data/raw_clips\team_to_serve_right\team_to_serve_right_p09_95.mp4,team_to_serve_right,p09,95,volunteer,data/keypoints\team_to_serve_right\team_to_serve_right_p09_95.npy,102,val
data/raw_clips\team_to_serve_right\team_to_serve_right_p09_96.mp4,team_to_serve_right,p09,96,volunteer,data/keypoints\team_to_serve_right\team_to_serve_right_p09_96.npy,98,val
data/raw_clips\team_to_serve_right\team_to_serve_right_p09_97.mp4,team_to_serve_right,p09,97,volunteer,data/keypoints\team_to_serve_right\team_to_serve_right_p09_97.npy,105,val
data/raw_clips\team_to_serve_right\team_to_serve_right_p09_98.mp4,team_to_serve_right,p09,98,volunteer,data/keypoints\team_to_serve_right\team_to_serve_right_p09_98.npy,107,val
data/raw_clips\team_to_serve_right\team_to_serve_right_p09_99.mp4,team_to_serve_right,p09,99,volunteer,data/keypoints\team_to_serve_right\team_to_serve_right_p09_99.npy,111,val
data/raw_clips\ball_in\ball_in_p08_1.mp4,ball_in,p08,1,volunteer,data/keypoints\ball_in\ball_in_p08_1.npy,87,test
data/raw_clips\ball_in\ball_in_p08_10.mp4,ball_in,p08,10,volunteer,data/keypoints\ball_in\ball_in_p08_10.npy,81,train
data/raw_clips\ball_in\ball_in_p08_100.mp4,ball_in,p08,100,volunteer,data/keypoints\ball_in\ball_in_p08_100.npy,85,train
data/raw_clips\ball_in\ball_in_p08_101.mp4,ball_in,p08,101,volunteer,data/keypoints\ball_in\ball_in_p08_101.npy,108,train
data/raw_clips\ball_in\ball_in_p08_102.mp4,ball_in,p08,102,volunteer,data/keypoints\ball_in\ball_in_p08_102.npy,79,train
data/raw_clips\ball_in\ball_in_p08_103.mp4,ball_in,p08,103,volunteer,data/keypoints\ball_in\ball_in_p08_103.npy,82,train
data/raw_clips\ball_in\ball_in_p08_104.mp4,ball_in,p08,104,volunteer,data/keypoints\ball_in\ball_in_p08_104.npy,81,train
data/raw_clips\ball_in\ball_in_p08_105.mp4,ball_in,p08,105,volunteer,data/keypoints\ball_in\ball_in_p08_105.npy,81,test
data/raw_clips\ball_in\ball_in_p08_106.mp4,ball_in,p08,106,volunteer,data/keypoints\ball_in\ball_in_p08_106.npy,81,train
data/raw_clips\ball_in\ball_in_p08_107.mp4,ball_in,p08,107,volunteer,data/keypoints\ball_in\ball_in_p08_107.npy,76,train
data/raw_clips\ball_in\ball_in_p08_108.mp4,ball_in,p08,108,volunteer,data/keypoints\ball_in\ball_in_p08_108.npy,90,test
data/raw_clips\ball_in\ball_in_p08_109.mp4,ball_in,p08,109,volunteer,data/keypoints\ball_in\ball_in_p08_109.npy,87,train
data/raw_clips\ball_in\ball_in_p08_11.mp4,ball_in,p08,11,volunteer,data/keypoints\ball_in\ball_in_p08_11.npy,68,train
data/raw_clips\ball_in\ball_in_p08_110.mp4,ball_in,p08,110,volunteer,data/keypoints\ball_in\ball_in_p08_110.npy,81,val
data/raw_clips\ball_in\ball_in_p08_111.mp4,ball_in,p08,111,volunteer,data/keypoints\ball_in\ball_in_p08_111.npy,79,test
data/raw_clips\ball_in\ball_in_p08_112.mp4,ball_in,p08,112,volunteer,data/keypoints\ball_in\ball_in_p08_112.npy,82,train
data/raw_clips\ball_in\ball_in_p08_113.mp4,ball_in,p08,113,volunteer,data/keypoints\ball_in\ball_in_p08_113.npy,84,train
data/raw_clips\ball_in\ball_in_p08_114.mp4,ball_in,p08,114,volunteer,data/keypoints\ball_in\ball_in_p08_114.npy,81,train
data/raw_clips\ball_in\ball_in_p08_115.mp4,ball_in,p08,115,volunteer,data/keypoints\ball_in\ball_in_p08_115.npy,79,train
data/raw_clips\ball_in\ball_in_p08_116.mp4,ball_in,p08,116,volunteer,data/keypoints\ball_in\ball_in_p08_116.npy,75,train
data/raw_clips\ball_in\ball_in_p08_117.mp4,ball_in,p08,117,volunteer,data/keypoints\ball_in\ball_in_p08_117.npy,81,train
data/raw_clips\ball_in\ball_in_p08_118.mp4,ball_in,p08,118,volunteer,data/keypoints\ball_in\ball_in_p08_118.npy,84,train
data/raw_clips\ball_in\ball_in_p08_119.mp4,ball_in,p08,119,volunteer,data/keypoints\ball_in\ball_in_p08_119.npy,80,train
data/raw_clips\ball_in\ball_in_p08_12.mp4,ball_in,p08,12,volunteer,data/keypoints\ball_in\ball_in_p08_12.npy,74,train
data/raw_clips\ball_in\ball_in_p08_120.mp4,ball_in,p08,120,volunteer,data/keypoints\ball_in\ball_in_p08_120.npy,83,train
data/raw_clips\ball_in\ball_in_p08_121.mp4,ball_in,p08,121,volunteer,data/keypoints\ball_in\ball_in_p08_121.npy,81,train
data/raw_clips\ball_in\ball_in_p08_122.mp4,ball_in,p08,122,volunteer,data/keypoints\ball_in\ball_in_p08_122.npy,86,val
data/raw_clips\ball_in\ball_in_p08_123.mp4,ball_in,p08,123,volunteer,data/keypoints\ball_in\ball_in_p08_123.npy,84,val
data/raw_clips\ball_in\ball_in_p08_124.mp4,ball_in,p08,124,volunteer,data/keypoints\ball_in\ball_in_p08_124.npy,84,val
data/raw_clips\ball_in\ball_in_p08_125.mp4,ball_in,p08,125,volunteer,data/keypoints\ball_in\ball_in_p08_125.npy,78,test
data/raw_clips\ball_in\ball_in_p08_126.mp4,ball_in,p08,126,volunteer,data/keypoints\ball_in\ball_in_p08_126.npy,86,train
data/raw_clips\ball_in\ball_in_p08_127.mp4,ball_in,p08,127,volunteer,data/keypoints\ball_in\ball_in_p08_127.npy,83,train
data/raw_clips\ball_in\ball_in_p08_128.mp4,ball_in,p08,128,volunteer,data/keypoints\ball_in\ball_in_p08_128.npy,76,train
data/raw_clips\ball_in\ball_in_p08_129.mp4,ball_in,p08,129,volunteer,data/keypoints\ball_in\ball_in_p08_129.npy,85,val
data/raw_clips\ball_in\ball_in_p08_13.mp4,ball_in,p08,13,volunteer,data/keypoints\ball_in\ball_in_p08_13.npy,73,train
data/raw_clips\ball_in\ball_in_p08_130.mp4,ball_in,p08,130,volunteer,data/keypoints\ball_in\ball_in_p08_130.npy,81,train
data/raw_clips\ball_in\ball_in_p08_131.mp4,ball_in,p08,131,volunteer,data/keypoints\ball_in\ball_in_p08_131.npy,75,train
data/raw_clips\ball_in\ball_in_p08_132.mp4,ball_in,p08,132,volunteer,data/keypoints\ball_in\ball_in_p08_132.npy,80,val
data/raw_clips\ball_in\ball_in_p08_133.mp4,ball_in,p08,133,volunteer,data/keypoints\ball_in\ball_in_p08_133.npy,83,train
data/raw_clips\ball_in\ball_in_p08_134.mp4,ball_in,p08,134,volunteer,data/keypoints\ball_in\ball_in_p08_134.npy,83,train
data/raw_clips\ball_in\ball_in_p08_135.mp4,ball_in,p08,135,volunteer,data/keypoints\ball_in\ball_in_p08_135.npy,76,train
data/raw_clips\ball_in\ball_in_p08_136.mp4,ball_in,p08,136,volunteer,data/keypoints\ball_in\ball_in_p08_136.npy,75,test
data/raw_clips\ball_in\ball_in_p08_137.mp4,ball_in,p08,137,volunteer,data/keypoints\ball_in\ball_in_p08_137.npy,81,test
data/raw_clips\ball_in\ball_in_p08_138.mp4,ball_in,p08,138,volunteer,data/keypoints\ball_in\ball_in_p08_138.npy,76,train
data/raw_clips\ball_in\ball_in_p08_139.mp4,ball_in,p08,139,volunteer,data/keypoints\ball_in\ball_in_p08_139.npy,75,train
data/raw_clips\ball_in\ball_in_p08_14.mp4,ball_in,p08,14,volunteer,data/keypoints\ball_in\ball_in_p08_14.npy,70,train
data/raw_clips\ball_in\ball_in_p08_140.mp4,ball_in,p08,140,volunteer,data/keypoints\ball_in\ball_in_p08_140.npy,72,train
data/raw_clips\ball_in\ball_in_p08_141.mp4,ball_in,p08,141,volunteer,data/keypoints\ball_in\ball_in_p08_141.npy,78,val
data/raw_clips\ball_in\ball_in_p08_142.mp4,ball_in,p08,142,volunteer,data/keypoints\ball_in\ball_in_p08_142.npy,84,train
data/raw_clips\ball_in\ball_in_p08_143.mp4,ball_in,p08,143,volunteer,data/keypoints\ball_in\ball_in_p08_143.npy,72,test
data/raw_clips\ball_in\ball_in_p08_144.mp4,ball_in,p08,144,volunteer,data/keypoints\ball_in\ball_in_p08_144.npy,72,test
data/raw_clips\ball_in\ball_in_p08_145.mp4,ball_in,p08,145,volunteer,data/keypoints\ball_in\ball_in_p08_145.npy,76,val
data/raw_clips\ball_in\ball_in_p08_146.mp4,ball_in,p08,146,volunteer,data/keypoints\ball_in\ball_in_p08_146.npy,80,test
data/raw_clips\ball_in\ball_in_p08_147.mp4,ball_in,p08,147,volunteer,data/keypoints\ball_in\ball_in_p08_147.npy,84,train
data/raw_clips\ball_in\ball_in_p08_148.mp4,ball_in,p08,148,volunteer,data/keypoints\ball_in\ball_in_p08_148.npy,79,test
data/raw_clips\ball_in\ball_in_p08_149.mp4,ball_in,p08,149,volunteer,data/keypoints\ball_in\ball_in_p08_149.npy,81,train
data/raw_clips\ball_in\ball_in_p08_15.mp4,ball_in,p08,15,volunteer,data/keypoints\ball_in\ball_in_p08_15.npy,80,test
data/raw_clips\ball_in\ball_in_p08_150.mp4,ball_in,p08,150,volunteer,data/keypoints\ball_in\ball_in_p08_150.npy,84,train
data/raw_clips\ball_in\ball_in_p08_151.mp4,ball_in,p08,151,volunteer,data/keypoints\ball_in\ball_in_p08_151.npy,77,train
data/raw_clips\ball_in\ball_in_p08_152.mp4,ball_in,p08,152,volunteer,data/keypoints\ball_in\ball_in_p08_152.npy,76,train
data/raw_clips\ball_in\ball_in_p08_153.mp4,ball_in,p08,153,volunteer,data/keypoints\ball_in\ball_in_p08_153.npy,78,train
data/raw_clips\ball_in\ball_in_p08_154.mp4,ball_in,p08,154,volunteer,data/keypoints\ball_in\ball_in_p08_154.npy,69,train
data/raw_clips\ball_in\ball_in_p08_155.mp4,ball_in,p08,155,volunteer,data/keypoints\ball_in\ball_in_p08_155.npy,78,val
data/raw_clips\ball_in\ball_in_p08_156.mp4,ball_in,p08,156,volunteer,data/keypoints\ball_in\ball_in_p08_156.npy,77,test
data/raw_clips\ball_in\ball_in_p08_157.mp4,ball_in,p08,157,volunteer,data/keypoints\ball_in\ball_in_p08_157.npy,75,val
data/raw_clips\ball_in\ball_in_p08_158.mp4,ball_in,p08,158,volunteer,data/keypoints\ball_in\ball_in_p08_158.npy,72,test
data/raw_clips\ball_in\ball_in_p08_159.mp4,ball_in,p08,159,volunteer,data/keypoints\ball_in\ball_in_p08_159.npy,78,val
data/raw_clips\ball_in\ball_in_p08_16.mp4,ball_in,p08,16,volunteer,data/keypoints\ball_in\ball_in_p08_16.npy,78,test
data/raw_clips\ball_in\ball_in_p08_160.mp4,ball_in,p08,160,volunteer,data/keypoints\ball_in\ball_in_p08_160.npy,81,train
data/raw_clips\ball_in\ball_in_p08_161.mp4,ball_in,p08,161,volunteer,data/keypoints\ball_in\ball_in_p08_161.npy,75,train
data/raw_clips\ball_in\ball_in_p08_162.mp4,ball_in,p08,162,volunteer,data/keypoints\ball_in\ball_in_p08_162.npy,78,train
data/raw_clips\ball_in\ball_in_p08_163.mp4,ball_in,p08,163,volunteer,data/keypoints\ball_in\ball_in_p08_163.npy,73,train
data/raw_clips\ball_in\ball_in_p08_164.mp4,ball_in,p08,164,volunteer,data/keypoints\ball_in\ball_in_p08_164.npy,79,train
data/raw_clips\ball_in\ball_in_p08_165.mp4,ball_in,p08,165,volunteer,data/keypoints\ball_in\ball_in_p08_165.npy,72,train
data/raw_clips\ball_in\ball_in_p08_166.mp4,ball_in,p08,166,volunteer,data/keypoints\ball_in\ball_in_p08_166.npy,78,train
data/raw_clips\ball_in\ball_in_p08_167.mp4,ball_in,p08,167,volunteer,data/keypoints\ball_in\ball_in_p08_167.npy,75,train
data/raw_clips\ball_in\ball_in_p08_168.mp4,ball_in,p08,168,volunteer,data/keypoints\ball_in\ball_in_p08_168.npy,69,val
data/raw_clips\ball_in\ball_in_p08_169.mp4,ball_in,p08,169,volunteer,data/keypoints\ball_in\ball_in_p08_169.npy,73,train
data/raw_clips\ball_in\ball_in_p08_17.mp4,ball_in,p08,17,volunteer,data/keypoints\ball_in\ball_in_p08_17.npy,74,train
data/raw_clips\ball_in\ball_in_p08_170.mp4,ball_in,p08,170,volunteer,data/keypoints\ball_in\ball_in_p08_170.npy,77,val
data/raw_clips\ball_in\ball_in_p08_171.mp4,ball_in,p08,171,volunteer,data/keypoints\ball_in\ball_in_p08_171.npy,77,train
data/raw_clips\ball_in\ball_in_p08_172.mp4,ball_in,p08,172,volunteer,data/keypoints\ball_in\ball_in_p08_172.npy,83,train
data/raw_clips\ball_in\ball_in_p08_173.mp4,ball_in,p08,173,volunteer,data/keypoints\ball_in\ball_in_p08_173.npy,79,train
data/raw_clips\ball_in\ball_in_p08_174.mp4,ball_in,p08,174,volunteer,data/keypoints\ball_in\ball_in_p08_174.npy,82,val
data/raw_clips\ball_in\ball_in_p08_175.mp4,ball_in,p08,175,volunteer,data/keypoints\ball_in\ball_in_p08_175.npy,81,train
data/raw_clips\ball_in\ball_in_p08_176.mp4,ball_in,p08,176,volunteer,data/keypoints\ball_in\ball_in_p08_176.npy,73,train
data/raw_clips\ball_in\ball_in_p08_177.mp4,ball_in,p08,177,volunteer,data/keypoints\ball_in\ball_in_p08_177.npy,84,train
data/raw_clips\ball_in\ball_in_p08_178.mp4,ball_in,p08,178,volunteer,data/keypoints\ball_in\ball_in_p08_178.npy,78,train
data/raw_clips\ball_in\ball_in_p08_179.mp4,ball_in,p08,179,volunteer,data/keypoints\ball_in\ball_in_p08_179.npy,78,train
data/raw_clips\ball_in\ball_in_p08_18.mp4,ball_in,p08,18,volunteer,data/keypoints\ball_in\ball_in_p08_18.npy,78,train
data/raw_clips\ball_in\ball_in_p08_180.mp4,ball_in,p08,180,volunteer,data/keypoints\ball_in\ball_in_p08_180.npy,81,train
data/raw_clips\ball_in\ball_in_p08_181.mp4,ball_in,p08,181,volunteer,data/keypoints\ball_in\ball_in_p08_181.npy,75,train
data/raw_clips\ball_in\ball_in_p08_182.mp4,ball_in,p08,182,volunteer,data/keypoints\ball_in\ball_in_p08_182.npy,81,test
data/raw_clips\ball_in\ball_in_p08_183.mp4,ball_in,p08,183,volunteer,data/keypoints\ball_in\ball_in_p08_183.npy,78,train
data/raw_clips\ball_in\ball_in_p08_184.mp4,ball_in,p08,184,volunteer,data/keypoints\ball_in\ball_in_p08_184.npy,77,train
data/raw_clips\ball_in\ball_in_p08_185.mp4,ball_in,p08,185,volunteer,data/keypoints\ball_in\ball_in_p08_185.npy,82,train
data/raw_clips\ball_in\ball_in_p08_186.mp4,ball_in,p08,186,volunteer,data/keypoints\ball_in\ball_in_p08_186.npy,78,train
data/raw_clips\ball_in\ball_in_p08_187.mp4,ball_in,p08,187,volunteer,data/keypoints\ball_in\ball_in_p08_187.npy,81,train
data/raw_clips\ball_in\ball_in_p08_188.mp4,ball_in,p08,188,volunteer,data/keypoints\ball_in\ball_in_p08_188.npy,76,train
data/raw_clips\ball_in\ball_in_p08_189.mp4,ball_in,p08,189,volunteer,data/keypoints\ball_in\ball_in_p08_189.npy,78,train
data/raw_clips\ball_in\ball_in_p08_19.mp4,ball_in,p08,19,volunteer,data/keypoints\ball_in\ball_in_p08_19.npy,69,val
data/raw_clips\ball_in\ball_in_p08_190.mp4,ball_in,p08,190,volunteer,data/keypoints\ball_in\ball_in_p08_190.npy,80,test
data/raw_clips\ball_in\ball_in_p08_191.mp4,ball_in,p08,191,volunteer,data/keypoints\ball_in\ball_in_p08_191.npy,69,train
data/raw_clips\ball_in\ball_in_p08_192.mp4,ball_in,p08,192,volunteer,data/keypoints\ball_in\ball_in_p08_192.npy,78,train
data/raw_clips\ball_in\ball_in_p08_193.mp4,ball_in,p08,193,volunteer,data/keypoints\ball_in\ball_in_p08_193.npy,75,train
data/raw_clips\ball_in\ball_in_p08_194.mp4,ball_in,p08,194,volunteer,data/keypoints\ball_in\ball_in_p08_194.npy,82,train
data/raw_clips\ball_in\ball_in_p08_195.mp4,ball_in,p08,195,volunteer,data/keypoints\ball_in\ball_in_p08_195.npy,79,train
data/raw_clips\ball_in\ball_in_p08_196.mp4,ball_in,p08,196,volunteer,data/keypoints\ball_in\ball_in_p08_196.npy,81,train
data/raw_clips\ball_in\ball_in_p08_197.mp4,ball_in,p08,197,volunteer,data/keypoints\ball_in\ball_in_p08_197.npy,81,train
data/raw_clips\ball_in\ball_in_p08_198.mp4,ball_in,p08,198,volunteer,data/keypoints\ball_in\ball_in_p08_198.npy,82,val
data/raw_clips\ball_in\ball_in_p08_199.mp4,ball_in,p08,199,volunteer,data/keypoints\ball_in\ball_in_p08_199.npy,77,train
data/raw_clips\ball_in\ball_in_p08_2.mp4,ball_in,p08,2,volunteer,data/keypoints\ball_in\ball_in_p08_2.npy,67,train
data/raw_clips\ball_in\ball_in_p08_20.mp4,ball_in,p08,20,volunteer,data/keypoints\ball_in\ball_in_p08_20.npy,76,train
data/raw_clips\ball_in\ball_in_p08_21.mp4,ball_in,p08,21,volunteer,data/keypoints\ball_in\ball_in_p08_21.npy,97,train
data/raw_clips\ball_in\ball_in_p08_22.mp4,ball_in,p08,22,volunteer,data/keypoints\ball_in\ball_in_p08_22.npy,81,train
data/raw_clips\ball_in\ball_in_p08_23.mp4,ball_in,p08,23,volunteer,data/keypoints\ball_in\ball_in_p08_23.npy,69,train
data/raw_clips\ball_in\ball_in_p08_24.mp4,ball_in,p08,24,volunteer,data/keypoints\ball_in\ball_in_p08_24.npy,72,train
data/raw_clips\ball_in\ball_in_p08_25.mp4,ball_in,p08,25,volunteer,data/keypoints\ball_in\ball_in_p08_25.npy,82,train
data/raw_clips\ball_in\ball_in_p08_26.mp4,ball_in,p08,26,volunteer,data/keypoints\ball_in\ball_in_p08_26.npy,78,train
data/raw_clips\ball_in\ball_in_p08_27.mp4,ball_in,p08,27,volunteer,data/keypoints\ball_in\ball_in_p08_27.npy,75,train
data/raw_clips\ball_in\ball_in_p08_28.mp4,ball_in,p08,28,volunteer,data/keypoints\ball_in\ball_in_p08_28.npy,72,test
data/raw_clips\ball_in\ball_in_p08_29.mp4,ball_in,p08,29,volunteer,data/keypoints\ball_in\ball_in_p08_29.npy,75,train
data/raw_clips\ball_in\ball_in_p08_3.mp4,ball_in,p08,3,volunteer,data/keypoints\ball_in\ball_in_p08_3.npy,72,train
data/raw_clips\ball_in\ball_in_p08_30.mp4,ball_in,p08,30,volunteer,data/keypoints\ball_in\ball_in_p08_30.npy,74,train
data/raw_clips\ball_in\ball_in_p08_31.mp4,ball_in,p08,31,volunteer,data/keypoints\ball_in\ball_in_p08_31.npy,78,train
data/raw_clips\ball_in\ball_in_p08_32.mp4,ball_in,p08,32,volunteer,data/keypoints\ball_in\ball_in_p08_32.npy,83,train
data/raw_clips\ball_in\ball_in_p08_33.mp4,ball_in,p08,33,volunteer,data/keypoints\ball_in\ball_in_p08_33.npy,72,train
data/raw_clips\ball_in\ball_in_p08_34.mp4,ball_in,p08,34,volunteer,data/keypoints\ball_in\ball_in_p08_34.npy,88,train
data/raw_clips\ball_in\ball_in_p08_35.mp4,ball_in,p08,35,volunteer,data/keypoints\ball_in\ball_in_p08_35.npy,79,train
data/raw_clips\ball_in\ball_in_p08_36.mp4,ball_in,p08,36,volunteer,data/keypoints\ball_in\ball_in_p08_36.npy,66,test
data/raw_clips\ball_in\ball_in_p08_37.mp4,ball_in,p08,37,volunteer,data/keypoints\ball_in\ball_in_p08_37.npy,90,test
data/raw_clips\ball_in\ball_in_p08_38.mp4,ball_in,p08,38,volunteer,data/keypoints\ball_in\ball_in_p08_38.npy,77,train
data/raw_clips\ball_in\ball_in_p08_39.mp4,ball_in,p08,39,volunteer,data/keypoints\ball_in\ball_in_p08_39.npy,84,train
data/raw_clips\ball_in\ball_in_p08_4.mp4,ball_in,p08,4,volunteer,data/keypoints\ball_in\ball_in_p08_4.npy,76,test
data/raw_clips\ball_in\ball_in_p08_40.mp4,ball_in,p08,40,volunteer,data/keypoints\ball_in\ball_in_p08_40.npy,80,train
data/raw_clips\ball_in\ball_in_p08_41.mp4,ball_in,p08,41,volunteer,data/keypoints\ball_in\ball_in_p08_41.npy,81,train
data/raw_clips\ball_in\ball_in_p08_42.mp4,ball_in,p08,42,volunteer,data/keypoints\ball_in\ball_in_p08_42.npy,74,test
data/raw_clips\ball_in\ball_in_p08_43.mp4,ball_in,p08,43,volunteer,data/keypoints\ball_in\ball_in_p08_43.npy,84,val
data/raw_clips\ball_in\ball_in_p08_44.mp4,ball_in,p08,44,volunteer,data/keypoints\ball_in\ball_in_p08_44.npy,76,train
data/raw_clips\ball_in\ball_in_p08_45.mp4,ball_in,p08,45,volunteer,data/keypoints\ball_in\ball_in_p08_45.npy,70,train
data/raw_clips\ball_in\ball_in_p08_46.mp4,ball_in,p08,46,volunteer,data/keypoints\ball_in\ball_in_p08_46.npy,73,train
data/raw_clips\ball_in\ball_in_p08_47.mp4,ball_in,p08,47,volunteer,data/keypoints\ball_in\ball_in_p08_47.npy,70,train
data/raw_clips\ball_in\ball_in_p08_48.mp4,ball_in,p08,48,volunteer,data/keypoints\ball_in\ball_in_p08_48.npy,72,train
data/raw_clips\ball_in\ball_in_p08_49.mp4,ball_in,p08,49,volunteer,data/keypoints\ball_in\ball_in_p08_49.npy,67,train
data/raw_clips\ball_in\ball_in_p08_5.mp4,ball_in,p08,5,volunteer,data/keypoints\ball_in\ball_in_p08_5.npy,72,test
data/raw_clips\ball_in\ball_in_p08_50.mp4,ball_in,p08,50,volunteer,data/keypoints\ball_in\ball_in_p08_50.npy,74,train
data/raw_clips\ball_in\ball_in_p08_51.mp4,ball_in,p08,51,volunteer,data/keypoints\ball_in\ball_in_p08_51.npy,84,train
data/raw_clips\ball_in\ball_in_p08_52.mp4,ball_in,p08,52,volunteer,data/keypoints\ball_in\ball_in_p08_52.npy,85,train
data/raw_clips\ball_in\ball_in_p08_53.mp4,ball_in,p08,53,volunteer,data/keypoints\ball_in\ball_in_p08_53.npy,82,train
data/raw_clips\ball_in\ball_in_p08_54.mp4,ball_in,p08,54,volunteer,data/keypoints\ball_in\ball_in_p08_54.npy,81,train
data/raw_clips\ball_in\ball_in_p08_55.mp4,ball_in,p08,55,volunteer,data/keypoints\ball_in\ball_in_p08_55.npy,87,test
data/raw_clips\ball_in\ball_in_p08_56.mp4,ball_in,p08,56,volunteer,data/keypoints\ball_in\ball_in_p08_56.npy,81,val
data/raw_clips\ball_in\ball_in_p08_57.mp4,ball_in,p08,57,volunteer,data/keypoints\ball_in\ball_in_p08_57.npy,81,val
data/raw_clips\ball_in\ball_in_p08_58.mp4,ball_in,p08,58,volunteer,data/keypoints\ball_in\ball_in_p08_58.npy,87,train
data/raw_clips\ball_in\ball_in_p08_59.mp4,ball_in,p08,59,volunteer,data/keypoints\ball_in\ball_in_p08_59.npy,79,val
data/raw_clips\ball_in\ball_in_p08_6.mp4,ball_in,p08,6,volunteer,data/keypoints\ball_in\ball_in_p08_6.npy,71,train
data/raw_clips\ball_in\ball_in_p08_60.mp4,ball_in,p08,60,volunteer,data/keypoints\ball_in\ball_in_p08_60.npy,82,train
data/raw_clips\ball_in\ball_in_p08_61.mp4,ball_in,p08,61,volunteer,data/keypoints\ball_in\ball_in_p08_61.npy,84,train
data/raw_clips\ball_in\ball_in_p08_62.mp4,ball_in,p08,62,volunteer,data/keypoints\ball_in\ball_in_p08_62.npy,87,val
data/raw_clips\ball_in\ball_in_p08_63.mp4,ball_in,p08,63,volunteer,data/keypoints\ball_in\ball_in_p08_63.npy,81,val
data/raw_clips\ball_in\ball_in_p08_64.mp4,ball_in,p08,64,volunteer,data/keypoints\ball_in\ball_in_p08_64.npy,84,val
data/raw_clips\ball_in\ball_in_p08_65.mp4,ball_in,p08,65,volunteer,data/keypoints\ball_in\ball_in_p08_65.npy,85,train
data/raw_clips\ball_in\ball_in_p08_66.mp4,ball_in,p08,66,volunteer,data/keypoints\ball_in\ball_in_p08_66.npy,78,test
data/raw_clips\ball_in\ball_in_p08_67.mp4,ball_in,p08,67,volunteer,data/keypoints\ball_in\ball_in_p08_67.npy,82,train
data/raw_clips\ball_in\ball_in_p08_68.mp4,ball_in,p08,68,volunteer,data/keypoints\ball_in\ball_in_p08_68.npy,90,train
data/raw_clips\ball_in\ball_in_p08_69.mp4,ball_in,p08,69,volunteer,data/keypoints\ball_in\ball_in_p08_69.npy,89,train
data/raw_clips\ball_in\ball_in_p08_7.mp4,ball_in,p08,7,volunteer,data/keypoints\ball_in\ball_in_p08_7.npy,81,train
data/raw_clips\ball_in\ball_in_p08_70.mp4,ball_in,p08,70,volunteer,data/keypoints\ball_in\ball_in_p08_70.npy,80,val
data/raw_clips\ball_in\ball_in_p08_71.mp4,ball_in,p08,71,volunteer,data/keypoints\ball_in\ball_in_p08_71.npy,86,train
data/raw_clips\ball_in\ball_in_p08_72.mp4,ball_in,p08,72,volunteer,data/keypoints\ball_in\ball_in_p08_72.npy,87,train
data/raw_clips\ball_in\ball_in_p08_73.mp4,ball_in,p08,73,volunteer,data/keypoints\ball_in\ball_in_p08_73.npy,86,test
data/raw_clips\ball_in\ball_in_p08_74.mp4,ball_in,p08,74,volunteer,data/keypoints\ball_in\ball_in_p08_74.npy,78,train
data/raw_clips\ball_in\ball_in_p08_75.mp4,ball_in,p08,75,volunteer,data/keypoints\ball_in\ball_in_p08_75.npy,81,val
data/raw_clips\ball_in\ball_in_p08_76.mp4,ball_in,p08,76,volunteer,data/keypoints\ball_in\ball_in_p08_76.npy,84,train
data/raw_clips\ball_in\ball_in_p08_77.mp4,ball_in,p08,77,volunteer,data/keypoints\ball_in\ball_in_p08_77.npy,93,train
data/raw_clips\ball_in\ball_in_p08_78.mp4,ball_in,p08,78,volunteer,data/keypoints\ball_in\ball_in_p08_78.npy,90,train
data/raw_clips\ball_in\ball_in_p08_79.mp4,ball_in,p08,79,volunteer,data/keypoints\ball_in\ball_in_p08_79.npy,75,train
data/raw_clips\ball_in\ball_in_p08_8.mp4,ball_in,p08,8,volunteer,data/keypoints\ball_in\ball_in_p08_8.npy,75,test
data/raw_clips\ball_in\ball_in_p08_80.mp4,ball_in,p08,80,volunteer,data/keypoints\ball_in\ball_in_p08_80.npy,88,train
data/raw_clips\ball_in\ball_in_p08_81.mp4,ball_in,p08,81,volunteer,data/keypoints\ball_in\ball_in_p08_81.npy,87,train
data/raw_clips\ball_in\ball_in_p08_82.mp4,ball_in,p08,82,volunteer,data/keypoints\ball_in\ball_in_p08_82.npy,79,train
data/raw_clips\ball_in\ball_in_p08_83.mp4,ball_in,p08,83,volunteer,data/keypoints\ball_in\ball_in_p08_83.npy,87,train
data/raw_clips\ball_in\ball_in_p08_84.mp4,ball_in,p08,84,volunteer,data/keypoints\ball_in\ball_in_p08_84.npy,84,train
data/raw_clips\ball_in\ball_in_p08_85.mp4,ball_in,p08,85,volunteer,data/keypoints\ball_in\ball_in_p08_85.npy,90,train
data/raw_clips\ball_in\ball_in_p08_86.mp4,ball_in,p08,86,volunteer,data/keypoints\ball_in\ball_in_p08_86.npy,90,train
data/raw_clips\ball_in\ball_in_p08_87.mp4,ball_in,p08,87,volunteer,data/keypoints\ball_in\ball_in_p08_87.npy,83,val
data/raw_clips\ball_in\ball_in_p08_88.mp4,ball_in,p08,88,volunteer,data/keypoints\ball_in\ball_in_p08_88.npy,83,train
data/raw_clips\ball_in\ball_in_p08_89.mp4,ball_in,p08,89,volunteer,data/keypoints\ball_in\ball_in_p08_89.npy,83,train
data/raw_clips\ball_in\ball_in_p08_9.mp4,ball_in,p08,9,volunteer,data/keypoints\ball_in\ball_in_p08_9.npy,66,train
data/raw_clips\ball_in\ball_in_p08_90.mp4,ball_in,p08,90,volunteer,data/keypoints\ball_in\ball_in_p08_90.npy,80,val
data/raw_clips\ball_in\ball_in_p08_91.mp4,ball_in,p08,91,volunteer,data/keypoints\ball_in\ball_in_p08_91.npy,78,train
data/raw_clips\ball_in\ball_in_p08_92.mp4,ball_in,p08,92,volunteer,data/keypoints\ball_in\ball_in_p08_92.npy,68,train
data/raw_clips\ball_in\ball_in_p08_93.mp4,ball_in,p08,93,volunteer,data/keypoints\ball_in\ball_in_p08_93.npy,80,val
data/raw_clips\ball_in\ball_in_p08_94.mp4,ball_in,p08,94,volunteer,data/keypoints\ball_in\ball_in_p08_94.npy,77,test
data/raw_clips\ball_in\ball_in_p08_95.mp4,ball_in,p08,95,volunteer,data/keypoints\ball_in\ball_in_p08_95.npy,81,test
data/raw_clips\ball_in\ball_in_p08_96.mp4,ball_in,p08,96,volunteer,data/keypoints\ball_in\ball_in_p08_96.npy,83,train
data/raw_clips\ball_in\ball_in_p08_97.mp4,ball_in,p08,97,volunteer,data/keypoints\ball_in\ball_in_p08_97.npy,79,train
data/raw_clips\ball_in\ball_in_p08_98.mp4,ball_in,p08,98,volunteer,data/keypoints\ball_in\ball_in_p08_98.npy,84,train
data/raw_clips\ball_in\ball_in_p08_99.mp4,ball_in,p08,99,volunteer,data/keypoints\ball_in\ball_in_p08_99.npy,90,val
external/maxlsb_volley-judge/Nothing/1,nothing,pmax,1,external_maxlsb,data\keypoints\nothing\maxlsb_nothing_1.npy,30,train
external/maxlsb_volley-judge/Nothing/2,nothing,pmax,2,external_maxlsb,data\keypoints\nothing\maxlsb_nothing_2.npy,30,train
external/maxlsb_volley-judge/Nothing/3,nothing,pmax,3,external_maxlsb,data\keypoints\nothing\maxlsb_nothing_3.npy,30,test
external/maxlsb_volley-judge/Nothing/4,nothing,pmax,4,external_maxlsb,data\keypoints\nothing\maxlsb_nothing_4.npy,30,val
external/maxlsb_volley-judge/Nothing/5,nothing,pmax,5,external_maxlsb,data\keypoints\nothing\maxlsb_nothing_5.npy,30,val
external/maxlsb_volley-judge/Nothing/6,nothing,pmax,6,external_maxlsb,data\keypoints\nothing\maxlsb_nothing_6.npy,30,val
external/maxlsb_volley-judge/Nothing/7,nothing,pmax,7,external_maxlsb,data\keypoints\nothing\maxlsb_nothing_7.npy,30,train
external/maxlsb_volley-judge/Nothing/8,nothing,pmax,8,external_maxlsb,data\keypoints\nothing\maxlsb_nothing_8.npy,30,train
external/maxlsb_volley-judge/Nothing/9,nothing,pmax,9,external_maxlsb,data\keypoints\nothing\maxlsb_nothing_9.npy,30,train
external/maxlsb_volley-judge/Nothing/10,nothing,pmax,10,external_maxlsb,data\keypoints\nothing\maxlsb_nothing_10.npy,30,train
external/maxlsb_volley-judge/Nothing/11,nothing,pmax,11,external_maxlsb,data\keypoints\nothing\maxlsb_nothing_11.npy,30,test
external/maxlsb_volley-judge/Nothing/12,nothing,pmax,12,external_maxlsb,data\keypoints\nothing\maxlsb_nothing_12.npy,30,train
external/maxlsb_volley-judge/Nothing/13,nothing,pmax,13,external_maxlsb,data\keypoints\nothing\maxlsb_nothing_13.npy,30,train
external/maxlsb_volley-judge/Nothing/14,nothing,pmax,14,external_maxlsb,data\keypoints\nothing\maxlsb_nothing_14.npy,30,train
external/maxlsb_volley-judge/Nothing/15,nothing,pmax,15,external_maxlsb,data\keypoints\nothing\maxlsb_nothing_15.npy,30,train
external/maxlsb_volley-judge/Nothing/16,nothing,pmax,16,external_maxlsb,data\keypoints\nothing\maxlsb_nothing_16.npy,30,train
external/maxlsb_volley-judge/Nothing/17,nothing,pmax,17,external_maxlsb,data\keypoints\nothing\maxlsb_nothing_17.npy,30,train
external/maxlsb_volley-judge/Nothing/18,nothing,pmax,18,external_maxlsb,data\keypoints\nothing\maxlsb_nothing_18.npy,30,train
external/maxlsb_volley-judge/Nothing/19,nothing,pmax,19,external_maxlsb,data\keypoints\nothing\maxlsb_nothing_19.npy,30,test
external/maxlsb_volley-judge/Nothing/20,nothing,pmax,20,external_maxlsb,data\keypoints\nothing\maxlsb_nothing_20.npy,30,train
external/maxlsb_volley-judge/Nothing/21,nothing,pmax,21,external_maxlsb,data\keypoints\nothing\maxlsb_nothing_21.npy,30,train
external/maxlsb_volley-judge/Nothing/22,nothing,pmax,22,external_maxlsb,data\keypoints\nothing\maxlsb_nothing_22.npy,30,train
external/maxlsb_volley-judge/Nothing/23,nothing,pmax,23,external_maxlsb,data\keypoints\nothing\maxlsb_nothing_23.npy,30,train
external/maxlsb_volley-judge/Nothing/24,nothing,pmax,24,external_maxlsb,data\keypoints\nothing\maxlsb_nothing_24.npy,30,train
external/maxlsb_volley-judge/Nothing/25,nothing,pmax,25,external_maxlsb,data\keypoints\nothing\maxlsb_nothing_25.npy,30,train
external/maxlsb_volley-judge/Nothing/26,nothing,pmax,26,external_maxlsb,data\keypoints\nothing\maxlsb_nothing_26.npy,30,train
external/maxlsb_volley-judge/Nothing/27,nothing,pmax,27,external_maxlsb,data\keypoints\nothing\maxlsb_nothing_27.npy,30,test
external/maxlsb_volley-judge/Nothing/28,nothing,pmax,28,external_maxlsb,data\keypoints\nothing\maxlsb_nothing_28.npy,30,train
external/maxlsb_volley-judge/Nothing/29,nothing,pmax,29,external_maxlsb,data\keypoints\nothing\maxlsb_nothing_29.npy,30,test
external/maxlsb_volley-judge/Nothing/30,nothing,pmax,30,external_maxlsb,data\keypoints\nothing\maxlsb_nothing_30.npy,30,train
external/maxlsb_volley-judge/Nothing/31,nothing,pmax,31,external_maxlsb,data\keypoints\nothing\maxlsb_nothing_31.npy,30,val
external/maxlsb_volley-judge/Nothing/32,nothing,pmax,32,external_maxlsb,data\keypoints\nothing\maxlsb_nothing_32.npy,30,train
external/maxlsb_volley-judge/Nothing/33,nothing,pmax,33,external_maxlsb,data\keypoints\nothing\maxlsb_nothing_33.npy,30,val
external/maxlsb_volley-judge/Nothing/34,nothing,pmax,34,external_maxlsb,data\keypoints\nothing\maxlsb_nothing_34.npy,30,test
external/maxlsb_volley-judge/Nothing/35,nothing,pmax,35,external_maxlsb,data\keypoints\nothing\maxlsb_nothing_35.npy,30,train
external/maxlsb_volley-judge/Nothing/36,nothing,pmax,36,external_maxlsb,data\keypoints\nothing\maxlsb_nothing_36.npy,30,train
external/maxlsb_volley-judge/Nothing/37,nothing,pmax,37,external_maxlsb,data\keypoints\nothing\maxlsb_nothing_37.npy,30,train
external/maxlsb_volley-judge/Nothing/38,nothing,pmax,38,external_maxlsb,data\keypoints\nothing\maxlsb_nothing_38.npy,30,train
external/maxlsb_volley-judge/Nothing/39,nothing,pmax,39,external_maxlsb,data\keypoints\nothing\maxlsb_nothing_39.npy,30,train
external/maxlsb_volley-judge/Nothing/40,nothing,pmax,40,external_maxlsb,data\keypoints\nothing\maxlsb_nothing_40.npy,30,train
external/maxlsb_volley-judge/Nothing/41,nothing,pmax,41,external_maxlsb,data\keypoints\nothing\maxlsb_nothing_41.npy,30,val
external/maxlsb_volley-judge/Nothing/42,nothing,pmax,42,external_maxlsb,data\keypoints\nothing\maxlsb_nothing_42.npy,30,train
external/maxlsb_volley-judge/Nothing/43,nothing,pmax,43,external_maxlsb,data\keypoints\nothing\maxlsb_nothing_43.npy,30,train
external/maxlsb_volley-judge/Nothing/44,nothing,pmax,44,external_maxlsb,data\keypoints\nothing\maxlsb_nothing_44.npy,30,test
external/maxlsb_volley-judge/Nothing/45,nothing,pmax,45,external_maxlsb,data\keypoints\nothing\maxlsb_nothing_45.npy,30,train
external/maxlsb_volley-judge/Nothing/46,nothing,pmax,46,external_maxlsb,data\keypoints\nothing\maxlsb_nothing_46.npy,30,train
external/maxlsb_volley-judge/Nothing/47,nothing,pmax,47,external_maxlsb,data\keypoints\nothing\maxlsb_nothing_47.npy,30,train
external/maxlsb_volley-judge/Nothing/48,nothing,pmax,48,external_maxlsb,data\keypoints\nothing\maxlsb_nothing_48.npy,30,val
external/maxlsb_volley-judge/Nothing/49,nothing,pmax,49,external_maxlsb,data\keypoints\nothing\maxlsb_nothing_49.npy,30,train
external/maxlsb_volley-judge/Nothing/50,nothing,pmax,50,external_maxlsb,data\keypoints\nothing\maxlsb_nothing_50.npy,30,train
external/maxlsb_volley-judge/DbHit/1,double_contact,pmax,1,external_maxlsb,data\keypoints\double_contact\maxlsb_double_contact_1.npy,30,train
external/maxlsb_volley-judge/DbHit/2,double_contact,pmax,2,external_maxlsb,data\keypoints\double_contact\maxlsb_double_contact_2.npy,30,train
external/maxlsb_volley-judge/DbHit/3,double_contact,pmax,3,external_maxlsb,data\keypoints\double_contact\maxlsb_double_contact_3.npy,30,train
external/maxlsb_volley-judge/DbHit/4,double_contact,pmax,4,external_maxlsb,data\keypoints\double_contact\maxlsb_double_contact_4.npy,30,train
external/maxlsb_volley-judge/DbHit/5,double_contact,pmax,5,external_maxlsb,data\keypoints\double_contact\maxlsb_double_contact_5.npy,30,train
external/maxlsb_volley-judge/DbHit/6,double_contact,pmax,6,external_maxlsb,data\keypoints\double_contact\maxlsb_double_contact_6.npy,30,train
external/maxlsb_volley-judge/DbHit/7,double_contact,pmax,7,external_maxlsb,data\keypoints\double_contact\maxlsb_double_contact_7.npy,30,train
external/maxlsb_volley-judge/DbHit/8,double_contact,pmax,8,external_maxlsb,data\keypoints\double_contact\maxlsb_double_contact_8.npy,30,train
external/maxlsb_volley-judge/DbHit/9,double_contact,pmax,9,external_maxlsb,data\keypoints\double_contact\maxlsb_double_contact_9.npy,30,train
external/maxlsb_volley-judge/DbHit/10,double_contact,pmax,10,external_maxlsb,data\keypoints\double_contact\maxlsb_double_contact_10.npy,30,train
external/maxlsb_volley-judge/DbHit/11,double_contact,pmax,11,external_maxlsb,data\keypoints\double_contact\maxlsb_double_contact_11.npy,30,train
external/maxlsb_volley-judge/DbHit/12,double_contact,pmax,12,external_maxlsb,data\keypoints\double_contact\maxlsb_double_contact_12.npy,30,train
external/maxlsb_volley-judge/DbHit/13,double_contact,pmax,13,external_maxlsb,data\keypoints\double_contact\maxlsb_double_contact_13.npy,30,train
external/maxlsb_volley-judge/DbHit/14,double_contact,pmax,14,external_maxlsb,data\keypoints\double_contact\maxlsb_double_contact_14.npy,30,train
external/maxlsb_volley-judge/DbHit/15,double_contact,pmax,15,external_maxlsb,data\keypoints\double_contact\maxlsb_double_contact_15.npy,30,train
external/maxlsb_volley-judge/DbHit/16,double_contact,pmax,16,external_maxlsb,data\keypoints\double_contact\maxlsb_double_contact_16.npy,30,train
external/maxlsb_volley-judge/DbHit/17,double_contact,pmax,17,external_maxlsb,data\keypoints\double_contact\maxlsb_double_contact_17.npy,30,train
external/maxlsb_volley-judge/DbHit/18,double_contact,pmax,18,external_maxlsb,data\keypoints\double_contact\maxlsb_double_contact_18.npy,30,train
external/maxlsb_volley-judge/DbHit/19,double_contact,pmax,19,external_maxlsb,data\keypoints\double_contact\maxlsb_double_contact_19.npy,30,train
external/maxlsb_volley-judge/DbHit/20,double_contact,pmax,20,external_maxlsb,data\keypoints\double_contact\maxlsb_double_contact_20.npy,30,train
external/maxlsb_volley-judge/DbHit/21,double_contact,pmax,21,external_maxlsb,data\keypoints\double_contact\maxlsb_double_contact_21.npy,30,train
external/maxlsb_volley-judge/DbHit/22,double_contact,pmax,22,external_maxlsb,data\keypoints\double_contact\maxlsb_double_contact_22.npy,30,train
external/maxlsb_volley-judge/DbHit/23,double_contact,pmax,23,external_maxlsb,data\keypoints\double_contact\maxlsb_double_contact_23.npy,30,train
external/maxlsb_volley-judge/DbHit/24,double_contact,pmax,24,external_maxlsb,data\keypoints\double_contact\maxlsb_double_contact_24.npy,30,train
external/maxlsb_volley-judge/DbHit/25,double_contact,pmax,25,external_maxlsb,data\keypoints\double_contact\maxlsb_double_contact_25.npy,30,train
external/maxlsb_volley-judge/DbHit/26,double_contact,pmax,26,external_maxlsb,data\keypoints\double_contact\maxlsb_double_contact_26.npy,30,train
external/maxlsb_volley-judge/DbHit/27,double_contact,pmax,27,external_maxlsb,data\keypoints\double_contact\maxlsb_double_contact_27.npy,30,train
external/maxlsb_volley-judge/DbHit/28,double_contact,pmax,28,external_maxlsb,data\keypoints\double_contact\maxlsb_double_contact_28.npy,30,train
external/maxlsb_volley-judge/DbHit/29,double_contact,pmax,29,external_maxlsb,data\keypoints\double_contact\maxlsb_double_contact_29.npy,30,train
external/maxlsb_volley-judge/DbHit/30,double_contact,pmax,30,external_maxlsb,data\keypoints\double_contact\maxlsb_double_contact_30.npy,30,train
external/maxlsb_volley-judge/DbHit/31,double_contact,pmax,31,external_maxlsb,data\keypoints\double_contact\maxlsb_double_contact_31.npy,30,train
external/maxlsb_volley-judge/DbHit/32,double_contact,pmax,32,external_maxlsb,data\keypoints\double_contact\maxlsb_double_contact_32.npy,30,train
external/maxlsb_volley-judge/DbHit/33,double_contact,pmax,33,external_maxlsb,data\keypoints\double_contact\maxlsb_double_contact_33.npy,30,train
external/maxlsb_volley-judge/DbHit/34,double_contact,pmax,34,external_maxlsb,data\keypoints\double_contact\maxlsb_double_contact_34.npy,30,train
external/maxlsb_volley-judge/DbHit/35,double_contact,pmax,35,external_maxlsb,data\keypoints\double_contact\maxlsb_double_contact_35.npy,30,train
external/maxlsb_volley-judge/DbHit/36,double_contact,pmax,36,external_maxlsb,data\keypoints\double_contact\maxlsb_double_contact_36.npy,30,train
external/maxlsb_volley-judge/DbHit/37,double_contact,pmax,37,external_maxlsb,data\keypoints\double_contact\maxlsb_double_contact_37.npy,30,train
external/maxlsb_volley-judge/DbHit/38,double_contact,pmax,38,external_maxlsb,data\keypoints\double_contact\maxlsb_double_contact_38.npy,30,train
external/maxlsb_volley-judge/DbHit/39,double_contact,pmax,39,external_maxlsb,data\keypoints\double_contact\maxlsb_double_contact_39.npy,30,train
external/maxlsb_volley-judge/DbHit/40,double_contact,pmax,40,external_maxlsb,data\keypoints\double_contact\maxlsb_double_contact_40.npy,30,train
external/maxlsb_volley-judge/DbHit/41,double_contact,pmax,41,external_maxlsb,data\keypoints\double_contact\maxlsb_double_contact_41.npy,30,train
external/maxlsb_volley-judge/DbHit/42,double_contact,pmax,42,external_maxlsb,data\keypoints\double_contact\maxlsb_double_contact_42.npy,30,train
external/maxlsb_volley-judge/DbHit/43,double_contact,pmax,43,external_maxlsb,data\keypoints\double_contact\maxlsb_double_contact_43.npy,30,train
external/maxlsb_volley-judge/DbHit/44,double_contact,pmax,44,external_maxlsb,data\keypoints\double_contact\maxlsb_double_contact_44.npy,30,train
external/maxlsb_volley-judge/DbHit/45,double_contact,pmax,45,external_maxlsb,data\keypoints\double_contact\maxlsb_double_contact_45.npy,30,train
external/maxlsb_volley-judge/DbHit/46,double_contact,pmax,46,external_maxlsb,data\keypoints\double_contact\maxlsb_double_contact_46.npy,30,train
external/maxlsb_volley-judge/DbHit/47,double_contact,pmax,47,external_maxlsb,data\keypoints\double_contact\maxlsb_double_contact_47.npy,30,train
external/maxlsb_volley-judge/DbHit/48,double_contact,pmax,48,external_maxlsb,data\keypoints\double_contact\maxlsb_double_contact_48.npy,30,train
external/maxlsb_volley-judge/DbHit/49,double_contact,pmax,49,external_maxlsb,data\keypoints\double_contact\maxlsb_double_contact_49.npy,30,train
external/maxlsb_volley-judge/DbHit/50,double_contact,pmax,50,external_maxlsb,data\keypoints\double_contact\maxlsb_double_contact_50.npy,30,train
external/maxlsb_volley-judge/OutofB/1,ball_out,pmax,1,external_maxlsb,data\keypoints\ball_out\maxlsb_ball_out_1.npy,30,train
external/maxlsb_volley-judge/OutofB/2,ball_out,pmax,2,external_maxlsb,data\keypoints\ball_out\maxlsb_ball_out_2.npy,30,train
external/maxlsb_volley-judge/OutofB/3,ball_out,pmax,3,external_maxlsb,data\keypoints\ball_out\maxlsb_ball_out_3.npy,30,train
external/maxlsb_volley-judge/OutofB/4,ball_out,pmax,4,external_maxlsb,data\keypoints\ball_out\maxlsb_ball_out_4.npy,30,train
external/maxlsb_volley-judge/OutofB/5,ball_out,pmax,5,external_maxlsb,data\keypoints\ball_out\maxlsb_ball_out_5.npy,30,train
external/maxlsb_volley-judge/OutofB/6,ball_out,pmax,6,external_maxlsb,data\keypoints\ball_out\maxlsb_ball_out_6.npy,30,train
external/maxlsb_volley-judge/OutofB/7,ball_out,pmax,7,external_maxlsb,data\keypoints\ball_out\maxlsb_ball_out_7.npy,30,train
external/maxlsb_volley-judge/OutofB/8,ball_out,pmax,8,external_maxlsb,data\keypoints\ball_out\maxlsb_ball_out_8.npy,30,train
external/maxlsb_volley-judge/OutofB/9,ball_out,pmax,9,external_maxlsb,data\keypoints\ball_out\maxlsb_ball_out_9.npy,30,train
external/maxlsb_volley-judge/OutofB/10,ball_out,pmax,10,external_maxlsb,data\keypoints\ball_out\maxlsb_ball_out_10.npy,30,train
external/maxlsb_volley-judge/OutofB/11,ball_out,pmax,11,external_maxlsb,data\keypoints\ball_out\maxlsb_ball_out_11.npy,30,train
external/maxlsb_volley-judge/OutofB/12,ball_out,pmax,12,external_maxlsb,data\keypoints\ball_out\maxlsb_ball_out_12.npy,30,train
external/maxlsb_volley-judge/OutofB/13,ball_out,pmax,13,external_maxlsb,data\keypoints\ball_out\maxlsb_ball_out_13.npy,30,train
external/maxlsb_volley-judge/OutofB/14,ball_out,pmax,14,external_maxlsb,data\keypoints\ball_out\maxlsb_ball_out_14.npy,30,train
external/maxlsb_volley-judge/OutofB/15,ball_out,pmax,15,external_maxlsb,data\keypoints\ball_out\maxlsb_ball_out_15.npy,30,train
external/maxlsb_volley-judge/OutofB/16,ball_out,pmax,16,external_maxlsb,data\keypoints\ball_out\maxlsb_ball_out_16.npy,30,train
external/maxlsb_volley-judge/OutofB/17,ball_out,pmax,17,external_maxlsb,data\keypoints\ball_out\maxlsb_ball_out_17.npy,30,train
external/maxlsb_volley-judge/OutofB/18,ball_out,pmax,18,external_maxlsb,data\keypoints\ball_out\maxlsb_ball_out_18.npy,30,train
external/maxlsb_volley-judge/OutofB/19,ball_out,pmax,19,external_maxlsb,data\keypoints\ball_out\maxlsb_ball_out_19.npy,30,train
external/maxlsb_volley-judge/OutofB/20,ball_out,pmax,20,external_maxlsb,data\keypoints\ball_out\maxlsb_ball_out_20.npy,30,train
external/maxlsb_volley-judge/OutofB/21,ball_out,pmax,21,external_maxlsb,data\keypoints\ball_out\maxlsb_ball_out_21.npy,30,train
external/maxlsb_volley-judge/OutofB/22,ball_out,pmax,22,external_maxlsb,data\keypoints\ball_out\maxlsb_ball_out_22.npy,30,train
external/maxlsb_volley-judge/OutofB/23,ball_out,pmax,23,external_maxlsb,data\keypoints\ball_out\maxlsb_ball_out_23.npy,30,train
external/maxlsb_volley-judge/OutofB/24,ball_out,pmax,24,external_maxlsb,data\keypoints\ball_out\maxlsb_ball_out_24.npy,30,train
external/maxlsb_volley-judge/OutofB/25,ball_out,pmax,25,external_maxlsb,data\keypoints\ball_out\maxlsb_ball_out_25.npy,30,train
external/maxlsb_volley-judge/OutofB/26,ball_out,pmax,26,external_maxlsb,data\keypoints\ball_out\maxlsb_ball_out_26.npy,30,train
external/maxlsb_volley-judge/OutofB/27,ball_out,pmax,27,external_maxlsb,data\keypoints\ball_out\maxlsb_ball_out_27.npy,30,train
external/maxlsb_volley-judge/OutofB/28,ball_out,pmax,28,external_maxlsb,data\keypoints\ball_out\maxlsb_ball_out_28.npy,30,train
external/maxlsb_volley-judge/OutofB/29,ball_out,pmax,29,external_maxlsb,data\keypoints\ball_out\maxlsb_ball_out_29.npy,30,train
external/maxlsb_volley-judge/OutofB/30,ball_out,pmax,30,external_maxlsb,data\keypoints\ball_out\maxlsb_ball_out_30.npy,30,train
external/maxlsb_volley-judge/OutofB/31,ball_out,pmax,31,external_maxlsb,data\keypoints\ball_out\maxlsb_ball_out_31.npy,30,train
external/maxlsb_volley-judge/OutofB/32,ball_out,pmax,32,external_maxlsb,data\keypoints\ball_out\maxlsb_ball_out_32.npy,30,train
external/maxlsb_volley-judge/OutofB/33,ball_out,pmax,33,external_maxlsb,data\keypoints\ball_out\maxlsb_ball_out_33.npy,30,train
external/maxlsb_volley-judge/OutofB/34,ball_out,pmax,34,external_maxlsb,data\keypoints\ball_out\maxlsb_ball_out_34.npy,30,train
external/maxlsb_volley-judge/OutofB/35,ball_out,pmax,35,external_maxlsb,data\keypoints\ball_out\maxlsb_ball_out_35.npy,30,train
external/maxlsb_volley-judge/OutofB/36,ball_out,pmax,36,external_maxlsb,data\keypoints\ball_out\maxlsb_ball_out_36.npy,30,train
external/maxlsb_volley-judge/OutofB/37,ball_out,pmax,37,external_maxlsb,data\keypoints\ball_out\maxlsb_ball_out_37.npy,30,train
external/maxlsb_volley-judge/OutofB/38,ball_out,pmax,38,external_maxlsb,data\keypoints\ball_out\maxlsb_ball_out_38.npy,30,train
external/maxlsb_volley-judge/OutofB/39,ball_out,pmax,39,external_maxlsb,data\keypoints\ball_out\maxlsb_ball_out_39.npy,30,train
external/maxlsb_volley-judge/OutofB/40,ball_out,pmax,40,external_maxlsb,data\keypoints\ball_out\maxlsb_ball_out_40.npy,30,train
external/maxlsb_volley-judge/OutofB/41,ball_out,pmax,41,external_maxlsb,data\keypoints\ball_out\maxlsb_ball_out_41.npy,30,train
external/maxlsb_volley-judge/OutofB/42,ball_out,pmax,42,external_maxlsb,data\keypoints\ball_out\maxlsb_ball_out_42.npy,30,train
external/maxlsb_volley-judge/OutofB/43,ball_out,pmax,43,external_maxlsb,data\keypoints\ball_out\maxlsb_ball_out_43.npy,30,train
external/maxlsb_volley-judge/OutofB/44,ball_out,pmax,44,external_maxlsb,data\keypoints\ball_out\maxlsb_ball_out_44.npy,30,train
external/maxlsb_volley-judge/OutofB/45,ball_out,pmax,45,external_maxlsb,data\keypoints\ball_out\maxlsb_ball_out_45.npy,30,train
external/maxlsb_volley-judge/OutofB/46,ball_out,pmax,46,external_maxlsb,data\keypoints\ball_out\maxlsb_ball_out_46.npy,30,train
external/maxlsb_volley-judge/OutofB/47,ball_out,pmax,47,external_maxlsb,data\keypoints\ball_out\maxlsb_ball_out_47.npy,30,train
external/maxlsb_volley-judge/OutofB/48,ball_out,pmax,48,external_maxlsb,data\keypoints\ball_out\maxlsb_ball_out_48.npy,30,train
external/maxlsb_volley-judge/OutofB/49,ball_out,pmax,49,external_maxlsb,data\keypoints\ball_out\maxlsb_ball_out_49.npy,30,train
external/maxlsb_volley-judge/OutofB/50,ball_out,pmax,50,external_maxlsb,data\keypoints\ball_out\maxlsb_ball_out_50.npy,30,train
external/maxlsb_volley-judge/pointL/1,team_to_serve_left,pmax,1,external_maxlsb,data\keypoints\team_to_serve_left\maxlsb_team_to_serve_left_1.npy,30,train
external/maxlsb_volley-judge/pointL/2,team_to_serve_left,pmax,2,external_maxlsb,data\keypoints\team_to_serve_left\maxlsb_team_to_serve_left_2.npy,30,train
external/maxlsb_volley-judge/pointL/3,team_to_serve_left,pmax,3,external_maxlsb,data\keypoints\team_to_serve_left\maxlsb_team_to_serve_left_3.npy,30,train
external/maxlsb_volley-judge/pointL/4,team_to_serve_left,pmax,4,external_maxlsb,data\keypoints\team_to_serve_left\maxlsb_team_to_serve_left_4.npy,30,train
external/maxlsb_volley-judge/pointL/5,team_to_serve_left,pmax,5,external_maxlsb,data\keypoints\team_to_serve_left\maxlsb_team_to_serve_left_5.npy,30,train
external/maxlsb_volley-judge/pointL/6,team_to_serve_left,pmax,6,external_maxlsb,data\keypoints\team_to_serve_left\maxlsb_team_to_serve_left_6.npy,30,train
external/maxlsb_volley-judge/pointL/7,team_to_serve_left,pmax,7,external_maxlsb,data\keypoints\team_to_serve_left\maxlsb_team_to_serve_left_7.npy,30,train
external/maxlsb_volley-judge/pointL/8,team_to_serve_left,pmax,8,external_maxlsb,data\keypoints\team_to_serve_left\maxlsb_team_to_serve_left_8.npy,30,train
external/maxlsb_volley-judge/pointL/9,team_to_serve_left,pmax,9,external_maxlsb,data\keypoints\team_to_serve_left\maxlsb_team_to_serve_left_9.npy,30,train
external/maxlsb_volley-judge/pointL/10,team_to_serve_left,pmax,10,external_maxlsb,data\keypoints\team_to_serve_left\maxlsb_team_to_serve_left_10.npy,30,train
external/maxlsb_volley-judge/pointL/11,team_to_serve_left,pmax,11,external_maxlsb,data\keypoints\team_to_serve_left\maxlsb_team_to_serve_left_11.npy,30,train
external/maxlsb_volley-judge/pointL/12,team_to_serve_left,pmax,12,external_maxlsb,data\keypoints\team_to_serve_left\maxlsb_team_to_serve_left_12.npy,30,train
external/maxlsb_volley-judge/pointL/13,team_to_serve_left,pmax,13,external_maxlsb,data\keypoints\team_to_serve_left\maxlsb_team_to_serve_left_13.npy,30,train
external/maxlsb_volley-judge/pointL/14,team_to_serve_left,pmax,14,external_maxlsb,data\keypoints\team_to_serve_left\maxlsb_team_to_serve_left_14.npy,30,train
external/maxlsb_volley-judge/pointL/15,team_to_serve_left,pmax,15,external_maxlsb,data\keypoints\team_to_serve_left\maxlsb_team_to_serve_left_15.npy,30,train
external/maxlsb_volley-judge/pointL/16,team_to_serve_left,pmax,16,external_maxlsb,data\keypoints\team_to_serve_left\maxlsb_team_to_serve_left_16.npy,30,train
external/maxlsb_volley-judge/pointL/17,team_to_serve_left,pmax,17,external_maxlsb,data\keypoints\team_to_serve_left\maxlsb_team_to_serve_left_17.npy,30,train
external/maxlsb_volley-judge/pointL/18,team_to_serve_left,pmax,18,external_maxlsb,data\keypoints\team_to_serve_left\maxlsb_team_to_serve_left_18.npy,30,train
external/maxlsb_volley-judge/pointL/19,team_to_serve_left,pmax,19,external_maxlsb,data\keypoints\team_to_serve_left\maxlsb_team_to_serve_left_19.npy,30,train
external/maxlsb_volley-judge/pointL/20,team_to_serve_left,pmax,20,external_maxlsb,data\keypoints\team_to_serve_left\maxlsb_team_to_serve_left_20.npy,30,train
external/maxlsb_volley-judge/pointL/21,team_to_serve_left,pmax,21,external_maxlsb,data\keypoints\team_to_serve_left\maxlsb_team_to_serve_left_21.npy,30,train
external/maxlsb_volley-judge/pointL/22,team_to_serve_left,pmax,22,external_maxlsb,data\keypoints\team_to_serve_left\maxlsb_team_to_serve_left_22.npy,30,train
external/maxlsb_volley-judge/pointL/23,team_to_serve_left,pmax,23,external_maxlsb,data\keypoints\team_to_serve_left\maxlsb_team_to_serve_left_23.npy,30,train
external/maxlsb_volley-judge/pointL/24,team_to_serve_left,pmax,24,external_maxlsb,data\keypoints\team_to_serve_left\maxlsb_team_to_serve_left_24.npy,30,train
external/maxlsb_volley-judge/pointL/25,team_to_serve_left,pmax,25,external_maxlsb,data\keypoints\team_to_serve_left\maxlsb_team_to_serve_left_25.npy,30,train
external/maxlsb_volley-judge/pointL/26,team_to_serve_left,pmax,26,external_maxlsb,data\keypoints\team_to_serve_left\maxlsb_team_to_serve_left_26.npy,30,train
external/maxlsb_volley-judge/pointL/27,team_to_serve_left,pmax,27,external_maxlsb,data\keypoints\team_to_serve_left\maxlsb_team_to_serve_left_27.npy,30,train
external/maxlsb_volley-judge/pointL/28,team_to_serve_left,pmax,28,external_maxlsb,data\keypoints\team_to_serve_left\maxlsb_team_to_serve_left_28.npy,30,train
external/maxlsb_volley-judge/pointL/29,team_to_serve_left,pmax,29,external_maxlsb,data\keypoints\team_to_serve_left\maxlsb_team_to_serve_left_29.npy,30,train
external/maxlsb_volley-judge/pointL/30,team_to_serve_left,pmax,30,external_maxlsb,data\keypoints\team_to_serve_left\maxlsb_team_to_serve_left_30.npy,30,train
external/maxlsb_volley-judge/pointL/31,team_to_serve_left,pmax,31,external_maxlsb,data\keypoints\team_to_serve_left\maxlsb_team_to_serve_left_31.npy,30,train
external/maxlsb_volley-judge/pointL/32,team_to_serve_left,pmax,32,external_maxlsb,data\keypoints\team_to_serve_left\maxlsb_team_to_serve_left_32.npy,30,train
external/maxlsb_volley-judge/pointL/33,team_to_serve_left,pmax,33,external_maxlsb,data\keypoints\team_to_serve_left\maxlsb_team_to_serve_left_33.npy,30,train
external/maxlsb_volley-judge/pointL/34,team_to_serve_left,pmax,34,external_maxlsb,data\keypoints\team_to_serve_left\maxlsb_team_to_serve_left_34.npy,30,train
external/maxlsb_volley-judge/pointL/35,team_to_serve_left,pmax,35,external_maxlsb,data\keypoints\team_to_serve_left\maxlsb_team_to_serve_left_35.npy,30,train
external/maxlsb_volley-judge/pointL/36,team_to_serve_left,pmax,36,external_maxlsb,data\keypoints\team_to_serve_left\maxlsb_team_to_serve_left_36.npy,30,train
external/maxlsb_volley-judge/pointL/37,team_to_serve_left,pmax,37,external_maxlsb,data\keypoints\team_to_serve_left\maxlsb_team_to_serve_left_37.npy,30,train
external/maxlsb_volley-judge/pointL/38,team_to_serve_left,pmax,38,external_maxlsb,data\keypoints\team_to_serve_left\maxlsb_team_to_serve_left_38.npy,30,train
external/maxlsb_volley-judge/pointL/39,team_to_serve_left,pmax,39,external_maxlsb,data\keypoints\team_to_serve_left\maxlsb_team_to_serve_left_39.npy,30,train
external/maxlsb_volley-judge/pointL/40,team_to_serve_left,pmax,40,external_maxlsb,data\keypoints\team_to_serve_left\maxlsb_team_to_serve_left_40.npy,30,train
external/maxlsb_volley-judge/pointL/41,team_to_serve_left,pmax,41,external_maxlsb,data\keypoints\team_to_serve_left\maxlsb_team_to_serve_left_41.npy,30,train
external/maxlsb_volley-judge/pointL/42,team_to_serve_left,pmax,42,external_maxlsb,data\keypoints\team_to_serve_left\maxlsb_team_to_serve_left_42.npy,30,train
external/maxlsb_volley-judge/pointL/43,team_to_serve_left,pmax,43,external_maxlsb,data\keypoints\team_to_serve_left\maxlsb_team_to_serve_left_43.npy,30,train
external/maxlsb_volley-judge/pointL/44,team_to_serve_left,pmax,44,external_maxlsb,data\keypoints\team_to_serve_left\maxlsb_team_to_serve_left_44.npy,30,train
external/maxlsb_volley-judge/pointL/45,team_to_serve_left,pmax,45,external_maxlsb,data\keypoints\team_to_serve_left\maxlsb_team_to_serve_left_45.npy,30,train
external/maxlsb_volley-judge/pointL/46,team_to_serve_left,pmax,46,external_maxlsb,data\keypoints\team_to_serve_left\maxlsb_team_to_serve_left_46.npy,30,train
external/maxlsb_volley-judge/pointL/47,team_to_serve_left,pmax,47,external_maxlsb,data\keypoints\team_to_serve_left\maxlsb_team_to_serve_left_47.npy,30,train
external/maxlsb_volley-judge/pointL/48,team_to_serve_left,pmax,48,external_maxlsb,data\keypoints\team_to_serve_left\maxlsb_team_to_serve_left_48.npy,30,train
external/maxlsb_volley-judge/pointL/49,team_to_serve_left,pmax,49,external_maxlsb,data\keypoints\team_to_serve_left\maxlsb_team_to_serve_left_49.npy,30,train
external/maxlsb_volley-judge/pointL/50,team_to_serve_left,pmax,50,external_maxlsb,data\keypoints\team_to_serve_left\maxlsb_team_to_serve_left_50.npy,30,train
external/maxlsb_volley-judge/pointR/1,team_to_serve_right,pmax,1,external_maxlsb,data\keypoints\team_to_serve_right\maxlsb_team_to_serve_right_1.npy,30,train
external/maxlsb_volley-judge/pointR/2,team_to_serve_right,pmax,2,external_maxlsb,data\keypoints\team_to_serve_right\maxlsb_team_to_serve_right_2.npy,30,train
external/maxlsb_volley-judge/pointR/3,team_to_serve_right,pmax,3,external_maxlsb,data\keypoints\team_to_serve_right\maxlsb_team_to_serve_right_3.npy,30,train
external/maxlsb_volley-judge/pointR/4,team_to_serve_right,pmax,4,external_maxlsb,data\keypoints\team_to_serve_right\maxlsb_team_to_serve_right_4.npy,30,train
external/maxlsb_volley-judge/pointR/5,team_to_serve_right,pmax,5,external_maxlsb,data\keypoints\team_to_serve_right\maxlsb_team_to_serve_right_5.npy,30,train
external/maxlsb_volley-judge/pointR/6,team_to_serve_right,pmax,6,external_maxlsb,data\keypoints\team_to_serve_right\maxlsb_team_to_serve_right_6.npy,30,train
external/maxlsb_volley-judge/pointR/7,team_to_serve_right,pmax,7,external_maxlsb,data\keypoints\team_to_serve_right\maxlsb_team_to_serve_right_7.npy,30,train
external/maxlsb_volley-judge/pointR/8,team_to_serve_right,pmax,8,external_maxlsb,data\keypoints\team_to_serve_right\maxlsb_team_to_serve_right_8.npy,30,train
external/maxlsb_volley-judge/pointR/9,team_to_serve_right,pmax,9,external_maxlsb,data\keypoints\team_to_serve_right\maxlsb_team_to_serve_right_9.npy,30,train
external/maxlsb_volley-judge/pointR/10,team_to_serve_right,pmax,10,external_maxlsb,data\keypoints\team_to_serve_right\maxlsb_team_to_serve_right_10.npy,30,train
external/maxlsb_volley-judge/pointR/11,team_to_serve_right,pmax,11,external_maxlsb,data\keypoints\team_to_serve_right\maxlsb_team_to_serve_right_11.npy,30,train
external/maxlsb_volley-judge/pointR/12,team_to_serve_right,pmax,12,external_maxlsb,data\keypoints\team_to_serve_right\maxlsb_team_to_serve_right_12.npy,30,train
external/maxlsb_volley-judge/pointR/13,team_to_serve_right,pmax,13,external_maxlsb,data\keypoints\team_to_serve_right\maxlsb_team_to_serve_right_13.npy,30,train
external/maxlsb_volley-judge/pointR/14,team_to_serve_right,pmax,14,external_maxlsb,data\keypoints\team_to_serve_right\maxlsb_team_to_serve_right_14.npy,30,train
external/maxlsb_volley-judge/pointR/15,team_to_serve_right,pmax,15,external_maxlsb,data\keypoints\team_to_serve_right\maxlsb_team_to_serve_right_15.npy,30,train
external/maxlsb_volley-judge/pointR/16,team_to_serve_right,pmax,16,external_maxlsb,data\keypoints\team_to_serve_right\maxlsb_team_to_serve_right_16.npy,30,train
external/maxlsb_volley-judge/pointR/17,team_to_serve_right,pmax,17,external_maxlsb,data\keypoints\team_to_serve_right\maxlsb_team_to_serve_right_17.npy,30,train
external/maxlsb_volley-judge/pointR/18,team_to_serve_right,pmax,18,external_maxlsb,data\keypoints\team_to_serve_right\maxlsb_team_to_serve_right_18.npy,30,train
external/maxlsb_volley-judge/pointR/19,team_to_serve_right,pmax,19,external_maxlsb,data\keypoints\team_to_serve_right\maxlsb_team_to_serve_right_19.npy,30,train
external/maxlsb_volley-judge/pointR/20,team_to_serve_right,pmax,20,external_maxlsb,data\keypoints\team_to_serve_right\maxlsb_team_to_serve_right_20.npy,30,train
external/maxlsb_volley-judge/pointR/21,team_to_serve_right,pmax,21,external_maxlsb,data\keypoints\team_to_serve_right\maxlsb_team_to_serve_right_21.npy,30,train
external/maxlsb_volley-judge/pointR/22,team_to_serve_right,pmax,22,external_maxlsb,data\keypoints\team_to_serve_right\maxlsb_team_to_serve_right_22.npy,30,train
external/maxlsb_volley-judge/pointR/23,team_to_serve_right,pmax,23,external_maxlsb,data\keypoints\team_to_serve_right\maxlsb_team_to_serve_right_23.npy,30,train
external/maxlsb_volley-judge/pointR/24,team_to_serve_right,pmax,24,external_maxlsb,data\keypoints\team_to_serve_right\maxlsb_team_to_serve_right_24.npy,30,train
external/maxlsb_volley-judge/pointR/25,team_to_serve_right,pmax,25,external_maxlsb,data\keypoints\team_to_serve_right\maxlsb_team_to_serve_right_25.npy,30,train
external/maxlsb_volley-judge/pointR/26,team_to_serve_right,pmax,26,external_maxlsb,data\keypoints\team_to_serve_right\maxlsb_team_to_serve_right_26.npy,30,train
external/maxlsb_volley-judge/pointR/27,team_to_serve_right,pmax,27,external_maxlsb,data\keypoints\team_to_serve_right\maxlsb_team_to_serve_right_27.npy,30,train
external/maxlsb_volley-judge/pointR/28,team_to_serve_right,pmax,28,external_maxlsb,data\keypoints\team_to_serve_right\maxlsb_team_to_serve_right_28.npy,30,train
external/maxlsb_volley-judge/pointR/29,team_to_serve_right,pmax,29,external_maxlsb,data\keypoints\team_to_serve_right\maxlsb_team_to_serve_right_29.npy,30,train
external/maxlsb_volley-judge/pointR/30,team_to_serve_right,pmax,30,external_maxlsb,data\keypoints\team_to_serve_right\maxlsb_team_to_serve_right_30.npy,30,train
external/maxlsb_volley-judge/pointR/31,team_to_serve_right,pmax,31,external_maxlsb,data\keypoints\team_to_serve_right\maxlsb_team_to_serve_right_31.npy,30,train
external/maxlsb_volley-judge/pointR/32,team_to_serve_right,pmax,32,external_maxlsb,data\keypoints\team_to_serve_right\maxlsb_team_to_serve_right_32.npy,30,train
external/maxlsb_volley-judge/pointR/33,team_to_serve_right,pmax,33,external_maxlsb,data\keypoints\team_to_serve_right\maxlsb_team_to_serve_right_33.npy,30,train
external/maxlsb_volley-judge/pointR/34,team_to_serve_right,pmax,34,external_maxlsb,data\keypoints\team_to_serve_right\maxlsb_team_to_serve_right_34.npy,30,train
external/maxlsb_volley-judge/pointR/35,team_to_serve_right,pmax,35,external_maxlsb,data\keypoints\team_to_serve_right\maxlsb_team_to_serve_right_35.npy,30,train
external/maxlsb_volley-judge/pointR/36,team_to_serve_right,pmax,36,external_maxlsb,data\keypoints\team_to_serve_right\maxlsb_team_to_serve_right_36.npy,30,train
external/maxlsb_volley-judge/pointR/37,team_to_serve_right,pmax,37,external_maxlsb,data\keypoints\team_to_serve_right\maxlsb_team_to_serve_right_37.npy,30,train
external/maxlsb_volley-judge/pointR/38,team_to_serve_right,pmax,38,external_maxlsb,data\keypoints\team_to_serve_right\maxlsb_team_to_serve_right_38.npy,30,train
external/maxlsb_volley-judge/pointR/39,team_to_serve_right,pmax,39,external_maxlsb,data\keypoints\team_to_serve_right\maxlsb_team_to_serve_right_39.npy,30,train
external/maxlsb_volley-judge/pointR/40,team_to_serve_right,pmax,40,external_maxlsb,data\keypoints\team_to_serve_right\maxlsb_team_to_serve_right_40.npy,30,train
external/maxlsb_volley-judge/pointR/41,team_to_serve_right,pmax,41,external_maxlsb,data\keypoints\team_to_serve_right\maxlsb_team_to_serve_right_41.npy,30,train
external/maxlsb_volley-judge/pointR/42,team_to_serve_right,pmax,42,external_maxlsb,data\keypoints\team_to_serve_right\maxlsb_team_to_serve_right_42.npy,30,train
external/maxlsb_volley-judge/pointR/43,team_to_serve_right,pmax,43,external_maxlsb,data\keypoints\team_to_serve_right\maxlsb_team_to_serve_right_43.npy,30,train
external/maxlsb_volley-judge/pointR/44,team_to_serve_right,pmax,44,external_maxlsb,data\keypoints\team_to_serve_right\maxlsb_team_to_serve_right_44.npy,30,train
external/maxlsb_volley-judge/pointR/45,team_to_serve_right,pmax,45,external_maxlsb,data\keypoints\team_to_serve_right\maxlsb_team_to_serve_right_45.npy,30,train
external/maxlsb_volley-judge/pointR/46,team_to_serve_right,pmax,46,external_maxlsb,data\keypoints\team_to_serve_right\maxlsb_team_to_serve_right_46.npy,30,train
external/maxlsb_volley-judge/pointR/47,team_to_serve_right,pmax,47,external_maxlsb,data\keypoints\team_to_serve_right\maxlsb_team_to_serve_right_47.npy,30,train
external/maxlsb_volley-judge/pointR/48,team_to_serve_right,pmax,48,external_maxlsb,data\keypoints\team_to_serve_right\maxlsb_team_to_serve_right_48.npy,30,train
external/maxlsb_volley-judge/pointR/49,team_to_serve_right,pmax,49,external_maxlsb,data\keypoints\team_to_serve_right\maxlsb_team_to_serve_right_49.npy,30,train
external/maxlsb_volley-judge/pointR/50,team_to_serve_right,pmax,50,external_maxlsb,data\keypoints\team_to_serve_right\maxlsb_team_to_serve_right_50.npy,30,train
